name,survey,n_star,n_gas,pa_star,e_pa_star,pa_gas,e_pa_gas,dpa
UGC00029,CALIFA,383,1,79.0,10.0,,,
UGC00036,CALIFA,640,472,349.0,1.5,342.0,0.5,7.0
IC5376,CALIFA,827,854,172.0,2.0,176.0,0.5,4.0
NGC7824,CALIFA,1327,445,73.0,1.0,31.0,0.5,42.0
UGC00005,CALIFA,1510,1239,308.0,0.5,309.0,0.5,1.0
NGC0023,CALIFA,848,1700,185.0,2.5,188.0,0.5,3.0
NGC7819,CALIFA,1563,1530,266.0,2.5,272.0,1.0,6.0
NGC0001,CALIFA,1518,2111,245.0,2.0,244.0,0.5,1.0
IC1528,CALIFA,2121,1508,283.0,1.5,283.0,2.5,0.0
MCG-02-02-030,CALIFA,1673,954,186.0,1.0,145.0,0.5,41.0
NGC0155,CALIFA,1403,15,353.0,12.499999999999996,,,
UGC00312,CALIFA,435,2296,313.0,56.0,0.0,89.5,47.0
NGC0036,CALIFA,1537,1874,170.0,0.5,165.0,0.5,5.0
MCG-02-02-040,CALIFA,1003,1080,310.0,2.0,296.0,1.0,14.0
NGC0217,CALIFA,1300,21,56.0,1.5,,,
NGC0180,CALIFA,398,2252,151.0,4.5,353.0,53.5,158.0
NGC0364,CALIFA,1218,8,149.0,1.0,,,
NGC0429,CALIFA,616,18,339.0,1.0,,,
NGC0192,CALIFA,1886,793,1.0,0.9999999999999978,17.0,1.0,16.0
NGC0216,CALIFA,1428,1286,326.0,5.0,324.0,0.5,2.0
IC1652,CALIFA,678,11,188.0,2.0,,,
UGC00809,CALIFA,410,565,104.0,3.0,236.0,7.0,132.0
NGC0447,CALIFA,966,530,314.0,5.0,332.0,0.5,18.0
UGC00841,CALIFA,644,569,133.0,2.5,126.0,1.0,7.0
NGC0214,CALIFA,1481,1858,302.0,0.5,305.0,1.0,3.0
NGC0444,CALIFA,908,949,32.0,4.5,344.0,2.0,48.0
NGC0237,CALIFA,1944,1906,173.0,1.5,181.0,0.5,8.0
NGC0504,CALIFA,815,6,321.0,1.5,,,
IC1683,CALIFA,1075,365,165.0,1.5,149.0,1.5,16.0
NGC0499,CALIFA,1725,27,76.0,17.5,,,
NGC0257,CALIFA,2705,2135,95.0,0.5,92.0,0.5,3.0
NGC0517,CALIFA,1332,0,159.0,1.5,,,
NGC0528,CALIFA,1144,36,122.0,0.5,,,
UGC01271,CALIFA,761,11,74.0,0.5,,,
NGC0529,CALIFA,1587,2,33.0,2.0,,,
NGC0477,CALIFA,2154,1847,48.0,1.0,71.0,0.5,23.0
UGC00987,CALIFA,1091,1136,149.0,1.0,150.0,0.5,1.0
NGC0496,CALIFA,1717,1668,145.0,1.0,151.0,0.5,6.0
UGC01057,CALIFA,720,1094,208.0,3.0,208.0,0.5,0.0
IC1755,CALIFA,668,247,22.0,0.5,13.0,0.5,9.0
NGC0774,CALIFA,1459,203,194.0,1.0,192.0,1.5,2.0
NGC0741,CALIFA,2174,3,94.0,19.0,,,
NGC0681,CALIFA,1368,1623,115.0,2.5,119.0,0.5,4.0
NGC0825,CALIFA,1222,467,310.0,1.0,275.0,3.0,35.0
NGC0551,CALIFA,1964,1520,227.0,0.5,228.0,0.5,1.0
NGC0755,CALIFA,2002,630,108.0,3.5,114.0,16.5,6.0
UGC02222,CALIFA,694,8,257.0,1.0,,,
NGC1060,CALIFA,1525,17,8.0,71.5,,,
NGC0932,CALIFA,2012,573,91.0,2.5,91.0,4.5,0.0
NGC1542,CALIFA,654,230,47.0,3.0,43.0,0.5,4.0
UGC02403,CALIFA,784,730,25.0,2.5,30.0,1.0,5.0
UGC03151,CALIFA,794,208,248.0,1.0,227.0,14.0,21.0
NGC1056,CALIFA,1963,1435,199.0,4.0,201.0,0.5,2.0
NGC1167,CALIFA,2122,141,110.0,1.5,279.0,0.5,169.0
NGC1677,CALIFA,867,381,215.0,8.5,207.0,8.0,8.0
NGC1645,CALIFA,1529,654,89.0,1.0,92.0,2.5,3.0
IC2101,CALIFA,799,843,214.0,3.0,145.0,0.5,69.0
NGC1093,CALIFA,1599,1365,80.0,0.5,83.0,0.5,3.0
UGC03539,CALIFA,642,678,244.0,11.5,222.0,0.5,22.0
UGC03899,CALIFA,507,678,112.0,6.5,139.0,1.0,27.0
NGC2449,CALIFA,1051,444,229.0,0.5,216.0,0.5,13.0
NGC2410,CALIFA,1248,1040,324.0,0.5,326.0,0.5,2.0
UGC04029,CALIFA,837,775,131.0,4.0,114.0,0.5,17.0
IC0480,CALIFA,792,685,8.0,12.5,11.0,0.5,3.0
NGC2476,CALIFA,817,29,24.0,7.5,,,
UGC03995,CALIFA,1321,1088,94.0,0.5,107.0,0.5,13.0
UGC03944,CALIFA,1167,1463,237.0,2.0,235.0,1.5,2.0
NGC2480,CALIFA,610,364,198.0,30.5,244.0,1.5,46.0
NGC2347,CALIFA,2015,2347,351.0,0.5,349.0,0.5,2.0
NGC2481,CALIFA,1600,11,341.0,1.5,,,
UGC04197,CALIFA,934,412,242.0,0.5,234.0,0.5,8.0
NGC2253,CALIFA,2940,2628,248.0,1.0,244.0,0.5,4.0
NGC2513,CALIFA,2033,4,18.0,5.0,,,
UGC04132,CALIFA,1287,1111,328.0,0.5,321.0,0.5,7.0
IC2247,CALIFA,748,506,208.0,2.5,154.0,0.5,54.0
NGC2553,CALIFA,703,12,296.0,1.0,,,
UGC04280,CALIFA,981,725,352.0,1.0,356.0,2.0,4.0
NGC2540,CALIFA,1516,1162,231.0,0.5,232.0,0.5,1.0
NGC2487,CALIFA,2479,1306,66.0,1.0,65.0,2.0,1.0
NGC2592,CALIFA,1963,19,302.0,0.5,,,
UGC04308,CALIFA,45,2684,,,173.0,57.50000000000001,
UGC04722,CALIFA,828,785,347.0,6.5,328.0,1.0,19.0
IC0540,CALIFA,549,199,182.0,2.5000000000000053,128.0,2.5,54.0
UGC05108,CALIFA,534,421,36.0,0.5,49.0,0.5,13.0
NGC2880,CALIFA,2332,0,217.0,1.0,,,
UGC05113,CALIFA,364,0,319.0,3.5,,,
IC2487,CALIFA,1426,1191,17.0,1.0,15.0,0.5,2.0
NGC2639,CALIFA,2296,1217,225.0,0.5,226.0,0.5,1.0
NGC2918,CALIFA,1630,13,116.0,1.0,,,
UGC05498NED01,CALIFA,498,274,117.0,5.5,135.0,0.5,18.0
NGC3160,CALIFA,753,47,224.0,1.5,,,
UGC05598,CALIFA,549,604,318.0,5.5,317.0,1.0,1.0
NGC2906,CALIFA,1648,1683,275.0,1.5,273.0,0.5,2.0
NGC3158,CALIFA,1765,24,33.0,2.0,,,
NGC2730,CALIFA,2399,2436,278.0,1.5,278.0,1.0,0.0
NGC3303,CALIFA,657,333,172.0,6.0,24.0,1.5,148.0
NGC3300,CALIFA,1623,2,190.0,1.0,,,
UGC05990,CALIFA,722,184,341.0,6.5,122.0,6.5,141.0
UGC05771,CALIFA,984,130,307.0,1.5,301.0,2.5,6.0
NGC3615,CALIFA,671,8,317.0,4.0,,,
NGC2916,CALIFA,2410,2146,343.0,0.5,347.0,0.5,4.0
UGC06036,CALIFA,828,289,82.0,0.5,32.0,4.0,50.0
UGC06312,CALIFA,941,272,319.0,3.0,339.0,1.5,20.0
NGC3057,CALIFA,1721,2284,177.0,8.500000000000002,175.0,8.5,2.0
NGC4003,CALIFA,749,174,1.0,1.4999999999999993,11.0,4.5,10.0
NGC4149,CALIFA,706,313,108.0,0.5,96.0,0.5,12.0
UGC07145,CALIFA,897,941,210.0,1.5,205.0,0.5,5.0
NGC3994,CALIFA,1010,1603,351.0,1.0,350.0,0.5,1.0
UGC07012,CALIFA,1115,1790,3.0,3.0,352.0,1.5,11.0
NGC4676A,CALIFA,150,538,162.0,75.0,173.0,64.5,11.0
NGC4644,CALIFA,876,536,124.0,2.0,128.0,0.5,4.0
NGC3687,CALIFA,2197,2327,217.0,1.5,217.0,1.0,0.0
NGC3811,CALIFA,2394,1976,185.0,1.0,184.0,0.5,1.0
NGC4047,CALIFA,1445,2528,79.0,1.5,76.0,0.5,3.0
UGC08234,CALIFA,1030,9,39.0,0.5,,,
NGC4185,CALIFA,1837,2397,191.0,1.0,195.0,0.5,4.0
NGC4470,CALIFA,2103,1881,188.0,3.0,190.0,1.5,2.0
NGC5000,CALIFA,1480,703,154.0,3.0,156.0,4.0,2.0
NGC5029,CALIFA,1696,0,198.0,19.0,,,
UGC08231,CALIFA,1358,1657,266.0,4.5,288.0,1.5,22.0
NGC4210,CALIFA,2864,2362,266.0,1.0,264.0,1.5,2.0
NGC5216,CALIFA,1409,135,75.0,7.0,139.0,3.5,64.0
NGC4961,CALIFA,2117,2019,80.0,1.5,75.0,2.0,5.0
UGC08778,CALIFA,752,237,65.0,3.0,81.0,6.0,16.0
NGC5016,CALIFA,2797,1175,119.0,1.0,117.0,1.5,2.0
IC0944,CALIFA,1057,484,81.0,1.0,96.0,0.5,15.0
NGC5205,CALIFA,2352,1436,19.0,1.5,23.0,1.0,4.0
NGC5218,CALIFA,1950,890,303.0,1.5,298.0,0.5,5.0
UGC08781,CALIFA,1032,854,193.0,0.5,196.0,1.5,3.0
NGC5378,CALIFA,1892,382,275.0,1.0,279.0,1.5,4.0
UGC08733,CALIFA,2036,1530,153.0,4.5,143.0,4.5,10.0
UGC09067,CALIFA,1054,825,171.0,1.0,171.0,0.5,0.0
NGC5485,CALIFA,2852,141,108.0,2.5,62.0,12.5,46.0
NGC5614,CALIFA,1674,1349,301.0,4.5,294.0,0.5,7.0
NGC5657,CALIFA,1509,940,193.0,1.0,198.0,0.5,5.0
NGC5406,CALIFA,2972,2120,66.0,0.5,68.0,0.5,2.0
NGC5520,CALIFA,2197,2202,299.0,1.5,294.0,0.5,5.0
NGC5682,CALIFA,1022,1085,226.0,3.5,232.0,2.5,6.0
NGC5480,CALIFA,2883,2522,348.0,2.0,349.0,2.0,1.0
NGC5630,CALIFA,1691,2263,102.0,6.0,86.0,2.0,16.0
NGC5633,CALIFA,2275,1947,165.0,1.0,164.0,1.0,1.0
UGC09537,CALIFA,772,439,88.0,0.5,43.0,0.5,45.0
UGC09542,CALIFA,990,857,319.0,2.0,325.0,1.0,6.0
IC1079,CALIFA,1000,1,55.0,9.0,,,
NGC5720,CALIFA,1420,1519,52.0,0.5,47.0,1.0,5.0
NGC5732,CALIFA,1083,1437,150.0,2.5,139.0,0.5,11.0
NGC5797,CALIFA,1736,8,249.0,1.0,,,
NGC5784,CALIFA,1936,357,303.0,1.5,283.0,0.5,20.0
UGC09665,CALIFA,830,859,35.0,12.0,38.0,1.0,3.0
NGC5934,CALIFA,1130,161,179.0,1.0,324.0,1.5,145.0
UGC09892,CALIFA,636,784,82.0,4.0,76.0,0.5,6.0
NGC5971,CALIFA,907,347,220.0,3.5,271.0,0.5,51.0
NGC5876,CALIFA,1523,467,126.0,0.5,130.0,1.5,4.0
UGC09476,CALIFA,2201,2083,237.0,1.5,240.0,1.5,3.0
NGC5966,CALIFA,2009,73,84.0,2.0,113.0,0.5,29.0
IC4566,CALIFA,1537,536,27.0,0.5,33.0,2.5,6.0
NGC6020,CALIFA,1363,2,12.0,12.500000000000007,,,
NGC5908,CALIFA,2005,1291,26.0,0.5,28.0,0.5,2.0
NGC6021,CALIFA,1178,43,24.0,4.0,,,
NGC5987,CALIFA,2246,212,299.0,1.0,309.0,1.5,10.0
NGC6032,CALIFA,888,356,325.0,0.5,315.0,0.5,10.0
UGC10123,CALIFA,910,838,311.0,2.0,286.0,0.5,25.0
UGC10205,CALIFA,1476,246,46.0,1.0,75.0,0.5,29.0
NGC5980,CALIFA,1737,1913,166.0,0.5,166.0,0.5,0.0
NGC6081,CALIFA,799,126,228.0,3.5,176.0,0.5,52.0
NGC6060,CALIFA,1781,953,79.0,0.5,80.0,1.0,1.0
UGC10297,CALIFA,669,712,324.0,14.5,350.0,17.500000000000004,26.0
IC1199,CALIFA,922,1005,212.0,1.5,202.0,0.5,10.0
IC1151,CALIFA,1955,2072,334.0,3.5,338.0,3.0,4.0
UGC10337,CALIFA,676,651,117.0,4.0,115.0,1.5,2.0
UGC10380,CALIFA,522,222,268.0,4.0,248.0,1.0,20.0
NGC6004,CALIFA,2763,2675,271.0,1.0,265.0,0.5,6.0
NGC6150,CALIFA,1148,1,114.0,1.0,,,
NGC6063,CALIFA,1963,2048,204.0,1.5,207.0,1.0,3.0
UGC10331,CALIFA,952,1510,15.0,10.0,28.0,0.5,13.0
NGC6132,CALIFA,888,966,53.0,2.0,55.0,0.5,2.0
UGC10388,CALIFA,867,110,232.0,1.0,187.0,0.5,45.0
UGC10384,CALIFA,711,1191,260.0,4.5,259.0,0.5,1.0
UGC10710,CALIFA,803,0,211.0,1.5,,,
UGC10650,CALIFA,643,806,32.0,4.0,0.0,1.999999999999998,32.0
UGC10695,CALIFA,1080,128,191.0,18.0,154.0,3.5,37.0
NGC6168,CALIFA,962,1034,46.0,5.0,68.0,2.0,22.0
UGC10693,CALIFA,1369,5,63.0,6.5,,,
NGC6278,CALIFA,1786,23,54.0,0.5,,,
NGC6186,CALIFA,1679,1093,124.0,2.5,143.0,0.5,19.0
NGC6394,CALIFA,701,414,316.0,2.0,309.0,1.5,7.0
NGC6310,CALIFA,1158,681,111.0,1.0,76.0,2.0,35.0
UGC10796,CALIFA,828,593,31.0,25.5,39.0,1.0,8.0
NGC6314,CALIFA,1455,127,183.0,2.0,182.0,0.5,1.0
NGC6427,CALIFA,1217,14,145.0,0.5,,,
NGC6301,CALIFA,1777,982,250.0,1.0,241.0,0.5,9.0
NGC6411,CALIFA,2187,3,148.0,7.5,,,
IC1256,CALIFA,1026,1860,93.0,1.0,93.0,1.5,0.0
UGC10972,CALIFA,968,833,307.0,1.0,307.0,0.5,0.0
NGC6515,CALIFA,1656,9,139.0,7.0,,,
NGC6762,CALIFA,787,81,58.0,2.0,39.0,4.0,19.0
UGC11228,CALIFA,1110,42,183.0,1.0,,,
NGC6497,CALIFA,1479,1175,247.0,0.5,244.0,1.0,3.0
UGC11680NED01,CALIFA,1064,357,297.0,0.5,295.0,0.5,2.0
NGC6478,CALIFA,1956,1544,144.0,0.5,146.0,0.5,2.0
NGC6945,CALIFA,1862,14,234.0,0.5,,,
MCG-02-51-004,CALIFA,1195,1222,15.0,0.5,20.0,0.5,5.0
NGC6978,CALIFA,1215,689,231.0,0.5,234.0,0.5,3.0
UGC11649,CALIFA,1565,738,112.0,0.5,111.0,3.0,1.0
NGC7025,CALIFA,1638,210,324.0,1.0,14.0,0.5,50.0
NGC7194,CALIFA,1067,15,152.0,2.5,,,
MCG-01-54-016,CALIFA,614,696,339.0,41.5,17.0,4.5,38.0
NGC6941,CALIFA,1631,1848,231.0,1.0,231.0,0.5,0.0
UGC12054,CALIFA,643,710,318.0,26.0,265.0,4.0,53.0
NGC7047,CALIFA,1303,1035,257.0,1.0,255.0,1.0,2.0
UGC12274,CALIFA,772,39,40.0,0.5,,,
NGC7436B,CALIFA,1161,5,168.0,5.5,,,
UGC12185,CALIFA,1037,685,24.0,1.0,16.0,1.0,8.0
VV488NED02,CALIFA,555,1239,307.0,0.5,62.0,0.5,115.0
NGC7311,CALIFA,1453,1597,168.0,0.5,168.0,0.5,0.0
NGC7364,CALIFA,1524,1490,295.0,0.5,290.0,0.5,5.0
UGC12308,CALIFA,886,1224,44.0,3.5,59.0,0.5,15.0
NGC7321,CALIFA,1574,2058,349.0,1.0,348.0,0.5,1.0
NGC7466,CALIFA,1007,1000,330.0,3.0,335.0,0.5,5.0
NGC7563,CALIFA,1680,0,27.0,1.0,,,
NGC7611,CALIFA,290,12,222.0,1.5,,,
NGC7549,CALIFA,1274,1073,184.0,1.5,183.0,0.5,1.0
UGC12494,CALIFA,689,625,319.0,8.0,325.0,1.0,6.0
IC5309,CALIFA,368,954,0.0,0.5,220.0,46.5,140.0
UGC12518,CALIFA,380,21,322.0,0.5,,,
NGC7608,CALIFA,861,628,344.0,4.0,339.0,0.5,5.0
NGC7562,CALIFA,2545,13,89.0,2.5,,,
NGC7489,CALIFA,1499,2154,196.0,1.0,190.0,0.5,6.0
UGC12519,CALIFA,741,1223,180.0,4.999999999999997,204.0,1.0,24.0
NGC7623,CALIFA,1614,1,352.0,1.0,,,
NGC7591,CALIFA,1718,1586,211.0,0.5,216.0,0.5,5.0
NGC7671,CALIFA,1233,34,43.0,1.0,,,
UGC12723,CALIFA,413,90,119.0,3.0,0.0,2.000000000000006,119.0
NGC7619,CALIFA,2711,16,145.0,4.5,,,
NGC7684,CALIFA,1237,33,340.0,0.5,,,
NGC7683,CALIFA,1603,30,42.0,0.5,,,
NGC7631,CALIFA,1547,1444,284.0,1.5,285.0,1.0,1.0
NGC7738,CALIFA,898,628,282.0,3.0,271.0,0.5,11.0
NGC7783NED01,CALIFA,941,7,79.0,1.0,,,
NGC7787,CALIFA,767,348,89.0,2.5,110.0,0.5,21.0
NGC7625,CALIFA,2438,1787,142.0,2.5,139.0,0.5,3.0
UGC12816,CALIFA,1411,980,28.0,2.5,32.0,2.0,4.0
UGC12810,CALIFA,1527,1108,308.0,0.5,306.0,1.0,2.0
NGC7653,CALIFA,2449,2737,194.0,1.0,194.0,1.0,0.0
16392,SAMI,25,0,,,,,
220375,SAMI,43,0,,,,,
UGC12857,CALIFA,960,686,314.0,7.5,344.0,0.5,30.0
NGC4676B,CALIFA,804,498,7.0,5.0,355.0,0.5,12.0
574193,SAMI,1,127,,,148.0,8.0,
381225,SAMI,83,143,161.0,11.5,162.0,3.5,1.0
535007,SAMI,8,32,,,,,
585659,SAMI,54,134,11.0,45.000000000000014,349.0,4.0,22.0
575625,SAMI,37,88,,,96.0,2.0,
508480,SAMI,56,42,217.0,13.5,,,
144690,SAMI,34,33,,,,,
65359,SAMI,58,145,43.0,23.0,27.0,4.0,16.0
319381,SAMI,179,179,60.0,3.5,60.0,2.5,0.0
346257,SAMI,17,122,,,358.0,10.000000000000002,
288891,SAMI,7,11,,,,,
16948,SAMI,48,184,,,156.0,5.0,
517868,SAMI,92,178,261.0,89.5,290.0,14.5,29.0
388390,SAMI,32,72,,,112.0,6.5,
71382,SAMI,68,147,359.0,40.500000000000014,347.0,6.0,12.0
71269,SAMI,37,117,,,32.0,6.0,
560946,SAMI,26,125,,,274.0,6.5,
37064,SAMI,156,165,234.0,4.0,234.0,0.5,0.0
107799,SAMI,40,124,,,104.0,4.0,
30472,SAMI,5,62,,,244.0,13.0,
383033,SAMI,6,93,,,219.0,11.0,
543763,SAMI,21,104,,,102.0,8.0,
UGC12864,CALIFA,1217,1228,91.0,2.5,83.0,0.5,8.0
386286,SAMI,71,160,117.0,89.5,109.0,30.5,8.0
54957,SAMI,46,38,,,,,
592542,SAMI,17,80,,,102.0,20.5,
460424,SAMI,19,50,,,353.0,89.5,
559477,SAMI,2,168,248.0,7.0,,,
610997,SAMI,127,174,55.0,4.0,60.0,13.0,5.0
69653,SAMI,59,148,214.0,7.5,198.0,42.5,16.0
550431,SAMI,12,40,,,,,
371037,SAMI,59,31,,,170.0,89.5,
543752,SAMI,32,157,46.0,44.5,,,
230714,SAMI,156,175,39.0,2.5,40.0,7.0,1.0
585755,SAMI,53,139,268.0,2.5,270.0,26.5,2.0
30784,SAMI,0,46,,,,,
396607,SAMI,118,146,267.0,2.0,263.0,4.5,4.0
106065,SAMI,13,87,228.0,14.5,,,
210781,SAMI,111,158,269.0,2.5,271.0,10.5,2.0
49204,SAMI,25,158,262.0,89.5,,,
99393,SAMI,157,161,26.0,3.5,20.0,3.5,6.0
417392,SAMI,41,115,18.0,4.0,,,
79710,SAMI,6,82,259.0,15.5,,,
47258,SAMI,62,31,,,74.0,8.5,
289427,SAMI,1,33,,,,,
252074,SAMI,1,110,26.0,28.0,,,
561891,SAMI,42,121,71.0,4.5,,,
136917,SAMI,48,97,339.0,17.0,,,
NGC7716,CALIFA,2985,2421,133.0,2.0,135.0,1.0,2.0
289194,SAMI,16,0,,,,,
463643,SAMI,34,168,331.0,3.0,,,
372105,SAMI,61,87,14.0,2.5,18.0,8.5,4.0
71146,SAMI,72,176,129.0,89.5,116.0,5.0,13.0
570119,SAMI,66,179,109.0,89.5,114.0,5.5,5.0
319150,SAMI,14,118,,,269.0,89.5,
386722,SAMI,49,84,,,330.0,3.5,
346894,SAMI,43,0,,,,,
396615,SAMI,98,2,345.0,5.0,,,
610474,SAMI,82,146,339.0,14.5,336.0,4.5,3.0
240227,SAMI,185,191,9.0,5.5,12.0,3.0,3.0
214184,SAMI,122,152,273.0,5.5,267.0,1.5,6.0
508568,SAMI,51,57,53.0,9.0,69.0,0.5,16.0
92592,SAMI,90,9,279.0,19.0,,,
209807,SAMI,144,180,187.0,6.0,193.0,1.5,6.0
518782,SAMI,184,179,96.0,7.5,105.0,3.5,9.0
347432,SAMI,130,0,214.0,2.0,,,
618993,SAMI,149,182,343.0,4.0,297.0,0.5,46.0
622434,SAMI,166,160,181.0,2.499999999999999,179.0,1.4999999999999978,2.0
492690,SAMI,121,2,146.0,12.0,,,
210611,SAMI,63,62,93.0,20.5,277.0,8.5,176.0
136841,SAMI,161,0,256.0,3.0,,,
178190,SAMI,163,3,95.0,4.0,,,
345820,SAMI,60,17,344.0,9.0,,,
545903,SAMI,142,41,85.0,3.0,,,
238922,SAMI,185,80,229.0,2.0,125.0,4.5,104.0
561020,SAMI,177,191,181.0,3.000000000000008,187.0,1.0,6.0
7946,SAMI,75,85,301.0,3.5,297.0,1.0,4.0
8487,SAMI,164,154,91.0,10.5,346.0,1.0,105.0
185863,SAMI,25,51,,,331.0,63.5,
345758,SAMI,70,1,193.0,74.5,,,
290323,SAMI,60,6,217.0,44.50000000000001,,,
272833,SAMI,62,18,332.0,30.499999999999993,,,
373163,SAMI,41,0,,,,,
NGC7800,CALIFA,2170,2032,20.0,2.0,334.0,2.0,46.0
383147,SAMI,66,2,353.0,21.999999999999996,,,
497035,SAMI,125,106,328.0,0.5,330.0,0.5,2.0
63997,SAMI,115,165,123.0,5.0,123.0,1.0,0.0
39742,SAMI,2,25,,,,,
297053,SAMI,90,0,257.0,4.5,,,
319400,SAMI,84,127,189.0,4.0,188.0,1.5,1.0
22175,SAMI,18,103,,,182.0,13.5,
570206,SAMI,102,141,353.0,4.499999999999998,79.0,1.5,86.0
16026,SAMI,56,120,14.0,8.5,16.0,2.5,2.0
23075,SAMI,89,92,197.0,4.0,194.0,4.5,3.0
227036,SAMI,111,167,335.0,13.0,338.0,3.5,3.0
16310,SAMI,0,34,,,,,
491960,SAMI,163,175,115.0,6.0,117.0,1.5,2.0
610893,SAMI,41,131,,,84.0,10.0,
585359,SAMI,138,185,185.0,5.500000000000004,185.0,1.0,0.0
238131,SAMI,53,117,60.0,89.5,348.0,8.0,72.0
16926,SAMI,68,54,333.0,5.0,331.0,1.0,2.0
622744,SAMI,133,173,131.0,43.0,134.0,7.0,3.0
176955,SAMI,185,205,291.0,2.5,290.0,1.5,1.0
567678,SAMI,27,83,,,299.0,5.0,
23519,SAMI,1,17,,,,,
463288,SAMI,165,165,100.0,16.0,99.0,6.0,1.0
288851,SAMI,100,120,195.0,3.5,195.0,0.5,0.0
17314,SAMI,163,167,252.0,3.5,254.0,2.0,2.0
491508,SAMI,92,126,179.0,5.000000000000008,178.0,1.5,1.0
298666,SAMI,156,169,176.0,5.500000000000005,177.0,2.5000000000000036,1.0
186380,SAMI,55,100,131.0,89.5,289.0,31.0,158.0
230793,SAMI,103,1,65.0,18.0,,,
NGC5947,CALIFA,1585,2404,293.0,1.0,288.0,1.0,5.0
376587,SAMI,34,46,,,,,
574029,SAMI,63,185,113.0,13.0,117.0,1.5,4.0
92818,SAMI,40,170,,,190.0,89.5,
177143,SAMI,88,110,332.0,5.5,332.0,1.5,0.0
380697,SAMI,62,20,183.0,7.500000000000004,,,
145073,SAMI,33,33,,,,,
47224,SAMI,24,74,,,86.0,7.0,
220450,SAMI,5,72,,,339.0,24.000000000000007,
143918,SAMI,86,73,279.0,4.5,274.0,3.0,5.0
178197,SAMI,160,174,178.0,11.000000000000007,181.0,1.9999999999999993,3.0
69740,SAMI,168,180,327.0,8.0,8.0,6.5,41.0
136894,SAMI,0,157,,,344.0,32.0,
16429,SAMI,41,0,,,,,
239490,SAMI,46,152,,,18.0,9.0,
229097,SAMI,41,181,3.0,4.9999999999999964,,,
78791,SAMI,45,82,106.0,14.5,,,
288999,SAMI,41,0,,,,,
55367,SAMI,5,130,252.0,19.5,,,
618116,SAMI,158,175,84.0,1.5,86.0,6.0,2.0
296742,SAMI,97,172,264.0,13.5,240.0,89.5,24.0
8319,SAMI,1,111,73.0,89.5,,,
63855,SAMI,75,181,241.0,89.5,170.0,89.5,71.0
204799,SAMI,172,166,123.0,2.0,130.0,4.0,7.0
238094,SAMI,82,172,213.0,6.0,197.0,44.00000000000001,16.0
509727,SAMI,13,114,129.0,6.0,,,
550677,SAMI,40,145,131.0,6.0,,,
203684,SAMI,25,139,339.0,3.5,,,
610700,SAMI,23,131,191.0,9.5,,,
47493,SAMI,86,163,94.0,9.5,138.0,16.5,44.0
185282,SAMI,99,175,160.0,2.5,157.0,6.0,3.0
517205,SAMI,95,0,,,295.0,89.5,
370997,SAMI,126,147,193.0,1.5,192.0,2.5,1.0
47674,SAMI,155,1,,,210.0,1.5,
216143,SAMI,10,68,344.0,13.5,,,
230421,SAMI,92,139,89.0,1.0,271.0,10.0,178.0
375376,SAMI,61,135,328.0,8.0,319.0,36.0,9.0
289096,SAMI,185,117,344.0,0.5,348.0,1.0,4.0
348118,SAMI,127,139,156.0,0.5,159.0,2.5,3.0
136856,SAMI,22,16,,,,,
381157,SAMI,39,2,,,,,
278760,SAMI,84,123,80.0,15.0,82.0,3.0,2.0
487010,SAMI,16,76,,,245.0,16.5,
204096,SAMI,125,172,84.0,7.5,82.0,3.0,2.0
64087,SAMI,63,87,160.0,8.0,159.0,3.0,1.0
618937,SAMI,61,0,310.0,14.0,,,
320281,SAMI,105,142,91.0,9.0,93.0,3.5,2.0
31623,SAMI,93,1,185.0,18.0,,,
600973,SAMI,61,4,55.0,42.5,,,
318936,SAMI,89,195,138.0,30.0,149.0,6.0,11.0
85418,SAMI,26,28,,,,,
521991,SAMI,84,134,323.0,10.0,325.0,1.5,2.0
534759,SAMI,26,115,,,9.0,24.500000000000007,
137838,SAMI,178,0,154.0,3.5,,,
203833,SAMI,137,1,2.0,18.5,,,
186833,SAMI,21,127,,,261.0,9.5,
144682,SAMI,38,128,,,105.0,15.0,
521794,SAMI,25,15,,,,,
377666,SAMI,102,11,193.0,2.5,,,
619989,SAMI,71,111,16.0,17.499999999999996,17.0,3.5,1.0
378060,SAMI,21,149,,,185.0,14.500000000000005,
298862,SAMI,73,170,177.0,11.500000000000007,177.0,2.0,0.0
203114,SAMI,120,44,60.0,4.0,,,
388552,SAMI,79,37,1.0,4.500000000000002,,,
386285,SAMI,40,78,,,156.0,1.0,
371170,SAMI,182,62,105.0,5.5,126.0,10.0,21.0
240432,SAMI,107,149,279.0,6.5,279.0,1.0,0.0
373173,SAMI,88,6,124.0,4.5,,,
271538,SAMI,64,3,91.0,89.5,,,
600743,SAMI,92,0,40.0,13.0,,,
570207,SAMI,125,1,211.0,11.0,,,
31448,SAMI,53,11,195.0,7.0,,,
518755,SAMI,163,153,55.0,6.5,57.0,2.5,2.0
319402,SAMI,95,0,155.0,34.0,,,
54202,SAMI,90,0,54.0,11.0,,,
594785,SAMI,8,26,,,,,
383259,SAMI,151,180,238.0,9.0,251.0,5.0,13.0
107137,SAMI,176,122,140.0,6.5,101.0,22.0,39.0
136842,SAMI,170,138,281.0,14.0,108.0,4.0,173.0
519141,SAMI,82,0,332.0,8.5,,,
8404,SAMI,20,0,,,,,
84734,SAMI,90,18,9.0,12.500000000000005,,,
623161,SAMI,87,166,17.0,7.5,16.0,0.5,1.0
574285,SAMI,122,149,304.0,3.0,301.0,1.0,3.0
238214,SAMI,30,1,,,,,
91510,SAMI,21,63,,,55.0,28.5,
28860,SAMI,102,166,279.0,17.5,280.0,4.0,1.0
345767,SAMI,40,0,,,,,
611002,SAMI,18,19,,,,,
91686,SAMI,96,40,173.0,7.0000000000000036,,,
623641,SAMI,63,160,147.0,89.5,146.0,6.5,1.0
492384,SAMI,118,92,36.0,4.0,45.0,4.0,9.0
228433,SAMI,82,138,81.0,30.0,64.0,4.5,17.0
511863,SAMI,150,139,118.0,12.0,299.0,11.0,179.0
272543,SAMI,165,176,151.0,4.0,152.0,2.0,1.0
186470,SAMI,70,17,41.0,11.0,,,
348115,SAMI,98,27,110.0,8.0,,,
107135,SAMI,93,1,179.0,4.000000000000006,,,
16317,SAMI,168,2,51.0,5.0,,,
288923,SAMI,13,0,,,,,
272995,SAMI,151,0,41.0,9.0,,,
220515,SAMI,8,143,,,22.0,35.00000000000001,
7839,SAMI,164,50,131.0,5.0,85.0,4.0,46.0
136238,SAMI,171,89,185.0,5.5,182.0,0.5,3.0
290396,SAMI,19,175,,,102.0,23.5,
208520,SAMI,108,175,12.0,14.500000000000004,13.0,3.5,1.0
598911,SAMI,31,174,,,33.0,6.5,
198591,SAMI,166,174,126.0,15.5,116.0,5.0,10.0
238395,SAMI,145,175,299.0,14.5,295.0,4.5,4.0
422359,SAMI,67,123,86.0,6.0,89.0,2.0,3.0
85280,SAMI,130,150,44.0,4.5,43.0,1.0,1.0
85505,SAMI,107,132,127.0,2.5,126.0,0.5,1.0
48049,SAMI,63,3,289.0,7.0,,,
107826,SAMI,15,49,,,,,
296638,SAMI,148,159,41.0,3.0,41.0,2.0,0.0
493621,SAMI,33,181,103.0,3.5,,,
77227,SAMI,51,7,,,12.0,10.5,
618144,SAMI,66,0,,,67.0,11.0,
386892,SAMI,67,73,81.0,1.5,79.0,9.0,2.0
599329,SAMI,27,104,340.0,89.5,,,
144498,SAMI,76,72,221.0,14.5,230.0,9.0,9.0
618941,SAMI,90,58,18.0,6.0,25.0,6.0,7.0
30847,SAMI,84,47,,,239.0,7.0,
618220,SAMI,153,171,260.0,1.5,263.0,3.5,3.0
347471,SAMI,116,16,,,174.0,6.499999999999999,
23669,SAMI,12,152,348.0,8.0,,,
594731,SAMI,36,90,198.0,5.5,,,
511892,SAMI,121,80,241.0,2.5,238.0,10.0,3.0
592401,SAMI,11,77,199.0,12.0,,,
463434,SAMI,56,102,66.0,1.5,68.0,6.5,2.0
619220,SAMI,82,176,281.0,4.0,299.0,89.5,18.0
623432,SAMI,171,178,266.0,1.0,262.0,3.5,4.0
506038,SAMI,28,115,111.0,3.5,,,
17273,SAMI,104,155,260.0,1.5,264.0,9.0,4.0
551332,SAMI,43,97,343.0,3.0,,,
91627,SAMI,147,164,253.0,1.0,255.0,9.0,2.0
371959,SAMI,15,66,234.0,13.5,,,
91959,SAMI,36,25,,,,,
144236,SAMI,21,75,23.0,89.5,,,
105962,SAMI,50,168,140.0,7.0,175.0,89.5,35.0
143814,SAMI,125,172,244.0,33.5,248.0,6.5,4.0
32274,SAMI,61,155,333.0,89.5,58.0,11.0,85.0
508751,SAMI,58,23,313.0,89.5,,,
323541,SAMI,35,15,,,,,
586330,SAMI,60,23,229.0,5.5,,,
422619,SAMI,81,181,209.0,41.0,222.0,6.5,13.0
549313,SAMI,38,50,,,8.0,26.000000000000007,
592294,SAMI,54,1,170.0,5.0,,,
573586,SAMI,99,137,6.0,10.499999999999996,11.0,2.5,5.0
422501,SAMI,15,36,,,,,
296725,SAMI,74,139,300.0,43.5,125.0,3.0,175.0
321022,SAMI,20,69,,,119.0,16.5,
573736,SAMI,36,79,,,12.0,5.0,
8490,SAMI,19,0,,,,,
198817,SAMI,65,158,278.0,8.5,274.0,2.5,4.0
375904,SAMI,24,108,,,272.0,43.5,
508481,SAMI,74,117,282.0,16.5,267.0,4.5,15.0
387687,SAMI,46,129,,,65.0,12.5,
522166,SAMI,30,150,,,132.0,19.5,
388451,SAMI,60,151,352.0,89.5,310.0,8.5,42.0
16242,SAMI,163,153,338.0,3.5,341.0,2.5,3.0
296685,SAMI,19,161,,,237.0,20.0,
238085,SAMI,102,178,1.0,89.5,96.0,30.5,95.0
560206,SAMI,40,1,,,,,
585314,SAMI,25,107,,,136.0,4.0,
22595,SAMI,68,44,154.0,4.5,,,
49784,SAMI,91,25,68.0,8.0,,,
71178,SAMI,72,12,333.0,17.0,,,
289097,SAMI,171,0,185.0,3.0,,,
574423,SAMI,105,1,26.0,12.0,,,
220499,SAMI,66,10,272.0,14.5,,,
609330,SAMI,54,0,206.0,8.0,,,
422464,SAMI,7,44,,,,,
79712,SAMI,7,76,,,81.0,39.0,
55684,SAMI,30,64,,,338.0,4.5,
535387,SAMI,87,83,248.0,9.5,251.0,6.5,3.0
325007,SAMI,147,153,318.0,3.0,322.0,0.5,4.0
49755,SAMI,20,72,,,75.0,18.0,
323133,SAMI,3,48,,,,,
585694,SAMI,17,41,,,,,
278702,SAMI,11,38,,,,,
105738,SAMI,91,95,226.0,20.0,208.0,8.5,18.0
585422,SAMI,63,103,327.0,11.0,337.0,3.5,10.0
55537,SAMI,94,143,0.0,6.000000000000009,5.0,2.0,5.0
99259,SAMI,25,99,,,12.0,8.499999999999996,
144051,SAMI,167,172,17.0,11.0,7.0,11.000000000000005,10.0
85919,SAMI,22,78,,,91.0,8.5,
40453,SAMI,70,117,130.0,9.0,128.0,3.0,2.0
460380,SAMI,59,34,16.0,9.5,,,
574313,SAMI,11,50,,,137.0,12.5,
609307,SAMI,84,128,137.0,19.5,134.0,3.5,3.0
609433,SAMI,61,129,100.0,89.5,96.0,6.0,4.0
273577,SAMI,7,95,,,341.0,12.5,
238164,SAMI,32,180,,,139.0,9.5,
9163,SAMI,155,180,280.0,41.0,269.0,9.5,11.0
551672,SAMI,0,106,,,43.0,14.5,
79771,SAMI,15,157,,,10.0,4.5,
517960,SAMI,3,158,,,26.0,27.500000000000004,
21979,SAMI,7,101,,,120.0,10.5,
229220,SAMI,24,12,,,,,
319452,SAMI,79,0,168.0,5.0,,,
319057,SAMI,57,165,120.0,20.5,105.0,2.5,15.0
91697,SAMI,109,33,155.0,7.0,,,
7969,SAMI,54,1,63.0,89.5,,,
30786,SAMI,76,120,349.0,10.5,348.0,2.0,1.0
136688,SAMI,86,140,180.0,6.000000000000009,178.0,2.0,2.0
32196,SAMI,117,1,162.0,29.0,,,
98143,SAMI,14,70,,,2.0,31.500000000000007,
238080,SAMI,20,50,,,168.0,16.499999999999996,
290423,SAMI,1,54,,,234.0,20.5,
297633,SAMI,144,173,3.0,5.5,7.0,2.0,4.0
228428,SAMI,73,146,128.0,20.0,120.0,3.0,8.0
92944,SAMI,71,143,2.0,12.5,1.0,2.499999999999999,1.0
209414,SAMI,37,162,,,2.0,6.4999999999999964,
346861,SAMI,58,141,162.0,21.999999999999996,166.0,4.0,4.0
184718,SAMI,17,43,,,,,
288461,SAMI,144,186,145.0,43.0,123.0,14.5,22.0
381215,SAMI,86,76,224.0,15.5,221.0,4.5,3.0
178210,SAMI,13,47,,,,,
537417,SAMI,74,188,208.0,89.0,192.0,6.5,16.0
30913,SAMI,25,0,,,,,
544958,SAMI,174,183,252.0,3.5,258.0,2.0,6.0
517295,SAMI,15,31,,,,,
79635,SAMI,172,174,45.0,2.0,41.0,1.5,4.0
484976,SAMI,25,1,,,,,
486782,SAMI,72,143,296.0,24.5,281.0,4.0,15.0
377962,SAMI,24,54,,,303.0,24.5,
178865,SAMI,6,122,,,22.0,11.0,
145583,SAMI,135,182,83.0,13.0,72.0,4.0,11.0
618071,SAMI,12,174,,,30.0,6.5,
300613,SAMI,88,163,307.0,36.0,306.0,5.0,1.0
278846,SAMI,29,53,,,232.0,9.5,
30346,SAMI,184,180,147.0,2.0,147.0,2.0,0.0
560779,SAMI,22,47,,,,,
227317,SAMI,36,36,,,,,
574617,SAMI,53,114,105.0,18.5,99.0,4.0,6.0
504713,SAMI,108,172,243.0,2.0,242.0,1.0,1.0
24013,SAMI,165,177,156.0,4.0,153.0,1.0,3.0
136880,SAMI,96,35,290.0,11.0,,,
376161,SAMI,5,27,,,,,
550780,SAMI,94,143,340.0,3.5,348.0,1.5,8.0
348048,SAMI,48,86,,,320.0,1.5,
543536,SAMI,15,0,,,,,
9352,SAMI,41,106,,,177.0,18.500000000000004,
610396,SAMI,47,27,,,,,
84900,SAMI,166,165,187.0,2.0,187.0,1.5,0.0
319395,SAMI,92,1,197.0,20.0,,,
205161,SAMI,85,1,282.0,11.0,,,
107503,SAMI,67,135,263.0,26.5,251.0,10.0,12.0
623143,SAMI,78,0,287.0,18.5,,,
92676,SAMI,152,178,120.0,9.0,104.0,8.5,16.0
505341,SAMI,77,65,53.0,9.0,359.0,2.499999999999999,54.0
185190,SAMI,74,165,352.0,35.00000000000001,332.0,5.5,20.0
570203,SAMI,124,0,296.0,20.0,,,
227168,SAMI,9,69,,,31.0,39.00000000000001,
48740,SAMI,41,104,,,338.0,2.5,
301799,SAMI,43,77,,,40.0,4.0,
47535,SAMI,9,107,,,159.0,12.5,
545411,SAMI,69,140,210.0,27.5,222.0,5.5,12.0
216155,SAMI,71,144,303.0,17.5,310.0,0.5,7.0
178149,SAMI,42,168,,,258.0,43.5,
570214,SAMI,14,0,,,,,
505979,SAMI,76,141,216.0,9.0,216.0,3.0,0.0
546043,SAMI,113,175,48.0,21.0,35.0,4.0,13.0
40482,SAMI,34,158,,,153.0,5.5,
39131,SAMI,8,95,45.0,20.5,,,
537240,SAMI,149,187,83.0,3.5,81.0,9.5,2.0
91689,SAMI,32,0,,,,,
375610,SAMI,93,173,14.0,0.5,13.0,12.0,1.0
30890,SAMI,172,181,75.0,3.0,66.0,6.0,9.0
23593,SAMI,19,42,,,,,
509080,SAMI,33,8,,,,,
70532,SAMI,116,57,226.0,24.0,43.0,6.5,177.0
230880,SAMI,117,1,,,181.0,15.5,
302684,SAMI,38,76,162.0,2.0,,,
289113,SAMI,183,102,214.0,10.0,203.0,3.0,11.0
198503,SAMI,25,114,349.0,8.0,,,
534655,SAMI,157,74,73.0,19.5,29.0,25.500000000000007,44.0
618952,SAMI,139,117,43.0,1.0,46.0,3.0,3.0
250192,SAMI,97,1,,,219.0,4.5,
599310,SAMI,149,143,222.0,1.5,223.0,3.5,1.0
198631,SAMI,68,0,,,48.0,12.5,
230813,SAMI,22,0,,,,,
618942,SAMI,93,0,,,104.0,9.5,
618992,SAMI,117,145,19.0,0.5,26.0,4.5,7.0
567682,SAMI,8,19,,,,,
600915,SAMI,119,0,,,2.0,4.000000000000008,
300372,SAMI,18,80,266.0,15.0,,,
279943,SAMI,28,69,271.0,89.5,,,
69752,SAMI,53,139,204.0,2.0,205.0,6.0,1.0
228767,SAMI,41,121,141.0,10.5,,,
9067,SAMI,19,72,36.0,12.0,,,
622333,SAMI,0,96,46.0,22.0,,,
279818,SAMI,122,181,156.0,15.5,116.0,89.5,40.0
560208,SAMI,64,170,282.0,5.0,255.0,89.5,27.0
55160,SAMI,2,137,304.0,27.0,,,
202360,SAMI,148,1,,,321.0,89.5,
214363,SAMI,172,31,,,301.0,5.0,
227611,SAMI,108,4,,,234.0,3.5,
54500,SAMI,51,1,,,228.0,89.5,
63276,SAMI,76,29,,,212.0,8.0,
8703,SAMI,178,177,225.0,1.5,226.0,2.5,1.0
215698,SAMI,18,65,211.0,89.5,,,
513108,SAMI,29,164,199.0,4.0,,,
618988,SAMI,31,0,,,,,
227264,SAMI,175,164,265.0,1.0,266.0,3.0,1.0
301191,SAMI,128,89,126.0,7.5,117.0,7.0,9.0
387690,SAMI,19,55,350.0,15.0,,,
63305,SAMI,99,5,,,340.0,2.5,
238213,SAMI,144,103,347.0,2.5,344.0,5.0,3.0
594049,SAMI,172,67,94.0,1.5,159.0,8.0,65.0
202309,SAMI,20,72,233.0,4.0,,,
278703,SAMI,25,67,47.0,4.0,,,
85423,SAMI,32,130,208.0,10.0,,,
511921,SAMI,42,105,203.0,10.0,,,
227572,SAMI,78,166,61.0,33.0,58.0,5.0,3.0
323242,SAMI,67,121,281.0,89.5,155.0,15.5,126.0
396709,SAMI,54,112,34.0,47.50000000000001,34.0,8.5,0.0
100162,SAMI,56,99,126.0,21.0,123.0,6.5,3.0
49677,SAMI,30,100,,,333.0,9.0,
138381,SAMI,64,119,69.0,14.0,74.0,4.0,5.0
37050,SAMI,42,178,,,86.0,5.0,
70719,SAMI,13,58,,,271.0,89.5,
31129,SAMI,108,182,51.0,29.0,64.0,11.0,13.0
205089,SAMI,61,0,78.0,8.5,,,
184122,SAMI,123,164,340.0,2.5,341.0,1.0,1.0
593645,SAMI,173,183,287.0,40.5,278.0,17.5,9.0
622305,SAMI,128,150,213.0,3.5,212.0,1.5,1.0
220439,SAMI,154,192,335.0,9.5,340.0,3.5,5.0
375564,SAMI,35,0,,,,,
382538,SAMI,35,0,,,,,
227905,SAMI,84,11,293.0,3.5,,,
208876,SAMI,56,2,283.0,6.0,,,
203140,SAMI,68,0,57.0,7.5,,,
485127,SAMI,77,56,328.0,5.0,331.0,8.5,3.0
622694,SAMI,166,166,204.0,4.5,202.0,1.5,2.0
601323,SAMI,170,176,26.0,6.5,25.0,3.5,1.0
319139,SAMI,32,144,,,274.0,5.5,
39108,SAMI,0,135,,,26.0,50.00000000000001,
54938,SAMI,13,19,,,,,
599134,SAMI,23,92,255.0,25.5,,,
54848,SAMI,13,47,,,,,
548946,SAMI,97,150,126.0,5.0,129.0,17.5,3.0
622228,SAMI,119,165,22.0,1.0,21.0,8.0,1.0
186406,SAMI,44,163,72.0,9.5,,,
618904,SAMI,41,0,,,,,
594059,SAMI,56,159,38.0,5.0,44.0,89.5,6.0
570240,SAMI,44,12,,,,,
378142,SAMI,9,165,56.0,23.0,,,
69535,SAMI,101,161,8.0,3.5,359.0,28.999999999999996,9.0
273850,SAMI,60,0,,,139.0,12.0,
70670,SAMI,85,17,,,289.0,89.5,
508268,SAMI,60,0,,,157.0,89.5,
288904,SAMI,149,58,200.0,9.0,208.0,7.0,8.0
569466,SAMI,91,93,213.0,2.0,209.0,7.5,4.0
419294,SAMI,42,60,200.0,3.5,,,
583716,SAMI,10,29,,,,,
215579,SAMI,96,112,185.0,0.5,190.0,6.0,5.0
485504,SAMI,101,174,333.0,2.0,334.0,8.5,1.0
70403,SAMI,136,150,90.0,1.5,91.0,4.0,1.0
551192,SAMI,34,89,96.0,89.5,,,
70802,SAMI,135,2,,,279.0,14.0,
273889,SAMI,89,34,,,258.0,4.5,
575532,SAMI,92,91,322.0,0.5,332.0,5.0,10.0
49670,SAMI,3,111,319.0,17.5,,,
184202,SAMI,61,11,345.0,89.5,,,
460767,SAMI,45,9,,,,,
278855,SAMI,13,42,,,,,
610545,SAMI,126,25,116.0,3.0,,,
594990,SAMI,117,99,84.0,11.0,84.0,5.0,0.0
288982,SAMI,178,1,138.0,1.5,,,
505828,SAMI,105,143,332.0,6.5,332.0,3.0,0.0
8485,SAMI,40,74,,,160.0,6.5,
220355,SAMI,19,0,,,,,
319231,SAMI,165,88,6.0,5.499999999999997,328.0,20.5,38.0
220502,SAMI,179,2,124.0,3.5,,,
536994,SAMI,97,100,261.0,32.5,38.0,0.5,137.0
15220,SAMI,37,109,,,214.0,10.5,
567983,SAMI,16,91,,,105.0,8.5,
91692,SAMI,90,139,243.0,2.5,244.0,0.5,1.0
55648,SAMI,23,92,,,68.0,7.0,
98652,SAMI,21,40,,,,,
227123,SAMI,75,100,220.0,7.0,218.0,2.5,2.0
40916,SAMI,157,181,192.0,8.0,193.0,3.5,1.0
185795,SAMI,122,178,128.0,7.0,129.0,2.0,1.0
272748,SAMI,31,56,,,299.0,89.5,
491457,SAMI,144,165,73.0,4.0,64.0,0.5,9.0
16920,SAMI,0,70,,,16.0,17.5,
347263,SAMI,103,169,181.0,14.999999999999998,187.0,3.5,6.0
136966,SAMI,18,81,,,325.0,22.0,
238276,SAMI,72,0,172.0,4.5,,,
23070,SAMI,63,15,60.0,8.5,,,
99511,SAMI,17,152,,,264.0,9.5,
382631,SAMI,67,150,217.0,9.5,215.0,3.0,2.0
239376,SAMI,121,171,11.0,16.000000000000007,1.0,5.000000000000008,10.0
460378,SAMI,113,61,58.0,4.5,17.0,28.5,41.0
423267,SAMI,169,34,68.0,3.5,,,
485882,SAMI,80,0,332.0,7.0,,,
185085,SAMI,98,0,180.0,4.000000000000006,,,
99687,SAMI,136,144,235.0,2.5,236.0,1.0,1.0
105420,SAMI,99,0,149.0,7.5,,,
296927,SAMI,121,27,220.0,7.0,,,
23225,SAMI,187,1,271.0,3.0,,,
238216,SAMI,32,56,,,161.0,1.0,
227614,SAMI,47,36,,,,,
279886,SAMI,31,0,,,,,
238496,SAMI,47,49,,,,,
85464,SAMI,7,5,,,,,
214860,SAMI,21,158,,,352.0,2.5,
204906,SAMI,51,146,356.0,89.5,12.0,17.0,16.0
272831,SAMI,66,129,40.0,89.5,317.0,0.5,83.0
219992,SAMI,33,5,,,,,
273514,SAMI,21,160,,,289.0,7.0,
272990,SAMI,161,173,180.0,7.000000000000002,176.0,1.5,4.0
583744,SAMI,16,36,,,,,
548872,SAMI,37,21,,,,,
508421,SAMI,98,131,344.0,5.0,346.0,1.5,2.0
544853,SAMI,2,159,,,36.0,7.0,
387042,SAMI,32,9,,,,,
77710,SAMI,71,0,238.0,5.5,,,
138047,SAMI,83,164,94.0,43.5,97.0,4.5,3.0
509557,SAMI,13,92,,,161.0,40.0,
325321,SAMI,85,75,356.0,0.5,350.0,0.5,6.0
77754,SAMI,153,183,18.0,5.5,19.0,2.0,1.0
136240,SAMI,129,189,259.0,89.0,229.0,34.0,30.0
70929,SAMI,182,182,66.0,3.5,64.0,1.5,2.0
567876,SAMI,11,36,,,,,
599877,SAMI,66,73,55.0,15.0,56.0,7.5,1.0
230455,SAMI,66,30,158.0,31.000000000000004,,,
570227,SAMI,115,134,178.0,6.000000000000009,176.0,2.5,2.0
508682,SAMI,18,75,,,202.0,89.5,
227371,SAMI,0,113,,,112.0,9.0,
491552,SAMI,26,127,,,270.0,6.0,
185622,SAMI,2,151,,,344.0,19.000000000000004,
230776,SAMI,184,0,19.0,28.0,,,
536087,SAMI,51,101,317.0,89.5,322.0,14.0,5.0
106049,SAMI,29,80,,,328.0,7.0,
298888,SAMI,22,155,,,165.0,6.5,
511867,SAMI,166,178,137.0,3.0,140.0,1.0,3.0
493702,SAMI,9,180,,,15.0,89.5,
419549,SAMI,63,139,218.0,7.0,221.0,1.0,3.0
560407,SAMI,93,131,161.0,2.0,160.0,0.5,1.0
49702,SAMI,154,176,109.0,2.5,108.0,1.0,1.0
371976,SAMI,76,22,51.0,6.0,,,
324157,SAMI,2,18,,,,,
319453,SAMI,127,139,53.0,5.0,59.0,2.0,6.0
93803,SAMI,172,3,242.0,19.5,,,
376097,SAMI,79,2,328.0,89.0,,,
14552,SAMI,88,1,1.0,5.000000000000008,,,
240108,SAMI,180,175,297.0,25.5,316.0,6.0,19.0
622770,SAMI,45,86,,,5.0,17.499999999999996,
418047,SAMI,9,39,,,,,
138094,SAMI,42,104,,,30.0,8.5,
298590,SAMI,165,77,293.0,8.5,40.0,20.5,107.0
143287,SAMI,83,99,143.0,46.00000000000001,146.0,1.5,3.0
23737,SAMI,5,17,,,,,
396833,SAMI,148,149,192.0,2.0,190.0,1.0,2.0
47500,SAMI,66,143,33.0,16.0,32.0,4.5,1.0
49840,SAMI,12,82,,,18.0,10.0,
518870,SAMI,46,139,,,275.0,5.0,
136847,SAMI,167,148,140.0,3.0,141.0,1.0,1.0
220578,SAMI,87,160,64.0,18.5,66.0,4.0,2.0
230789,SAMI,46,1,,,,,
418795,SAMI,24,91,,,207.0,6.0,
85481,SAMI,65,138,146.0,39.0,138.0,5.5,8.0
600595,SAMI,29,89,177.0,8.000000000000004,,,
543494,SAMI,70,159,189.0,3.5,210.0,32.0,21.0
585196,SAMI,38,3,,,,,
205208,SAMI,24,0,,,,,
136881,SAMI,53,0,,,179.0,29.000000000000007,
198343,SAMI,58,0,,,13.0,4.5,
40164,SAMI,94,117,247.0,0.5,246.0,4.0,1.0
620087,SAMI,35,136,155.0,4.0,,,
238406,SAMI,120,178,163.0,2.0,154.0,7.5,9.0
296599,SAMI,106,175,113.0,8.5,118.0,89.5,5.0
289107,SAMI,141,165,136.0,4.0,139.0,16.0,3.0
177518,SAMI,13,175,359.0,10.499999999999996,,,
137789,SAMI,31,111,233.0,9.0,,,
600026,SAMI,129,159,58.0,2.0,64.0,5.0,6.0
106634,SAMI,46,76,260.0,3.5,,,
186803,SAMI,152,171,277.0,12.5,242.0,7.0,35.0
419205,SAMI,19,61,222.0,89.5,,,
55372,SAMI,64,124,317.0,5.5,332.0,41.0,15.0
105573,SAMI,27,93,176.0,8.0,,,
210909,SAMI,16,121,262.0,15.0,,,
63389,SAMI,94,124,221.0,3.0,225.0,7.0,4.0
53977,SAMI,119,164,174.0,4.0,174.0,9.000000000000007,0.0
55150,SAMI,129,171,347.0,2.5,350.0,8.499999999999998,3.0
377710,SAMI,27,0,,,,,
137350,SAMI,24,61,96.0,11.5,,,
324865,SAMI,23,149,175.0,10.500000000000007,,,
209697,SAMI,41,130,278.0,1.5,,,
30469,SAMI,109,15,,,77.0,13.5,
371943,SAMI,43,31,,,,,
178481,SAMI,52,180,325.0,10.0,294.0,89.5,31.0
214895,SAMI,30,2,,,,,
601283,SAMI,28,0,,,,,
376340,SAMI,109,181,160.0,2.0,163.0,7.0,3.0
371882,SAMI,39,0,,,,,
240205,SAMI,59,136,298.0,3.5,317.0,42.5,19.0
485883,SAMI,66,2,,,313.0,22.0,
229163,SAMI,161,144,359.0,1.0000000000000036,0.0,1.4999999999999993,1.0
220126,SAMI,20,38,,,,,
70640,SAMI,59,11,,,55.0,31.0,
208612,SAMI,23,47,,,,,
289112,SAMI,55,0,,,243.0,13.0,
485885,SAMI,123,156,97.0,3.0,93.0,9.5,4.0
77845,SAMI,10,67,110.0,22.5,,,
278736,SAMI,27,0,,,,,
609598,SAMI,13,43,,,,,
493028,SAMI,115,0,,,127.0,14.5,
209680,SAMI,113,48,,,207.0,89.5,
250243,SAMI,33,0,,,,,
185567,SAMI,70,1,,,75.0,16.0,
144197,SAMI,41,101,213.0,13.5,,,
143291,SAMI,72,1,145.0,89.5,,,
486092,SAMI,1,62,,,45.0,89.5,
569555,SAMI,64,161,108.0,19.5,111.0,2.0,3.0
143446,SAMI,0,95,,,23.0,84.0,
251297,SAMI,80,178,162.0,22.000000000000004,169.0,3.0,7.0
230786,SAMI,117,3,236.0,14.5,,,
422366,SAMI,131,182,189.0,18.000000000000007,189.0,3.5,0.0
373284,SAMI,28,76,,,319.0,2.0,
508351,SAMI,142,154,177.0,5.000000000000005,172.0,2.0,5.0
250277,SAMI,69,94,51.0,26.0,42.0,15.0,9.0
251367,SAMI,31,107,,,72.0,10.0,
32362,SAMI,191,186,43.0,3.5,43.0,2.5,0.0
485823,SAMI,8,67,,,131.0,38.0,
24414,SAMI,1,131,,,187.0,12.499999999999998,
518026,SAMI,3,44,,,,,
93832,SAMI,37,118,,,113.0,12.0,
55287,SAMI,30,22,,,,,
491608,SAMI,7,86,,,78.0,17.5,
575623,SAMI,18,21,,,,,
186573,SAMI,36,10,,,,,
252008,SAMI,19,15,,,,,
220750,SAMI,22,110,,,48.0,10.5,
86116,SAMI,18,153,,,309.0,30.0,
618931,SAMI,42,0,,,,,
289957,SAMI,34,40,,,,,
585386,SAMI,172,193,102.0,1.5,100.0,0.5,2.0
372129,SAMI,13,99,,,254.0,5.5,
619098,SAMI,51,162,280.0,89.5,282.0,5.0,2.0
365316,SAMI,10,30,,,,,
508352,SAMI,116,165,91.0,3.5,91.0,1.0,0.0
570364,SAMI,50,173,339.0,89.5,303.0,9.5,36.0
220465,SAMI,137,15,56.0,10.5,,,
69513,SAMI,120,185,44.0,14.5,54.0,3.0,10.0
272443,SAMI,139,155,69.0,2.5,65.0,0.5,4.0
220330,SAMI,86,63,76.0,18.0,82.0,9.5,6.0
78921,SAMI,50,167,269.0,41.0,291.0,3.5,22.0
517302,SAMI,156,113,237.0,6.5,235.0,16.5,2.0
252091,SAMI,52,125,229.0,35.0,246.0,3.5,17.0
278074,SAMI,2,120,,,290.0,12.0,
513066,SAMI,78,162,20.0,53.50000000000001,10.0,8.5,10.0
493825,SAMI,10,88,,,84.0,23.5,
227230,SAMI,125,147,267.0,11.5,267.0,5.0,0.0
485834,SAMI,154,147,134.0,1.5,137.0,1.0,3.0
594834,SAMI,69,89,6.0,6.000000000000004,3.0,1.0,3.0
345682,SAMI,62,140,32.0,89.5,71.0,5.5,39.0
509444,SAMI,9,137,,,141.0,7.0,
273092,SAMI,166,172,275.0,89.5,296.0,21.0,21.0
402934,SAMI,11,45,,,,,
289279,SAMI,5,39,,,,,
567676,SAMI,9,122,,,312.0,24.5,
136626,SAMI,64,119,334.0,23.0,322.0,3.0,12.0
15847,SAMI,38,116,,,21.0,3.5,
273976,SAMI,8,11,,,,,
300350,SAMI,4,109,,,352.0,15.500000000000004,
610398,SAMI,170,173,356.0,6.5000000000000036,351.0,3.0,5.0
143499,SAMI,15,29,,,,,
289118,SAMI,74,0,68.0,89.5,,,
138161,SAMI,5,15,,,,,
543812,SAMI,72,174,149.0,29.500000000000007,156.0,4.5,7.0
178300,SAMI,46,161,,,321.0,6.0,
202373,SAMI,21,64,,,125.0,7.5,
551655,SAMI,55,72,287.0,9.5,284.0,4.0,3.0
144338,SAMI,27,48,,,,,
56055,SAMI,24,65,,,208.0,7.0,
40420,SAMI,121,162,261.0,36.5,241.0,5.5,20.0
218713,SAMI,26,45,,,,,
487060,SAMI,42,28,,,,,
592419,SAMI,24,24,,,,,
204093,SAMI,39,14,,,,,
300821,SAMI,89,166,254.0,15.0,243.0,6.0,11.0
508312,SAMI,46,35,,,,,
302657,SAMI,13,143,,,242.0,3.0,
84680,SAMI,99,3,83.0,4.5,,,
273951,SAMI,32,152,,,139.0,41.99999999999999,
585226,SAMI,173,184,41.0,12.0,52.0,5.5,11.0
504877,SAMI,53,9,52.0,10.5,,,
319299,SAMI,93,32,70.0,5.0,,,
278548,SAMI,154,170,318.0,9.5,312.0,2.5,6.0
271481,SAMI,64,1,43.0,23.5,,,
23565,SAMI,144,174,330.0,5.5,330.0,2.0,0.0
536625,SAMI,119,136,269.0,10.0,268.0,5.5,1.0
619105,SAMI,127,187,142.0,16.5,146.0,4.0,4.0
422436,SAMI,164,173,41.0,2.5,46.0,1.5,5.0
593642,SAMI,45,26,,,,,
136616,SAMI,106,22,253.0,5.0,,,
16487,SAMI,35,43,,,,,
387675,SAMI,69,66,197.0,4.0,210.0,0.5,13.0
137455,SAMI,47,183,,,254.0,11.0,
40445,SAMI,119,0,210.0,89.5,,,
618976,SAMI,120,1,223.0,5.0,,,
346504,SAMI,27,93,,,75.0,2.5,
144480,SAMI,19,65,,,281.0,22.0,
177303,SAMI,173,161,17.0,6.5,19.0,2.5,2.0
375402,SAMI,35,150,,,20.0,22.0,
323888,SAMI,1,51,,,78.0,89.5,
321207,SAMI,7,68,,,320.0,19.5,
63302,SAMI,68,95,179.0,22.500000000000004,179.0,2.9999999999999996,0.0
600974,SAMI,74,132,244.0,18.0,242.0,7.5,2.0
8353,SAMI,126,172,197.0,30.500000000000007,200.0,6.0,3.0
620034,SAMI,115,164,267.0,12.5,267.0,2.5,0.0
85416,SAMI,133,169,283.0,2.5,285.0,1.0,2.0
185252,SAMI,6,139,,,41.0,10.0,
381156,SAMI,39,15,,,,,
517307,SAMI,14,28,,,,,
98097,SAMI,115,0,18.0,3.5,,,
23337,SAMI,123,149,221.0,9.0,223.0,4.5,2.0
137847,SAMI,115,176,8.0,89.5,331.0,14.5,37.0
325390,SAMI,9,16,,,,,
107594,SAMI,62,176,66.0,89.5,39.0,5.0,27.0
296677,SAMI,157,1,260.0,2.0,,,
107509,SAMI,110,140,155.0,9.0,158.0,4.0,3.0
185914,SAMI,89,155,183.0,5.5000000000000036,180.0,0.5000000000000036,3.0
220332,SAMI,120,94,268.0,8.5,266.0,7.0,2.0
271387,SAMI,80,51,301.0,31.5,304.0,4.5,3.0
300691,SAMI,62,16,167.0,41.0,,,
99742,SAMI,68,100,49.0,10.0,65.0,3.0,16.0
377562,SAMI,47,43,,,,,
560341,SAMI,92,7,320.0,4.5,,,
321146,SAMI,52,11,274.0,89.5,,,
522033,SAMI,63,0,190.0,10.5,,,
371172,SAMI,94,13,348.0,20.000000000000004,,,
227176,SAMI,128,173,65.0,11.0,68.0,3.5,3.0
227407,SAMI,2,52,,,87.0,17.0,
56061,SAMI,24,83,,,12.0,9.0,
220751,SAMI,14,43,,,,,
144491,SAMI,194,190,304.0,86.5,1.0,26.500000000000007,57.0
220687,SAMI,170,174,32.0,40.5,56.0,11.5,24.0
238203,SAMI,36,0,,,,,
517465,SAMI,27,0,,,,,
617945,SAMI,14,84,,,10.0,17.5,
319397,SAMI,65,0,332.0,9.5,,,
177969,SAMI,85,0,293.0,34.0,,,
273242,SAMI,13,118,,,70.0,10.5,
79329,SAMI,8,152,,,243.0,7.0,
230787,SAMI,40,0,,,,,
536454,SAMI,135,2,204.0,15.5,,,
319197,SAMI,61,36,292.0,6.5,,,
296934,SAMI,51,119,105.0,42.5,100.0,4.0,5.0
387719,SAMI,79,175,246.0,12.5,242.0,2.0,4.0
278826,SAMI,6,39,,,,,
214462,SAMI,57,160,64.0,34.5,61.0,4.0,3.0
386366,SAMI,61,96,3.0,8.000000000000004,357.0,0.5,6.0
69864,SAMI,21,112,,,208.0,12.5,
375615,SAMI,86,118,324.0,8.5,326.0,3.0,2.0
508938,SAMI,55,123,308.0,40.0,250.0,1.0,58.0
55227,SAMI,3,134,,,107.0,12.5,
543998,SAMI,180,172,265.0,2.0,266.0,1.0,1.0
382152,SAMI,89,186,290.0,10.5,298.0,3.5,8.0
136672,SAMI,13,97,,,221.0,7.5,
381221,SAMI,32,0,,,,,
559061,SAMI,95,163,350.0,10.5,340.0,2.5,10.0
138066,SAMI,66,183,84.0,37.5,89.0,3.5,5.0
346890,SAMI,58,0,214.0,7.0,,,
197419,SAMI,51,128,130.0,35.99999999999999,158.0,4.5,28.0
288989,SAMI,32,27,,,,,
506119,SAMI,59,11,294.0,19.0,,,
184046,SAMI,70,0,288.0,26.5,,,
377348,SAMI,39,184,,,241.0,15.0,
505765,SAMI,72,13,260.0,7.5,,,
252057,SAMI,69,0,213.0,12.5,,,
514212,SAMI,51,158,254.0,17.5,247.0,2.5,7.0
618100,SAMI,124,0,328.0,89.5,,,
136866,SAMI,8,30,,,,,
179665,SAMI,18,50,,,263.0,89.5,
144127,SAMI,6,23,,,,,
205168,SAMI,29,0,,,,,
78827,SAMI,158,0,210.0,4.5,,,
301994,SAMI,34,1,,,,,
202443,SAMI,81,166,58.0,7.0,64.0,1.0,6.0
202480,SAMI,47,12,,,,,
346793,SAMI,103,179,292.0,6.5,293.0,1.5,1.0
184366,SAMI,34,20,,,,,
617989,SAMI,71,5,308.0,6.0,,,
197555,SAMI,169,64,31.0,5.5,26.0,2.5,5.0
561488,SAMI,64,139,346.0,85.5,249.0,12.5,97.0
323194,SAMI,42,97,284.0,21.5,,,
320068,SAMI,67,123,59.0,6.5,63.0,22.5,4.0
517306,SAMI,75,160,112.0,5.0,97.0,31.5,15.0
569433,SAMI,60,166,19.0,4.0,7.0,27.499999999999996,12.0
509397,SAMI,96,163,151.0,4.0,151.0,26.5,0.0
319243,SAMI,12,34,,,,,
319393,SAMI,42,18,,,,,
71352,SAMI,0,1,,,,,
610846,SAMI,179,161,69.0,2.5,69.0,4.0,0.0
491887,SAMI,156,160,26.0,1.0,28.0,3.5,2.0
93020,SAMI,35,0,,,,,
64758,SAMI,0,76,186.0,89.5,,,
508906,SAMI,20,68,24.0,89.5,,,
319385,SAMI,41,49,,,,,
220227,SAMI,17,0,,,,,
186742,SAMI,27,173,268.0,8.0,,,
15218,SAMI,78,174,37.0,5.5,58.0,43.0,21.0
418624,SAMI,59,151,260.0,2.0,265.0,9.5,5.0
324799,SAMI,12,37,,,,,
22633,SAMI,103,164,229.0,7.5,226.0,19.5,3.0
278787,SAMI,16,48,,,,,
71099,SAMI,94,176,224.0,15.0,81.0,89.5,143.0
228086,SAMI,19,186,339.0,13.0,,,
209319,SAMI,10,78,104.0,11.5,,,
535974,SAMI,48,110,253.0,5.5,,,
300887,SAMI,120,184,193.0,36.5,207.0,5.5,14.0
517167,SAMI,69,144,63.0,27.5,81.0,4.0,18.0
289116,SAMI,36,101,,,17.0,12.0,
271562,SAMI,40,168,,,12.0,19.500000000000007,
54359,SAMI,161,180,208.0,5.0,213.0,3.0,5.0
273925,SAMI,79,184,170.0,89.5,217.0,11.5,47.0
573872,SAMI,29,160,,,29.0,12.0,
53809,SAMI,56,161,169.0,31.999999999999996,167.0,4.0,2.0
221050,SAMI,69,139,8.0,53.0,4.0,3.5,4.0
23341,SAMI,77,17,56.0,6.5,,,
137037,SAMI,57,31,18.0,89.0,,,
325467,SAMI,50,1,17.0,11.0,,,
79750,SAMI,61,0,220.0,89.5,,,
325533,SAMI,98,158,107.0,8.5,103.0,1.5,4.0
543860,SAMI,91,179,215.0,26.0,216.0,9.0,1.0
319018,SAMI,65,177,227.0,48.5,221.0,4.5,6.0
548835,SAMI,59,25,350.0,89.5,,,
422639,SAMI,5,26,,,,,
609948,SAMI,71,163,174.0,7.0,172.0,0.5,2.0
620098,SAMI,30,164,,,179.0,2.499999999999998,
594723,SAMI,165,172,230.0,43.0,241.0,17.5,11.0
372133,SAMI,44,0,,,,,
511890,SAMI,92,27,314.0,3.5,,,
31079,SAMI,75,157,277.0,4.5,279.0,1.0,2.0
543501,SAMI,59,26,230.0,8.5,,,
319070,SAMI,116,2,126.0,5.5,,,
93023,SAMI,137,80,4.0,3.999999999999996,3.0,7.000000000000004,1.0
22178,SAMI,8,106,,,268.0,7.5,
417568,SAMI,18,32,,,,,
611051,SAMI,13,77,,,171.0,15.000000000000002,
346892,SAMI,93,181,146.0,9.0,144.0,2.5,2.0
599095,SAMI,52,109,115.0,18.5,119.0,3.0,4.0
8706,SAMI,161,176,288.0,10.0,284.0,4.0,4.0
622596,SAMI,83,137,84.0,4.5,81.0,0.5,3.0
567545,SAMI,149,180,270.0,4.5,269.0,1.0,1.0
272996,SAMI,19,90,,,48.0,15.0,
214245,SAMI,24,148,,,149.0,8.5,
570233,SAMI,10,13,,,,,
537476,SAMI,10,148,,,347.0,21.000000000000004,
422610,SAMI,32,21,,,,,
8562,SAMI,2,96,,,266.0,36.5,
144176,SAMI,91,139,3.0,34.5,3.0,4.500000000000002,0.0
185291,SAMI,37,95,,,220.0,12.0,
237990,SAMI,26,114,,,111.0,7.0,
107395,SAMI,68,163,282.0,13.5,285.0,2.5,3.0
77452,SAMI,112,168,147.0,3.0,147.0,2.5,0.0
289109,SAMI,16,0,,,,,
319499,SAMI,34,145,,,290.0,7.5,
289185,SAMI,6,0,,,,,
47342,SAMI,124,170,20.0,7.0,23.0,3.5,3.0
144320,SAMI,67,100,187.0,26.999999999999996,4.0,1.5,177.0
298114,SAMI,105,168,174.0,8.000000000000007,178.0,1.5000000000000038,4.0
535283,SAMI,21,95,,,68.0,25.0,
419299,SAMI,160,180,192.0,13.5,184.0,4.9999999999999964,8.0
551507,SAMI,107,175,87.0,8.0,85.0,0.5,2.0
598999,SAMI,81,146,68.0,8.0,62.0,3.0,6.0
210567,SAMI,9,144,,,298.0,5.0,
28738,SAMI,70,103,305.0,12.0,300.0,3.0,5.0
485833,SAMI,82,138,337.0,13.0,313.0,5.0,24.0
136918,SAMI,47,0,,,,,
41277,SAMI,22,44,,,,,
227607,SAMI,87,115,254.0,7.0,257.0,1.5,3.0
300787,SAMI,105,156,53.0,10.5,233.0,1.5,180.0
288903,SAMI,55,14,191.0,36.00000000000001,,,
508138,SAMI,69,36,129.0,6.5,,,
209181,SAMI,110,174,34.0,9.0,34.0,2.5,0.0
41144,SAMI,189,190,211.0,3.0,210.0,2.0,1.0
7206,SAMI,72,135,261.0,6.5,261.0,2.0,0.0
273966,SAMI,9,28,,,,,
227970,SAMI,102,189,151.0,9.0,155.0,2.0,4.0
279891,SAMI,16,66,,,232.0,11.5,
238328,SAMI,25,80,,,206.0,9.5,
228349,SAMI,112,168,60.0,17.0,62.0,4.5,2.0
598968,SAMI,168,179,349.0,10.5,344.0,4.0,5.0
64553,SAMI,176,170,41.0,9.0,45.0,7.0,4.0
460756,SAMI,88,143,128.0,8.0,128.0,0.5,0.0
536626,SAMI,25,101,,,253.0,7.0,
55124,SAMI,18,31,,,,,
371750,SAMI,44,112,,,272.0,6.5,
23868,SAMI,26,75,,,345.0,11.5,
300477,SAMI,38,165,,,69.0,5.0,
202636,SAMI,39,31,,,,,
583443,SAMI,33,151,,,59.0,6.5,
505817,SAMI,19,141,,,179.0,3.499999999999999,
568549,SAMI,134,181,153.0,2.5,157.0,0.5,4.0
65237,SAMI,11,121,,,358.0,5.500000000000005,
184415,SAMI,112,180,262.0,16.0,274.0,4.0,12.0
296847,SAMI,53,176,271.0,89.5,254.0,5.0,17.0
396584,SAMI,66,59,62.0,13.5,66.0,4.0,4.0
177081,SAMI,56,156,175.0,89.5,58.0,6.0,117.0
592863,SAMI,21,176,,,112.0,7.5,
8391,SAMI,22,14,,,,,
517244,SAMI,38,70,,,292.0,2.0,
93674,SAMI,120,172,287.0,2.0,288.0,2.0,1.0
513001,SAMI,18,53,,,229.0,4.5,
107214,SAMI,152,169,209.0,6.5,215.0,2.5,6.0
592999,SAMI,81,173,228.0,8.0,227.0,2.0,1.0
54102,SAMI,147,170,227.0,22.0,243.0,10.0,16.0
610054,SAMI,80,132,242.0,6.5,246.0,1.5,4.0
278773,SAMI,20,17,,,,,
509892,SAMI,12,112,325.0,7.0,,,
298665,SAMI,11,74,28.0,23.999999999999996,,,
49728,SAMI,43,200,97.0,5.0,,,
617655,SAMI,38,148,134.0,7.0,,,
376185,SAMI,30,140,292.0,7.0,,,
610816,SAMI,19,116,249.0,5.5,,,
534753,SAMI,185,183,318.0,3.5,319.0,4.0,1.0
618152,SAMI,69,100,100.0,27.0,73.0,89.5,27.0
184281,SAMI,14,147,182.0,10.500000000000004,,,
517070,SAMI,147,180,81.0,3.0,81.0,8.5,0.0
198771,SAMI,117,179,247.0,6.0,237.0,42.5,10.0
514029,SAMI,159,173,211.0,1.5,209.0,4.0,2.0
106047,SAMI,61,99,336.0,2.5,345.0,37.0,9.0
346752,SAMI,45,127,75.0,1.5,,,
622429,SAMI,99,145,226.0,1.5,222.0,7.0,4.0
84677,SAMI,111,160,25.0,1.0,24.0,5.0,1.0
536463,SAMI,95,9,,,85.0,6.5,
99349,SAMI,161,167,304.0,1.5,303.0,3.5,1.0
457615,SAMI,69,2,,,228.0,7.0,
560883,SAMI,150,89,155.0,0.5,178.0,6.500000000000006,23.0
230634,SAMI,172,1,,,227.0,3.0,
221369,SAMI,24,109,205.0,89.0,,,
573617,SAMI,31,50,70.0,10.5,,,
543537,SAMI,123,31,,,19.0,63.50000000000001,
610404,SAMI,43,0,,,,,
56140,SAMI,145,97,349.0,1.5,346.0,0.5,3.0
537426,SAMI,173,172,273.0,2.0,272.0,1.5,1.0
561856,SAMI,133,189,183.0,4.000000000000008,186.0,2.5,3.0
300411,SAMI,109,3,207.0,89.5,,,
238412,SAMI,64,0,247.0,1.5,,,
47152,SAMI,60,1,77.0,89.5,,,
272439,SAMI,97,0,283.0,3.5,,,
601255,SAMI,160,168,185.0,2.0,183.0,0.5,2.0
250473,SAMI,87,108,47.0,0.5,42.0,0.5,5.0
250179,SAMI,44,1,,,,,
203729,SAMI,20,78,,,148.0,10.0,
7289,SAMI,86,25,121.0,89.5,,,
514214,SAMI,79,2,205.0,89.5,,,
611220,SAMI,182,173,207.0,4.0,212.0,0.5,5.0
319290,SAMI,20,104,,,236.0,8.0,
388146,SAMI,51,0,216.0,27.0,,,
144640,SAMI,116,40,194.0,10.0,,,
381207,SAMI,56,0,26.0,19.5,,,
278350,SAMI,124,6,227.0,28.5,,,
271610,SAMI,14,31,,,,,
381802,SAMI,16,59,,,48.0,89.5,
544749,SAMI,176,0,66.0,2.5,,,
509516,SAMI,42,115,,,217.0,6.0,
601105,SAMI,33,11,,,,,
209185,SAMI,130,103,83.0,4.0,87.0,0.5,4.0
419345,SAMI,140,42,196.0,4.5,,,
78530,SAMI,111,0,258.0,7.0,,,
54375,SAMI,95,172,212.0,31.5,209.0,3.0,3.0
551505,SAMI,149,82,344.0,5.0,51.0,2.0,67.0
521736,SAMI,65,122,351.0,17.000000000000004,314.0,12.5,37.0
521997,SAMI,73,148,190.0,7.0,188.0,1.0,2.0
278802,SAMI,117,0,61.0,3.5,,,
517273,SAMI,133,159,147.0,22.0,21.0,86.0,126.0
386268,SAMI,102,1,264.0,3.5,,,
79711,SAMI,70,0,144.0,5.5,,,
288364,SAMI,175,174,75.0,13.5,63.0,7.5,12.0
422406,SAMI,41,17,,,,,
319059,SAMI,24,4,,,,,
560405,SAMI,27,74,,,91.0,15.0,
387715,SAMI,135,2,284.0,4.5,,,
418630,SAMI,48,0,,,,,
518829,SAMI,54,44,36.0,7.0,,,
184689,SAMI,99,11,231.0,3.5,,,
618142,SAMI,47,21,,,,,
47293,SAMI,51,27,183.0,6.999999999999997,,,
573625,SAMI,141,151,11.0,4.5,10.0,2.5,1.0
601013,SAMI,128,30,159.0,3.5,,,
106016,SAMI,45,26,,,,,
238398,SAMI,29,1,,,,,
62244,SAMI,31,0,,,,,
345845,SAMI,98,7,260.0,31.5,,,
512170,SAMI,134,117,330.0,6.0,326.0,0.5,4.0
346623,SAMI,37,12,,,,,
584682,SAMI,119,6,118.0,4.5,,,
381219,SAMI,67,0,335.0,9.5,,,
493811,SAMI,18,67,,,59.0,18.0,
504730,SAMI,155,0,239.0,2.0,,,
177326,SAMI,0,61,,,303.0,29.0,
91924,SAMI,172,172,46.0,26.5,45.0,11.5,1.0
227278,SAMI,85,43,252.0,9.5,,,
594970,SAMI,13,30,,,,,
594964,SAMI,18,67,,,122.0,8.0,
65395,SAMI,32,79,,,328.0,4.0,
238204,SAMI,75,57,200.0,6.0,199.0,6.0,1.0
210808,SAMI,21,113,,,180.0,15.500000000000007,
422721,SAMI,2,86,,,30.0,10.5,
178578,SAMI,27,137,,,280.0,15.0,
220320,SAMI,4,18,,,,,
238358,SAMI,158,173,59.0,2.5,59.0,0.5,0.0
238351,SAMI,30,30,,,,,
250466,SAMI,48,87,,,36.0,3.0,
585231,SAMI,49,151,,,255.0,11.0,
521894,SAMI,58,120,13.0,39.5,31.0,24.5,18.0
8570,SAMI,48,174,,,3.0,9.500000000000007,
594946,SAMI,45,24,,,,,
238221,SAMI,49,126,46.0,0.5,,,
381160,SAMI,38,0,,,,,
585121,SAMI,59,74,337.0,4.5,338.0,11.5,1.0
551202,SAMI,155,168,66.0,2.5,64.0,6.0,2.0
611094,SAMI,24,178,228.0,6.5,,,
619095,SAMI,96,163,89.0,1.0,84.0,5.5,5.0
220374,SAMI,53,0,,,240.0,30.0,
228278,SAMI,8,115,333.0,4.0,,,
7992,SAMI,54,36,,,151.0,18.0,
288679,SAMI,60,35,,,327.0,8.5,
221375,SAMI,136,176,319.0,3.0,324.0,13.0,5.0
506070,SAMI,39,179,95.0,4.0,,,
319064,SAMI,102,165,325.0,0.5,332.0,6.0,7.0
548947,SAMI,115,163,125.0,1.0,128.0,3.0,3.0
208589,SAMI,71,135,281.0,3.5,288.0,19.0,7.0
618912,SAMI,54,0,,,201.0,18.0,
41173,SAMI,9,71,138.0,29.5,,,
107528,SAMI,184,92,290.0,6.0,282.0,4.0,8.0
559292,SAMI,9,114,188.0,26.5,,,
69822,SAMI,89,75,233.0,2.0,237.0,5.0,4.0
65384,SAMI,44,97,326.0,3.5,,,
7139,SAMI,34,50,0.0,5.000000000000002,,,
584731,SAMI,54,176,44.0,89.5,330.0,89.5,74.0
48548,SAMI,75,14,,,136.0,13.5,
40278,SAMI,174,123,151.0,3.0,145.0,4.0,6.0
238282,SAMI,81,17,328.0,4.0,,,
56064,SAMI,191,193,32.0,2.5,31.0,2.5,1.0
388476,SAMI,88,119,263.0,5.5,261.0,2.0,2.0
84048,SAMI,36,93,,,49.0,14.0,
559300,SAMI,36,77,,,93.0,30.5,
271431,SAMI,51,21,123.0,10.5,,,
594265,SAMI,30,153,,,17.0,4.5,
567760,SAMI,0,121,,,245.0,19.5,
105597,SAMI,156,165,256.0,3.5,253.0,1.5,3.0
508184,SAMI,137,172,144.0,5.5,145.0,1.0,1.0
509670,SAMI,25,172,,,101.0,10.0,
322910,SAMI,100,171,79.0,89.5,79.0,19.0,0.0
143148,SAMI,2,38,,,,,
512197,SAMI,70,34,140.0,22.5,,,
143388,SAMI,4,128,,,31.0,36.5,
91926,SAMI,112,125,274.0,5.0,278.0,3.0,4.0
371714,SAMI,82,43,261.0,8.5,,,
302973,SAMI,13,95,,,69.0,16.5,
239172,SAMI,3,56,,,165.0,17.000000000000004,
48969,SAMI,50,154,93.0,89.5,95.0,3.5,2.0
419632,SAMI,37,113,,,160.0,47.5,
220319,SAMI,1,87,,,192.0,63.5,
184370,SAMI,131,179,323.0,89.5,293.0,28.0,30.0
592421,SAMI,176,190,262.0,3.0,259.0,1.0,3.0
551350,SAMI,41,178,,,336.0,9.5,
570114,SAMI,37,132,59.0,7.5,,,
16430,SAMI,38,102,335.0,9.0,,,
71117,SAMI,21,72,132.0,14.5,,,
422683,SAMI,5,84,47.0,46.5,,,
491475,SAMI,0,55,170.0,18.999999999999996,,,
609912,SAMI,72,105,204.0,2.0,201.0,13.0,3.0
301885,SAMI,164,177,197.0,1.0,197.0,3.5,0.0
485646,SAMI,7,163,169.0,60.5,,,
41354,SAMI,55,157,57.0,3.5,7.0,89.5,50.0
418971,SAMI,11,52,220.0,36.0,,,
278909,SAMI,21,94,152.0,4.5,,,
272571,SAMI,22,162,253.0,11.0,,,
544812,SAMI,81,172,174.0,3.5,173.0,38.0,1.0
423416,SAMI,39,130,103.0,15.5,,,
486275,SAMI,112,168,181.0,1.5,179.0,5.500000000000001,2.0
619224,SAMI,37,167,168.0,5.0,,,
513267,SAMI,7,11,,,,,
84107,SAMI,153,175,174.0,3.5,176.0,17.000000000000004,2.0
197866,SAMI,89,128,203.0,3.0,198.0,6.5,5.0
504882,SAMI,86,123,191.0,3.0,190.0,7.5,1.0
278804,SAMI,46,81,253.0,5.5,,,
252005,SAMI,127,129,10.0,0.5,9.0,2.0,1.0
600014,SAMI,36,138,138.0,7.0,,,
185224,SAMI,87,62,31.0,1.0,24.0,1.0,7.0
216149,SAMI,62,2,,,259.0,4.5,
593526,SAMI,51,145,9.0,89.5,45.0,4.5,36.0
41274,SAMI,82,18,226.0,11.5,,,
600312,SAMI,89,162,221.0,89.5,33.0,8.5,172.0
288992,SAMI,173,2,136.0,6.0,,,
86115,SAMI,84,170,38.0,86.0,10.0,11.499999999999998,28.0
534793,SAMI,7,12,,,,,
600882,SAMI,45,6,,,,,
290071,SAMI,95,178,33.0,89.5,23.0,25.0,10.0
601102,SAMI,51,28,225.0,15.0,,,
230836,SAMI,166,2,182.0,20.000000000000007,,,
463148,SAMI,44,103,,,10.0,3.5,
137841,SAMI,39,87,,,324.0,17.0,
517278,SAMI,171,172,102.0,3.5,21.0,2.0,81.0
79690,SAMI,11,16,,,,,
386431,SAMI,11,46,,,,,
137809,SAMI,55,72,157.0,3.5,156.0,2.5,1.0
106042,SAMI,165,161,264.0,4.5,266.0,4.0,2.0
36880,SAMI,140,143,20.0,4.5,23.0,1.5,3.0
204983,SAMI,117,158,215.0,4.0,217.0,1.0,2.0
593117,SAMI,57,104,106.0,6.5,105.0,2.0,1.0
205097,SAMI,80,102,85.0,13.0,85.0,3.5,0.0
278684,SAMI,26,72,,,149.0,17.5,
91589,SAMI,170,168,25.0,3.0,28.0,0.5,3.0
324753,SAMI,3,38,,,,,
517211,SAMI,67,0,44.0,7.0,,,
215335,SAMI,53,62,213.0,42.0,230.0,21.0,17.0
485046,SAMI,128,178,222.0,14.0,229.0,2.5,7.0
347470,SAMI,67,103,326.0,7.5,326.0,0.5,0.0
79670,SAMI,37,66,,,290.0,4.0,
521768,SAMI,90,163,122.0,10.0,121.0,2.0,1.0
227079,SAMI,22,94,,,286.0,15.5,
611223,SAMI,18,65,,,31.0,8.0,
93259,SAMI,100,180,336.0,21.0,335.0,3.5,1.0
22839,SAMI,45,96,,,128.0,8.0,
492957,SAMI,30,128,,,115.0,4.5,
55905,SAMI,35,159,,,168.0,6.5,
575579,SAMI,9,27,,,,,
273750,SAMI,38,145,,,335.0,4.5,
41302,SAMI,41,102,,,334.0,3.5,
296713,SAMI,5,27,,,,,
239109,SAMI,132,161,111.0,3.0,113.0,0.5,2.0
220383,SAMI,16,0,,,,,
509576,SAMI,2,132,,,260.0,9.5,
91579,SAMI,1,55,,,62.0,3.0,
205166,SAMI,28,36,,,,,
536173,SAMI,25,49,,,,,
487027,SAMI,167,181,282.0,4.0,282.0,2.5,0.0
548914,SAMI,66,97,318.0,5.0,320.0,0.5,2.0
47652,SAMI,71,121,182.0,45.0,181.0,12.000000000000002,1.0
534710,SAMI,40,131,,,152.0,4.0,
617665,SAMI,16,30,,,,,
185557,SAMI,0,70,260.0,89.5,,,
229167,SAMI,122,164,164.0,2.0,164.0,4.5,0.0
296639,SAMI,118,155,306.0,3.5,309.0,9.0,3.0
79444,SAMI,13,31,,,,,
41180,SAMI,43,0,,,,,
106717,SAMI,183,179,252.0,2.0,251.0,3.0,1.0
492883,SAMI,78,103,357.0,2.0,347.0,7.0,10.0
231528,SAMI,57,17,,,95.0,8.5,
79098,SAMI,80,175,276.0,17.0,345.0,89.5,69.0
202399,SAMI,144,73,101.0,3.5,60.0,9.5,41.0
463264,SAMI,49,114,92.0,2.5,,,
371889,SAMI,77,24,,,295.0,1.5,
460374,SAMI,165,159,336.0,1.5,335.0,2.0,1.0
508180,SAMI,119,88,297.0,2.0,294.0,9.0,3.0
609571,SAMI,77,107,30.0,8.0,39.0,32.0,9.0
39365,SAMI,42,87,178.0,23.499999999999993,,,
23865,SAMI,17,88,48.0,43.5,,,
486276,SAMI,63,94,225.0,0.5,215.0,6.5,10.0
346839,SAMI,55,15,,,177.0,4.500000000000005,
618930,SAMI,56,0,,,238.0,12.5,
386720,SAMI,83,129,302.0,1.0,304.0,9.5,2.0
493838,SAMI,83,14,,,152.0,4.5,
382563,SAMI,85,171,252.0,3.0,254.0,44.0,2.0
396621,SAMI,136,47,,,75.0,4.0,
594967,SAMI,20,57,159.0,10.5,,,
230174,SAMI,1,121,308.0,12.5,,,
53770,SAMI,66,177,86.0,12.0,19.0,89.5,67.0
567736,SAMI,39,146,286.0,22.5,,,
186717,SAMI,34,131,216.0,4.5,,,
560718,SAMI,52,112,264.0,21.0,145.0,89.5,119.0
320254,SAMI,46,109,312.0,5.0,,,
240202,SAMI,172,172,134.0,32.0,14.0,89.5,120.0
594674,SAMI,24,132,105.0,6.0,,,
239292,SAMI,49,83,292.0,2.5,,,
238360,SAMI,43,80,134.0,3.0,,,
301346,SAMI,92,180,287.0,1.5,282.0,4.0,5.0
99430,SAMI,66,113,60.0,5.0,74.0,32.5,14.0
298190,SAMI,0,86,320.0,16.5,,,
346718,SAMI,23,108,317.0,11.5,,,
229263,SAMI,14,43,,,,,
39145,SAMI,81,155,356.0,3.5,347.0,5.5,9.0
567598,SAMI,108,147,246.0,1.0,244.0,3.0,2.0
463119,SAMI,98,156,165.0,2.0,161.0,10.5,4.0
463668,SAMI,170,164,2.0,0.5,359.0,2.999999999999998,3.0
69620,SAMI,146,177,151.0,6.0,166.0,21.5,15.0
70777,SAMI,44,114,25.0,7.0,,,
287824,SAMI,165,179,153.0,0.5,155.0,1.0,2.0
574008,SAMI,120,185,105.0,1.5,108.0,7.0,3.0
567750,SAMI,5,34,,,,,
144327,SAMI,126,174,47.0,5.5,44.0,1.0,3.0
273296,SAMI,143,172,13.0,15.0,14.0,4.5,1.0
177481,SAMI,25,70,,,309.0,8.5,
47460,SAMI,129,170,93.0,3.5,93.0,1.5,0.0
239092,SAMI,127,177,231.0,89.5,265.0,43.5,34.0
298738,SAMI,91,178,351.0,12.000000000000002,351.0,2.0,0.0
184834,SAMI,13,163,,,81.0,9.0,
537163,SAMI,19,181,,,252.0,10.5,
544084,SAMI,8,142,,,153.0,5.5,
297694,SAMI,0,108,,,200.0,89.5,
40283,SAMI,61,176,242.0,89.5,224.0,13.5,18.0
220328,SAMI,124,0,106.0,6.5,,,
592835,SAMI,88,159,62.0,9.0,63.0,1.5,1.0
422933,SAMI,76,160,159.0,7.0,164.0,3.0,5.0
279261,SAMI,28,69,,,123.0,20.0,
91963,SAMI,176,63,51.0,3.5,52.0,2.0,1.0
230567,SAMI,132,1,0.0,6.500000000000006,,,
346046,SAMI,62,0,186.0,8.5,,,
273336,SAMI,192,0,217.0,2.5,,,
278109,SAMI,131,0,4.0,3.000000000000008,,,
91568,SAMI,69,20,176.0,8.000000000000007,,,
365334,SAMI,87,73,254.0,7.5,251.0,3.5,3.0
176934,SAMI,14,46,,,,,
8913,SAMI,27,81,,,208.0,21.5,
599862,SAMI,0,126,,,309.0,8.5,
23619,SAMI,76,63,282.0,5.5,283.0,2.0,1.0
16426,SAMI,10,0,,,,,
228105,SAMI,181,173,157.0,17.5,167.0,11.0,10.0
611629,SAMI,37,74,,,227.0,10.0,
79529,SAMI,12,154,,,134.0,9.0,
543552,SAMI,34,0,,,,,
230837,SAMI,32,0,,,,,
64646,SAMI,173,173,116.0,4.5,116.0,1.0,0.0
288756,SAMI,22,7,,,,,
63210,SAMI,46,77,,,173.0,1.5,
321035,SAMI,54,24,326.0,14.0,,,
382158,SAMI,63,0,41.0,5.5,,,
485919,SAMI,141,171,212.0,4.0,211.0,1.5,1.0
22887,SAMI,150,172,71.0,3.0,71.0,1.5,0.0
372599,SAMI,35,0,,,,,
15898,SAMI,133,162,38.0,3.0,37.0,1.0,1.0
176868,SAMI,20,28,,,,,
48016,SAMI,52,87,156.0,16.500000000000004,161.0,0.5,5.0
623272,SAMI,112,112,180.0,3.0000000000000004,177.0,2.999999999999998,3.0
184368,SAMI,179,175,121.0,2.5,122.0,1.5,1.0
106331,SAMI,79,181,216.0,27.000000000000004,203.0,3.0,13.0
517130,SAMI,5,20,,,,,
619737,SAMI,122,172,228.0,9.0,227.0,2.5,1.0
537361,SAMI,190,188,247.0,2.0,253.0,0.5,6.0
62435,SAMI,46,153,,,343.0,4.5,
372541,SAMI,25,94,52.0,7.5,,,
184283,SAMI,13,53,225.0,5.0,,,
558887,SAMI,38,139,144.0,7.5,,,
78406,SAMI,26,156,328.0,10.5,,,
551656,SAMI,111,151,77.0,6.0,77.0,10.5,0.0
144178,SAMI,182,173,260.0,8.0,263.0,13.0,3.0
584013,SAMI,133,159,185.0,4.5,182.0,12.000000000000007,3.0
324963,SAMI,110,161,98.0,2.0,100.0,9.5,2.0
594906,SAMI,50,148,134.0,2.0,137.0,10.0,3.0
290052,SAMI,2,78,140.0,41.99999999999999,,,
324179,SAMI,38,164,144.0,10.0,,,
137155,SAMI,0,106,302.0,12.0,,,
492941,SAMI,52,13,,,0.0,14.000000000000004,
210467,SAMI,28,0,,,,,
227617,SAMI,56,53,276.0,20.5,276.0,42.0,0.0
381979,SAMI,91,69,94.0,1.0,92.0,7.0,2.0
323855,SAMI,182,182,98.0,2.0,98.0,3.5,0.0
549180,SAMI,184,183,156.0,2.5,159.0,3.0,3.0
545306,SAMI,93,187,167.0,0.5,165.0,11.0,2.0
323854,SAMI,113,107,130.0,3.5,124.0,6.0,6.0
48681,SAMI,60,0,,,147.0,33.5,
378104,SAMI,41,0,,,,,
301937,SAMI,85,11,,,216.0,89.5,
527984,SAMI,128,39,,,357.0,7.0,
319293,SAMI,38,11,,,,,
69986,SAMI,136,126,214.0,6.0,209.0,2.0,5.0
279066,SAMI,0,110,,,121.0,89.5,
319067,SAMI,101,0,159.0,7.5,,,
21836,SAMI,8,40,,,,,
376163,SAMI,19,29,,,,,
273654,SAMI,91,0,280.0,89.5,,,
9062,SAMI,112,10,195.0,4.0,,,
297557,SAMI,11,51,,,340.0,29.500000000000004,
422486,SAMI,21,121,,,40.0,13.5,
300406,SAMI,133,25,76.0,28.5,,,
583508,SAMI,47,139,,,51.0,7.5,
289102,SAMI,170,6,250.0,4.0,,,
279160,SAMI,24,139,,,339.0,13.0,
106507,SAMI,77,133,156.0,13.5,156.0,2.5,0.0
493812,SAMI,36,96,,,36.0,5.5,
545157,SAMI,55,162,169.0,89.5,189.0,10.0,20.0
230719,SAMI,18,18,,,,,
535417,SAMI,41,85,,,62.0,34.5,
85479,SAMI,85,103,161.0,23.500000000000007,152.0,7.5,9.0
517249,SAMI,87,173,43.0,89.5,49.0,6.0,6.0
543797,SAMI,53,47,308.0,15.0,,,
534885,SAMI,7,110,,,90.0,15.5,
536963,SAMI,48,18,,,,,
230898,SAMI,3,21,,,,,
41164,SAMI,29,178,,,64.0,7.5,
227618,SAMI,94,180,80.0,11.0,78.0,3.0,2.0
31912,SAMI,49,11,,,,,
106376,SAMI,186,194,261.0,20.0,249.0,8.0,12.0
272488,SAMI,72,0,310.0,7.0,,,
618108,SAMI,91,70,223.0,6.0,220.0,5.5,3.0
144402,SAMI,161,172,320.0,2.5,314.0,1.5,6.0
551488,SAMI,40,143,,,292.0,2.5,
570110,SAMI,2,79,,,2.0,10.0,
204490,SAMI,78,31,82.0,8.0,,,
22582,SAMI,89,1,219.0,13.5,,,
289197,SAMI,192,0,173.0,3.0,,,
537365,SAMI,113,16,188.0,3.5,,,
271455,SAMI,69,85,352.0,7.0,350.0,1.5,2.0
536235,SAMI,107,2,357.0,53.5,,,
594053,SAMI,78,55,307.0,10.5,317.0,6.5,10.0
422292,SAMI,52,1,86.0,5.0,,,
511923,SAMI,24,0,,,,,
289170,SAMI,88,0,267.0,13.5,,,
138291,SAMI,30,108,,,214.0,8.0,
177232,SAMI,89,0,140.0,89.5,,,
23117,SAMI,123,177,329.0,5.0,327.0,1.0,2.0
320124,SAMI,7,0,,,,,
53771,SAMI,20,67,,,58.0,89.5,
505316,SAMI,106,126,256.0,2.5,261.0,0.5,5.0
570197,SAMI,36,125,,,140.0,2.5,
185376,SAMI,16,0,,,,,
619995,SAMI,14,120,25.0,6.5,,,
202398,SAMI,87,95,222.0,5.0,214.0,10.5,8.0
106638,SAMI,181,106,356.0,8.0,353.0,11.000000000000007,3.0
622084,SAMI,61,177,125.0,18.5,111.0,89.5,14.0
347570,SAMI,20,48,,,,,
301382,SAMI,71,157,56.0,4.0,47.0,18.5,9.0
202673,SAMI,163,173,151.0,2.5,151.0,4.0,0.0
136980,SAMI,0,140,78.0,11.0,,,
493832,SAMI,142,157,234.0,1.0,236.0,2.0,2.0
619097,SAMI,85,162,196.0,2.0,200.0,12.0,4.0
85507,SAMI,46,43,,,,,
14812,SAMI,160,161,251.0,2.0,247.0,11.0,4.0
560333,SAMI,180,180,89.0,5.0,86.0,11.5,3.0
85707,SAMI,119,172,99.0,0.5,101.0,6.0,2.0
618935,SAMI,94,165,240.0,2.5,214.0,37.5,26.0
570174,SAMI,1,140,203.0,6.5,,,
593813,SAMI,47,0,,,,,
177046,SAMI,74,180,207.0,11.0,253.0,89.5,46.0
14697,SAMI,54,85,167.0,2.5,163.0,6.0,4.0
599582,SAMI,173,169,5.0,5.0,5.0,8.999999999999996,0.0
623043,SAMI,60,0,,,241.0,8.0,
49734,SAMI,92,98,355.0,1.5,359.0,4.999999999999999,4.0
238500,SAMI,48,0,,,,,
599761,SAMI,182,180,207.0,1.5,207.0,4.0,0.0
210660,SAMI,156,173,215.0,4.5,216.0,2.5,1.0
228564,SAMI,144,30,186.0,3.999999999999996,,,
220396,SAMI,181,0,91.0,4.5,,,
508315,SAMI,93,0,198.0,5.0,,,
279910,SAMI,65,1,51.0,29.5,,,
91988,SAMI,104,0,95.0,24.0,,,
288424,SAMI,11,49,,,,,
70107,SAMI,7,73,,,29.0,47.00000000000001,
537171,SAMI,49,103,,,332.0,5.5,
517334,SAMI,0,31,,,,,
30377,SAMI,0,104,,,274.0,16.5,
138132,SAMI,4,24,,,,,
567586,SAMI,4,101,,,195.0,9.5,
227134,SAMI,2,53,,,296.0,89.5,
550328,SAMI,118,167,248.0,3.0,241.0,1.5,7.0
463641,SAMI,58,80,217.0,19.5,196.0,3.0,21.0
230884,SAMI,14,0,,,,,
177354,SAMI,5,0,,,,,
594918,SAMI,35,68,,,337.0,11.5,
491460,SAMI,52,92,43.0,29.5,50.0,5.0,7.0
144465,SAMI,36,43,,,,,
143227,SAMI,81,22,90.0,14.5,,,
543553,SAMI,57,16,115.0,11.5,,,
78355,SAMI,83,75,189.0,3.5,189.0,2.0,0.0
611647,SAMI,23,177,,,17.0,4.5,
179584,SAMI,112,154,70.0,8.0,68.0,2.5,2.0
289089,SAMI,176,8,176.0,2.0,,,
79734,SAMI,41,129,,,109.0,7.5,
65278,SAMI,16,87,,,319.0,9.5,
585215,SAMI,70,0,88.0,89.5,,,
16828,SAMI,158,170,331.0,89.5,278.0,19.5,53.0
93062,SAMI,149,167,299.0,3.0,301.0,2.0,2.0
386673,SAMI,93,0,14.0,6.0,,,
205211,SAMI,61,0,169.0,89.5,,,
105519,SAMI,65,6,138.0,7.5,,,
272667,SAMI,120,162,96.0,37.5,93.0,8.0,3.0
238325,SAMI,48,0,,,,,
375751,SAMI,77,112,348.0,5.5,344.0,1.5,4.0
376184,SAMI,24,65,,,38.0,89.0,
601018,SAMI,31,20,,,,,
487175,SAMI,85,154,127.0,10.5,121.0,3.5,6.0
93604,SAMI,157,174,318.0,5.5,317.0,2.0,1.0
185365,SAMI,64,49,162.0,8.0,,,
228575,SAMI,28,66,,,60.0,22.0,
550781,SAMI,49,41,,,,,
79866,SAMI,114,3,254.0,7.0,,,
594992,SAMI,14,0,,,,,
537084,SAMI,183,63,309.0,2.5,305.0,1.0,4.0
136871,SAMI,41,0,,,,,
376033,SAMI,146,27,293.0,6.0,,,
79733,SAMI,162,133,204.0,10.5,203.0,7.5,1.0
136232,SAMI,109,0,221.0,3.5,,,
543738,SAMI,1,17,,,,,
422888,SAMI,1,74,,,141.0,18.0,
93885,SAMI,27,54,,,53.0,14.5,
40765,SAMI,25,156,,,357.0,85.5,
505788,SAMI,166,164,208.0,1.0,203.0,0.5,5.0
298980,SAMI,126,169,204.0,11.5,205.0,2.0,1.0
279840,SAMI,48,85,,,307.0,1.0,
32136,SAMI,0,74,,,191.0,89.5,
543554,SAMI,26,0,,,,,
537399,SAMI,50,168,6.0,45.5,346.0,3.5,20.0
92770,SAMI,100,162,342.0,18.5,348.0,2.0,6.0
23591,SAMI,28,51,,,138.0,11.0,
54455,SAMI,21,156,,,343.0,21.499999999999996,
549216,SAMI,26,61,,,270.0,7.5,
289198,SAMI,94,0,271.0,23.0,,,
30615,SAMI,74,0,12.0,9.499999999999998,,,
622787,SAMI,87,1,212.0,4.5,,,
78667,SAMI,113,184,254.0,13.5,247.0,2.5,7.0
210375,SAMI,72,0,330.0,5.0,,,
273952,SAMI,143,176,23.0,36.000000000000014,19.0,9.5,4.0
323558,SAMI,154,23,1.0,3.500000000000006,,,
22862,SAMI,0,0,,,,,
485529,SAMI,28,107,,,199.0,89.5,
296798,SAMI,5,52,130.0,89.5,,,
509852,SAMI,137,176,322.0,4.0,318.0,22.0,4.0
620091,SAMI,27,65,83.0,89.5,,,
271385,SAMI,100,65,341.0,2.5,353.0,8.0,12.0
511864,SAMI,42,106,203.0,40.000000000000014,,,
323566,SAMI,43,0,,,,,
279905,SAMI,185,134,41.0,5.0,191.0,2.5,150.0
289168,SAMI,50,1,,,47.0,89.5,
40491,SAMI,59,5,,,148.0,6.0,
514022,SAMI,55,15,,,259.0,89.5,
106839,SAMI,169,125,309.0,2.5,305.0,2.0,4.0
560982,SAMI,59,1,,,29.0,8.5,
77446,SAMI,137,174,304.0,2.5,306.0,7.0,2.0
228740,SAMI,112,130,276.0,1.5,273.0,3.5,3.0
319060,SAMI,95,9,,,35.0,4.0,
371171,SAMI,86,46,,,155.0,10.5,
227428,SAMI,49,108,251.0,3.5,,,
516973,SAMI,129,42,,,148.0,3.5,
278840,SAMI,133,126,133.0,2.5,316.0,6.5,177.0
301098,SAMI,37,106,318.0,64.0,,,
298106,SAMI,13,89,166.0,11.0,,,
204868,SAMI,33,97,222.0,9.0,,,
184648,SAMI,178,73,304.0,1.0,121.0,3.0,177.0
486213,SAMI,14,71,19.0,9.0,,,
183932,SAMI,5,93,305.0,89.0,,,
324323,SAMI,39,96,259.0,4.0,,,
49753,SAMI,24,146,60.0,8.0,,,
79850,SAMI,36,67,271.0,7.0,,,
346680,SAMI,13,147,177.0,30.000000000000007,,,
220371,SAMI,147,174,111.0,6.0,113.0,23.0,2.0
28654,SAMI,45,128,286.0,6.0,,,
376282,SAMI,22,170,122.0,6.5,,,
137328,SAMI,25,34,,,,,
143736,SAMI,88,20,,,256.0,5.0,
209743,SAMI,150,175,230.0,2.0,231.0,4.5,1.0
136624,SAMI,67,0,,,153.0,6.0,
508416,SAMI,134,174,320.0,2.5,319.0,7.0,1.0
508680,SAMI,67,180,283.0,6.5,279.0,34.0,4.0
396781,SAMI,119,124,16.0,1.0,15.0,1.5,1.0
144335,SAMI,80,18,,,35.0,89.5,
321059,SAMI,177,148,113.0,5.0,298.0,3.5,175.0
54921,SAMI,54,63,16.0,2.0,18.0,7.5,2.0
508632,SAMI,112,72,101.0,8.5,91.0,14.0,10.0
54198,SAMI,81,148,64.0,1.5,56.0,8.5,8.0
422411,SAMI,7,42,,,,,
55346,SAMI,42,97,349.0,14.500000000000002,,,
537367,SAMI,28,78,122.0,12.5,,,
98880,SAMI,112,1,,,197.0,18.5,
663440,SAMI,114,73,312.0,15.5,344.0,16.0,32.0
618947,SAMI,60,1,,,1.0,7.500000000000002,
622982,SAMI,28,88,65.0,15.5,,,
208892,SAMI,32,164,192.0,5.0,,,
486872,SAMI,142,188,235.0,1.5,237.0,3.0,2.0
30361,SAMI,103,4,,,51.0,8.0,
534760,SAMI,126,37,,,202.0,4.5,
517310,SAMI,19,87,359.0,30.499999999999996,,,
209708,SAMI,13,88,14.0,10.0,,,
17390,SAMI,91,25,,,356.0,36.0,
622588,SAMI,1,106,254.0,17.5,,,
298612,SAMI,76,167,311.0,3.0,304.0,24.5,7.0
522127,SAMI,1,58,318.0,15.0,,,
77373,SAMI,15,94,331.0,8.5,,,
290328,SAMI,75,110,154.0,0.5,154.0,4.5,0.0
622534,SAMI,18,81,60.0,5.0,,,
209701,SAMI,151,169,59.0,0.5,58.0,2.5,1.0
229369,SAMI,2,137,193.0,42.5,,,
9011900068,SAMI,21,0,,,,,
9011900097,SAMI,36,0,,,,,
40197,SAMI,93,49,,,3.0,9.5,
9011900392,SAMI,21,0,,,,,
9403800745,SAMI,55,29,,,274.0,34.5,
77226,SAMI,62,70,121.0,3.0,120.0,14.0,1.0
9011900100,SAMI,86,0,,,42.0,2.5,
9016800106,SAMI,31,1,,,,,
9403801010,SAMI,137,0,,,115.0,2.5,
9091700231,SAMI,56,117,296.0,2.5,303.0,1.0,7.0
9008500938,SAMI,66,93,52.0,10.0,53.0,3.5,1.0
9016800061,SAMI,154,23,234.0,3.5,,,
9388000785,SAMI,39,36,,,,,
463367,SAMI,98,171,193.0,9.5,196.0,2.0,3.0
9008500117,SAMI,25,15,,,,,
9388001017,SAMI,118,63,254.0,4.0,261.0,3.0,7.0
9239900362,SAMI,81,10,23.0,76.0,,,
9239900236,SAMI,62,50,50.0,11.5,50.0,4.5,0.0
9403800272,SAMI,180,158,258.0,42.5,267.0,28.5,9.0
9044200188,SAMI,33,83,,,345.0,2.5,
9403800473,SAMI,82,0,222.0,14.0,,,
9239900100,SAMI,86,2,30.0,5.0,,,
9011900020,SAMI,21,0,,,,,
9016800131,SAMI,56,98,96.0,12.0,100.0,6.0,4.0
9016800185,SAMI,158,177,169.0,3.5,173.0,2.0,4.0
9016800160,SAMI,149,1,192.0,4.5,,,
9239900063,SAMI,82,126,285.0,15.5,286.0,4.0,1.0
9011900183,SAMI,70,1,263.0,5.5,,,
9011900752,SAMI,25,0,,,,,
9403801088,SAMI,143,145,322.0,5.0,316.0,2.0,6.0
9091700242,SAMI,46,0,,,,,
9011900440,SAMI,107,0,84.0,3.5,,,
9044200062,SAMI,48,0,,,,,
9403800690,SAMI,154,176,263.0,4.5,262.0,2.0,1.0
9008500673,SAMI,165,171,99.0,4.5,100.0,3.5,1.0
9011900057,SAMI,148,0,265.0,2.0,,,
9044200155,SAMI,76,1,179.0,2.499999999999998,,,
9403800032,SAMI,112,0,183.0,86.5,,,
9011900030,SAMI,174,75,243.0,1.5,271.0,1.0,28.0
9011900383,SAMI,138,0,296.0,4.0,,,
9239901253,SAMI,23,11,,,,,
9388000044,SAMI,35,0,,,,,
9044200004,SAMI,189,11,310.0,6.0,,,
9044200158,SAMI,183,0,243.0,89.5,,,
9388000827,SAMI,27,1,,,,,
9403800001,SAMI,187,0,247.0,24.0,,,
9239900659,SAMI,48,88,,,229.0,3.0,
9008500586,SAMI,25,0,,,,,
9403800184,SAMI,200,0,129.0,4.5,,,
9016800163,SAMI,31,0,,,,,
9008500296,SAMI,61,0,204.0,5.5,,,
9403800215,SAMI,192,1,302.0,5.0,,,
9388000921,SAMI,86,0,57.0,4.5,,,
9016800009,SAMI,53,0,97.0,33.0,,,
9388000068,SAMI,170,9,81.0,10.0,,,
9239901098,SAMI,34,40,,,,,
9016800246,SAMI,43,68,,,151.0,8.5,
9239900354,SAMI,60,1,61.0,6.5,,,
9016800416,SAMI,97,1,25.0,4.0,,,
9388000807,SAMI,64,0,104.0,9.0,,,
9388000113,SAMI,74,180,57.0,16.5,48.0,3.5,9.0
9388000139,SAMI,116,81,82.0,6.0,92.0,11.0,10.0
9239900390,SAMI,96,16,17.0,4.5,,,
9388000120,SAMI,101,0,44.0,6.5,,,
9008500158,SAMI,54,37,161.0,7.0,,,
9239900002,SAMI,58,78,19.0,42.5,13.0,10.5,6.0
9008500376,SAMI,70,0,255.0,10.5,,,
9239900009,SAMI,77,10,203.0,2.5,,,
9239900403,SAMI,86,2,42.0,7.5,,,
9403800016,SAMI,71,0,229.0,18.5,,,
9403800140,SAMI,51,2,180.0,10.0,,,
9011900012,SAMI,42,0,,,,,
9011900017,SAMI,27,0,,,,,
9011900279,SAMI,147,11,281.0,4.5,,,
9011900044,SAMI,24,0,,,,,
9011900238,SAMI,23,0,,,,,
9011900328,SAMI,44,12,,,,,
9403800101,SAMI,108,1,92.0,3.0,,,
9011900691,SAMI,30,51,,,154.0,5.0,
9403800637,SAMI,105,1,319.0,4.0,,,
9011900807,SAMI,99,143,227.0,6.5,224.0,1.0,3.0
9403801281,SAMI,102,70,116.0,11.0,114.0,7.0,2.0
9239900001,SAMI,125,0,202.0,5.0,,,
9016800228,SAMI,64,56,59.0,12.5,56.0,5.5,3.0
9388000084,SAMI,45,0,,,,,
9044200305,SAMI,153,187,227.0,3.0,229.0,1.0,2.0
9011900441,SAMI,137,92,180.0,5.000000000000007,173.0,2.0,7.0
9403800169,SAMI,172,147,276.0,3.0,275.0,2.5,1.0
9388000027,SAMI,97,0,1.0,12.999999999999996,,,
9016800092,SAMI,110,167,241.0,8.0,242.0,4.0,1.0
9008500190,SAMI,63,0,268.0,89.5,,,
9011900123,SAMI,42,0,,,,,
9008500716,SAMI,67,0,169.0,5.0,,,
9008500897,SAMI,66,0,203.0,10.0,,,
9388000496,SAMI,61,73,153.0,7.5,148.0,2.5,5.0
9011900934,SAMI,35,0,,,,,
9239900852,SAMI,117,155,285.0,4.0,288.0,0.5,3.0
9011900288,SAMI,71,0,143.0,10.0,,,
9388000156,SAMI,70,119,270.0,37.0,259.0,9.0,11.0
9044200090,SAMI,45,0,,,,,
9008500701,SAMI,97,77,345.0,7.0,340.0,3.0,5.0
9011900535,SAMI,84,2,270.0,3.5,,,
9403800315,SAMI,39,2,,,,,
9011900735,SAMI,31,108,,,147.0,23.5,
9091700038,SAMI,95,0,150.0,6.0,,,
9091700123,SAMI,49,80,,,21.0,11.5,
9044200042,SAMI,125,1,344.0,4.5,,,
9403800958,SAMI,70,36,345.0,15.999999999999998,,,
9008500939,SAMI,124,140,244.0,4.0,248.0,0.5,4.0
9016800047,SAMI,116,0,289.0,2.0,,,
9044200121,SAMI,72,102,113.0,12.0,123.0,4.5,10.0
9403800349,SAMI,159,1,339.0,2.0,,,
9388000067,SAMI,33,0,,,,,
9239900127,SAMI,51,0,141.0,19.5,,,
9239900105,SAMI,120,0,56.0,5.5,,,
9008500359,SAMI,35,0,,,,,
9008500351,SAMI,69,0,164.0,7.5,,,
9008500663,SAMI,40,0,,,,,
9403800131,SAMI,143,150,62.0,12.0,68.0,4.0,6.0
9008500735,SAMI,46,0,,,,,
9239900357,SAMI,52,108,125.0,20.5,116.0,4.0,9.0
9008500477,SAMI,89,0,329.0,16.0,,,
9388000065,SAMI,141,16,146.0,2.5,,,
9016800245,SAMI,136,176,93.0,15.0,96.0,3.0,3.0
9044200249,SAMI,60,17,68.0,6.0,,,
9008500083,SAMI,47,0,,,,,
9008500723,SAMI,107,0,59.0,8.0,,,
9044200383,SAMI,65,0,319.0,10.5,,,
9403800064,SAMI,106,0,187.0,8.000000000000007,,,
9239900663,SAMI,126,169,40.0,7.0,41.0,1.0,1.0
9008500333,SAMI,70,16,157.0,7.0,,,
9008500690,SAMI,77,20,204.0,8.0,,,
9388000058,SAMI,142,0,81.0,1.5,,,
9403800168,SAMI,179,7,327.0,4.0,,,
9016800259,SAMI,39,0,,,,,
9016800304,SAMI,44,0,,,,,
9011900150,SAMI,83,1,304.0,10.0,,,
9008500268,SAMI,174,177,170.0,3.5,170.0,1.5,0.0
9239900398,SAMI,42,0,,,,,
9091700076,SAMI,45,13,,,,,
9011900263,SAMI,47,0,,,,,
9011900776,SAMI,88,0,263.0,4.5,,,
9011900175,SAMI,106,0,8.0,89.0,,,
9008500093,SAMI,31,0,,,,,
9016800039,SAMI,105,5,15.0,4.5,,,
9008500134,SAMI,34,1,,,,,
9011900351,SAMI,56,0,177.0,8.500000000000007,,,
9016800412,SAMI,95,0,118.0,5.5,,,
9011900084,SAMI,145,95,265.0,2.0,253.0,2.0,12.0
9403800073,SAMI,119,1,240.0,10.0,,,
9011900696,SAMI,116,0,74.0,11.0,,,
9008500245,SAMI,88,7,278.0,7.0,,,
9008501024,SAMI,73,0,92.0,18.5,,,
9239900395,SAMI,30,32,,,,,
9016800095,SAMI,93,86,297.0,8.0,291.0,3.5,6.0
9091700005,SAMI,36,0,,,,,
9016800080,SAMI,107,1,87.0,7.0,,,
9091700014,SAMI,50,0,282.0,9.0,,,
9044200215,SAMI,43,0,,,,,
9239900152,SAMI,108,0,70.0,10.5,,,
9239900457,SAMI,68,0,40.0,8.5,,,
9044200070,SAMI,60,1,149.0,15.5,,,
9091700025,SAMI,104,3,213.0,11.0,,,
9011900014,SAMI,38,0,,,,,
9011900202,SAMI,41,0,,,,,
9011900285,SAMI,33,1,,,,,
9403800044,SAMI,53,0,208.0,16.5,,,
9011900590,SAMI,47,0,,,,,
9044200269,SAMI,65,49,91.0,10.5,,,
9403800111,SAMI,55,0,136.0,32.0,,,
9239900268,SAMI,102,52,343.0,4.5,344.0,3.5,1.0
9008500316,SAMI,140,141,254.0,5.0,258.0,1.5,4.0
9239900120,SAMI,99,168,228.0,8.5,226.0,1.0,2.0
9008500100,SAMI,59,13,255.0,12.5,,,
9008500264,SAMI,72,43,319.0,7.5,,,
9239900138,SAMI,24,1,,,,,
9011900557,SAMI,123,2,47.0,2.5,,,
9011900714,SAMI,126,0,76.0,5.5,,,
9008500302,SAMI,107,1,273.0,4.0,,,
9403800586,SAMI,179,1,66.0,2.0,,,
9239900003,SAMI,65,1,47.0,17.0,,,
9044200130,SAMI,57,0,47.0,8.5,,,
9239900300,SAMI,94,2,137.0,3.5,,,
9008500751,SAMI,46,0,,,,,
9008500169,SAMI,82,1,101.0,23.0,,,
9008500717,SAMI,49,179,,,261.0,2.5,
9011900708,SAMI,148,99,205.0,5.5,192.0,9.5,13.0
9011900274,SAMI,44,0,,,,,
9403800114,SAMI,123,2,27.0,7.0,,,
9008500890,SAMI,99,1,237.0,5.5,,,
9011900785,SAMI,35,0,,,,,
9011900137,SAMI,72,3,203.0,6.5,,,
9388000124,SAMI,100,77,311.0,26.0,11.0,5.0,60.0
9403800404,SAMI,96,85,206.0,6.5,211.0,3.5,5.0
9239900567,SAMI,31,0,,,,,
9008500472,SAMI,62,76,115.0,14.0,124.0,4.5,9.0
9011900051,SAMI,100,4,285.0,4.0,,,
9011900128,SAMI,39,52,,,153.0,8.5,
9239900386,SAMI,70,0,279.0,5.0,,,
9016800130,SAMI,94,7,355.0,8.000000000000007,,,
9011900492,SAMI,97,4,325.0,3.5,,,
9011900321,SAMI,134,0,231.0,4.0,,,
9008500099,SAMI,27,0,,,,,
9403800746,SAMI,52,1,167.0,20.000000000000004,,,
9008500193,SAMI,26,0,,,,,
9008500204,SAMI,44,12,,,,,
9011900450,SAMI,106,129,334.0,4.5,331.0,2.0,3.0
9008500282,SAMI,35,0,,,,,
9239900017,SAMI,30,0,,,,,
9239900114,SAMI,27,0,,,,,
9011900367,SAMI,137,145,173.0,2.0,169.0,1.0,4.0
9008500128,SAMI,63,0,143.0,13.0,,,
9091700001,SAMI,151,1,94.0,89.5,,,
9008501077,SAMI,61,0,34.0,17.5,,,
9011900453,SAMI,38,0,,,,,
9403800123,SAMI,195,36,302.0,1.0,,,
9011900757,SAMI,175,70,2.0,3.5000000000000004,358.0,3.500000000000005,4.0
9091700002,SAMI,25,0,,,,,
9091700143,SAMI,45,1,,,,,
9011900186,SAMI,64,5,65.0,6.5,,,
9011900329,SAMI,51,0,151.0,17.0,,,
9011900353,SAMI,75,1,127.0,6.5,,,
9011900684,SAMI,58,8,342.0,14.5,,,
9008500001,SAMI,156,57,127.0,89.5,142.0,6.5,15.0
9016800346,SAMI,27,3,,,,,
9016800424,SAMI,36,0,,,,,
9403800559,SAMI,69,1,134.0,21.0,,,
9403800381,SAMI,95,0,51.0,6.5,,,
9016800069,SAMI,115,1,49.0,6.0,,,
9008500172,SAMI,49,0,,,,,
9016800216,SAMI,90,48,214.0,3.5,,,
9008500185,SAMI,26,34,,,,,
9008500454,SAMI,41,13,,,,,
9403800763,SAMI,133,1,48.0,5.0,,,
9008500110,SAMI,87,11,56.0,5.0,,,
9008500062,SAMI,122,4,273.0,3.0,,,
9008500246,SAMI,63,0,212.0,7.0,,,
9011900166,SAMI,183,151,113.0,5.0,114.0,4.0,1.0
9008500461,SAMI,27,84,,,182.0,4.4999999999999964,
9388000269,SAMI,75,94,215.0,5.0,219.0,0.5,4.0
9016800110,SAMI,120,86,89.0,4.0,91.0,4.0,2.0
9008500862,SAMI,78,1,74.0,6.0,,,
9044200007,SAMI,60,0,294.0,9.0,,,
9011900157,SAMI,28,0,,,,,
9011900174,SAMI,26,11,,,,,
9011900228,SAMI,38,0,,,,,
9011900322,SAMI,42,0,,,,,
9403800319,SAMI,56,0,289.0,18.0,,,
9008500857,SAMI,49,174,,,274.0,3.5,
9011900520,SAMI,28,0,,,,,
9403800165,SAMI,84,2,324.0,11.5,,,
9044200015,SAMI,134,9,335.0,6.5,,,
9403800021,SAMI,141,0,236.0,2.0,,,
9011900479,SAMI,130,0,288.0,3.5,,,
9008500624,SAMI,25,23,,,,,
9008500753,SAMI,37,0,,,,,
9016800171,SAMI,30,0,,,,,
9091700202,SAMI,97,172,142.0,15.5,159.0,3.0,17.0
9239900135,SAMI,34,0,,,,,
9011900789,SAMI,102,96,336.0,4.0,336.0,2.0,0.0
9008500107,SAMI,110,66,346.0,3.0,353.0,0.5,7.0
9044200057,SAMI,62,0,258.0,13.0,,,
9388000338,SAMI,88,132,256.0,6.0,258.0,2.0,2.0
9008500002,SAMI,177,56,350.0,89.5,256.0,14.0,94.0
9008500511,SAMI,160,53,88.0,2.0,93.0,0.5,5.0
9011900208,SAMI,25,0,,,,,
9011900147,SAMI,180,143,99.0,2.0,107.0,1.5,8.0
9044200316,SAMI,81,1,219.0,3.5,,,
9403800083,SAMI,94,0,19.0,4.0,,,
9388000101,SAMI,29,0,,,,,
9011900091,SAMI,91,1,19.0,6.0,,,
9011900261,SAMI,79,0,309.0,18.0,,,
9008500210,SAMI,33,0,,,,,
9008500240,SAMI,42,0,,,,,
9008500307,SAMI,42,0,,,,,
9011900622,SAMI,88,1,75.0,7.5,,,
9008500160,SAMI,43,0,,,,,
9008500181,SAMI,33,29,,,,,
9011900271,SAMI,53,73,144.0,18.0,158.0,6.0,14.0
9403800814,SAMI,137,50,200.0,3.0,204.0,4.5,4.0
9016800287,SAMI,163,162,298.0,5.5,300.0,4.5,2.0
9008500004,SAMI,91,0,39.0,42.0,,,
9011900163,SAMI,36,0,,,,,
9008500314,SAMI,65,0,48.0,26.5,,,
9008500681,SAMI,25,50,235.0,9.5,,,
9011900348,SAMI,23,0,,,,,
9011900371,SAMI,41,0,,,,,
9008500209,SAMI,139,37,,,5.0,2.0,
9239900013,SAMI,38,0,,,,,
9388000190,SAMI,60,94,84.0,3.0,86.0,10.0,2.0
9239900346,SAMI,31,46,,,,,
9091700135,SAMI,101,0,,,201.0,6.0,
9011900451,SAMI,70,2,,,92.0,6.0,
9011900343,SAMI,49,0,,,,,
9403800352,SAMI,187,186,251.0,1.0,251.0,2.5,0.0
9011900281,SAMI,102,11,,,215.0,3.5,
9091700107,SAMI,39,1,,,,,
9091700444,SAMI,65,90,143.0,2.0,139.0,5.0,4.0
9091700062,SAMI,52,8,,,182.0,15.000000000000005,
9011900287,SAMI,112,4,,,57.0,33.0,
9239900246,SAMI,74,85,204.0,3.0,206.0,6.0,2.0
9008500137,SAMI,25,0,,,,,
9011900347,SAMI,88,1,,,268.0,19.0,
9011900242,SAMI,122,111,346.0,1.5,340.0,5.0,6.0
9008500450,SAMI,42,5,,,,,
9008500182,SAMI,54,0,,,227.0,15.0,
9239900010,SAMI,20,1,,,,,
9008500339,SAMI,66,0,,,226.0,43.0,
9403800025,SAMI,166,4,,,70.0,3.5,
9011900599,SAMI,144,159,355.0,3.5,353.0,1.0,2.0
9403800521,SAMI,68,60,31.0,14.5,38.0,8.0,7.0
9008500080,SAMI,38,0,,,,,
9239900478,SAMI,79,0,75.0,4.0,,,
9011900865,SAMI,52,49,2.0,24.499999999999996,,,
9008500236,SAMI,55,0,4.0,14.000000000000004,,,
9016800236,SAMI,148,0,254.0,4.0,,,
9016800386,SAMI,43,30,,,,,
9403800149,SAMI,201,71,232.0,2.5,252.0,4.5,20.0
9403800057,SAMI,160,0,353.0,9.500000000000004,,,
9011900680,SAMI,143,28,21.0,11.0,,,
9008500492,SAMI,82,7,323.0,9.5,,,
9239900501,SAMI,47,0,,,,,
9016800079,SAMI,65,0,19.0,8.5,,,
9239900039,SAMI,62,0,247.0,20.5,,,
9239900112,SAMI,54,2,245.0,12.5,,,
9239900385,SAMI,67,45,38.0,6.0,,,
9091700022,SAMI,67,1,218.0,5.5,,,
9011900121,SAMI,37,0,,,,,
9011900245,SAMI,27,0,,,,,
9388000343,SAMI,191,192,52.0,2.0,50.0,1.0,2.0
9239900272,SAMI,31,101,,,283.0,4.0,
9044200205,SAMI,78,1,41.0,9.0,,,
9044200170,SAMI,113,14,239.0,5.0,,,
9403800462,SAMI,81,0,255.0,22.5,,,
9388000253,SAMI,25,0,,,,,
9239900035,SAMI,112,79,307.0,6.0,308.0,4.5,1.0
9011900302,SAMI,61,0,264.0,21.5,,,
9388000041,SAMI,68,0,107.0,4.5,,,
9008500251,SAMI,67,0,10.0,9.5,,,
9403801002,SAMI,147,2,132.0,5.0,,,
9388000914,SAMI,92,5,149.0,7.5,,,
9008500391,SAMI,80,6,317.0,7.5,,,
9008500631,SAMI,53,0,76.0,7.0,,,
9008500759,SAMI,57,0,182.0,10.499999999999998,,,
9008500615,SAMI,100,1,156.0,4.0,,,
9008500777,SAMI,61,4,127.0,5.0,,,
9388000088,SAMI,52,136,354.0,24.000000000000007,3.0,2.5,9.0
9239900827,SAMI,64,169,160.0,9.0,153.0,1.5,7.0
9008501218,SAMI,75,1,46.0,6.5,,,
9016800187,SAMI,85,0,98.0,14.0,,,
9091700201,SAMI,41,79,,,245.0,5.5,
9044200179,SAMI,85,0,105.0,4.5,,,
9239900630,SAMI,161,180,224.0,3.5,227.0,1.5,3.0
9016800008,SAMI,168,11,251.0,4.5,,,
9403800121,SAMI,56,0,145.0,19.5,,,
9403800390,SAMI,93,0,188.0,8.500000000000007,,,
9008500197,SAMI,48,0,,,,,
9403800047,SAMI,160,0,78.0,44.0,,,
9011900026,SAMI,41,0,,,,,
9011900037,SAMI,19,0,,,,,
9044200348,SAMI,113,63,127.0,4.5,129.0,6.5,2.0
9008500166,SAMI,86,37,293.0,7.0,,,
9011900113,SAMI,22,22,,,,,
9011900198,SAMI,32,0,,,,,
9011900072,SAMI,141,0,82.0,6.5,,,
9044200290,SAMI,169,176,44.0,18.5,52.0,8.5,8.0
9011900082,SAMI,117,1,355.0,4.0,,,
9388000006,SAMI,103,101,1.0,6.500000000000006,355.0,2.5,6.0
9016800105,SAMI,28,45,,,,,
9239900778,SAMI,90,149,197.0,13.0,201.0,4.0,4.0
9011900265,SAMI,140,0,319.0,7.5,,,
9403800551,SAMI,131,182,43.0,16.0,40.0,4.5,3.0
9011900170,SAMI,45,0,,,,,
9011900201,SAMI,41,0,,,,,
9011900222,SAMI,18,0,,,,,
9011900225,SAMI,42,24,,,,,
9011900342,SAMI,42,0,,,,,
9011900421,SAMI,33,0,,,,,
9239900082,SAMI,77,33,293.0,9.0,,,
9011900671,SAMI,38,0,,,,,
9016800087,SAMI,124,4,272.0,2.5,,,
9403800026,SAMI,43,0,,,,,
9008500646,SAMI,123,182,231.0,8.0,233.0,3.0,2.0
9011900759,SAMI,62,68,7.0,17.5,14.0,7.0,7.0
9016800272,SAMI,28,0,,,,,
9044200079,SAMI,60,0,87.0,11.5,,,
9239900178,SAMI,73,56,198.0,5.5,201.0,3.0,3.0
9016800385,SAMI,51,139,93.0,33.5,81.0,4.5,12.0
9403800003,SAMI,102,2,17.0,7.5,,,
9239901020,SAMI,36,0,,,,,
9016800317,SAMI,54,0,145.0,13.0,,,
9388000051,SAMI,50,2,118.0,14.0,,,
9239900366,SAMI,69,164,111.0,15.5,98.0,2.0,13.0
9008500018,SAMI,27,1,,,,,
9239900211,SAMI,112,0,15.0,4.0,,,
9008500362,SAMI,37,0,,,,,
9388000380,SAMI,68,4,266.0,16.5,,,
9403800560,SAMI,170,0,28.0,5.0,,,
9403800813,SAMI,159,2,3.0,2.0,,,
9239900222,SAMI,55,58,297.0,15.5,306.0,7.0,9.0
9008500256,SAMI,53,0,264.0,10.5,,,
9008500228,SAMI,64,13,33.0,7.5,,,
9388000391,SAMI,137,4,249.0,1.0,,,
9403800231,SAMI,50,1,215.0,23.0,,,
9011900376,SAMI,42,0,,,,,
9403800159,SAMI,59,1,150.0,8.0,,,
9403800694,SAMI,62,0,359.0,25.000000000000004,,,
9011900314,SAMI,50,0,185.0,12.500000000000007,,,
9239900370,SAMI,40,42,,,,,
9403800005,SAMI,140,0,255.0,12.5,,,
9239900088,SAMI,81,16,262.0,5.0,,,
9388000033,SAMI,93,10,227.0,4.0,,,
9011900024,SAMI,178,12,158.0,8.5,,,
9008500805,SAMI,21,36,,,,,
9008501058,SAMI,35,48,,,,,
9388000105,SAMI,80,0,279.0,7.5,,,
9008500535,SAMI,116,166,116.0,6.0,114.0,3.5,2.0
9239901328,SAMI,64,118,37.0,5.5,30.0,1.5,7.0
9403800007,SAMI,80,1,163.0,8.5,,,
9011900025,SAMI,34,0,,,,,
9388000046,SAMI,111,73,356.0,4.500000000000005,354.0,2.0,2.0
9403800397,SAMI,174,179,247.0,2.0,246.0,1.0,1.0
9008500096,SAMI,139,0,232.0,89.5,,,
9403800045,SAMI,116,0,92.0,24.0,,,
9403800187,SAMI,97,0,252.0,14.5,,,
9011900144,SAMI,59,1,37.0,12.5,,,
9016800109,SAMI,178,176,199.0,4.0,196.0,2.5,3.0
9011900272,SAMI,88,2,134.0,5.5,,,
9011900475,SAMI,48,89,,,175.0,4.5,
9011900617,SAMI,90,0,16.0,6.5,,,
9011900298,SAMI,111,9,7.0,41.99999999999999,,,
9008500171,SAMI,33,0,,,,,
9388000053,SAMI,47,70,,,76.0,3.5,
9011900254,SAMI,179,0,105.0,8.5,,,
9008500533,SAMI,39,1,,,,,
9008500542,SAMI,34,0,,,,,
9016800013,SAMI,38,0,,,,,
9388000073,SAMI,65,0,25.0,5.0,,,
9239901001,SAMI,133,14,141.0,18.0,,,
9008500292,SAMI,55,0,223.0,6.5,,,
9011900115,SAMI,45,0,,,,,
9011900251,SAMI,29,0,,,,,
9011900422,SAMI,26,0,,,,,
9016800314,SAMI,53,34,285.0,16.0,,,
9016800084,SAMI,72,0,241.0,7.5,,,
9403800619,SAMI,153,140,147.0,3.5,142.0,2.0,5.0
9008500220,SAMI,145,12,116.0,1.5,,,
9239900108,SAMI,146,10,252.0,7.5,,,
9044200032,SAMI,99,0,116.0,10.0,,,
9008500024,SAMI,89,2,130.0,10.5,,,
9403800035,SAMI,200,2,36.0,37.5,,,
9008500074,SAMI,171,181,182.0,3.000000000000006,184.0,0.5,2.0
9008501098,SAMI,47,35,,,,,
9011900772,SAMI,92,153,13.0,10.0,17.0,3.5,4.0
9388000219,SAMI,193,187,140.0,2.0,140.0,1.0,0.0
9008500070,SAMI,79,0,185.0,4.0,,,
9388000297,SAMI,57,146,179.0,29.5,197.0,3.5,18.0
9016800231,SAMI,50,20,69.0,89.5,,,
9011900038,SAMI,28,0,,,,,
9388000256,SAMI,143,153,254.0,4.5,257.0,1.5,3.0
9403800992,SAMI,129,191,202.0,23.0,204.0,5.5,2.0
9011900459,SAMI,26,0,,,,,
9008500356,SAMI,76,52,312.0,5.0,316.0,1.0,4.0
9016800138,SAMI,168,4,307.0,3.0,,,
9044200027,SAMI,57,0,245.0,6.5,,,
9011900460,SAMI,87,0,200.0,10.0,,,
9011900885,SAMI,100,0,72.0,6.0,,,
9403800004,SAMI,53,0,107.0,43.5,,,
9388000022,SAMI,22,0,,,,,
9016800276,SAMI,101,113,182.0,4.500000000000008,185.0,3.0,3.0
9011900152,SAMI,75,125,78.0,89.5,136.0,41.0,58.0
9008500463,SAMI,38,1,,,,,
9008500744,SAMI,40,1,,,,,
9016800093,SAMI,153,167,60.0,4.0,60.0,2.0,0.0
9403800017,SAMI,132,1,295.0,89.5,,,
9016800072,SAMI,46,0,,,,,
9016800143,SAMI,26,0,,,,,
9388000825,SAMI,70,0,331.0,5.5,,,
9239900416,SAMI,105,162,345.0,89.5,5.0,23.499999999999993,20.0
9239900034,SAMI,31,1,,,,,
9008500394,SAMI,63,0,114.0,5.5,,,
9239900196,SAMI,41,37,,,,,
9239900345,SAMI,47,2,,,,,
9403800757,SAMI,144,2,251.0,3.0,,,
9044200075,SAMI,90,130,134.0,9.0,132.0,2.0,2.0
9008500795,SAMI,96,0,318.0,20.5,,,
9008500951,SAMI,94,0,92.0,7.0,,,
9239900315,SAMI,37,68,,,29.0,2.5,
9011900816,SAMI,30,0,,,,,
9403800245,SAMI,32,76,,,67.0,10.5,
9403800371,SAMI,95,1,299.0,5.0,,,
9388000296,SAMI,42,43,,,,,
9403800148,SAMI,134,0,10.0,2.0,,,
9403800520,SAMI,77,0,72.0,22.5,,,
9008500034,SAMI,43,2,,,,,
9016800094,SAMI,36,0,,,,,
9016800156,SAMI,42,0,,,,,
9403800002,SAMI,175,3,103.0,2.5,,,
9016800358,SAMI,27,45,,,,,
9239900068,SAMI,35,0,,,,,
9239900803,SAMI,45,95,,,46.0,4.5,
9403800929,SAMI,110,0,183.0,5.000000000000002,,,
9239900131,SAMI,36,1,,,,,
9044200140,SAMI,48,0,,,,,
9008500007,SAMI,98,0,289.0,6.0,,,
9008500237,SAMI,73,0,6.0,7.500000000000001,,,
9239901116,SAMI,72,93,19.0,9.5,26.0,6.0,7.0
9044200204,SAMI,96,0,29.0,8.0,,,
9403800008,SAMI,76,1,32.0,5.5,,,
9044200028,SAMI,118,0,183.0,7.5000000000000036,,,
9011900511,SAMI,80,171,326.0,89.5,350.0,25.000000000000004,24.0
9016800144,SAMI,41,0,,,,,
9016800234,SAMI,79,101,250.0,13.0,239.0,14.5,11.0
9403800256,SAMI,89,0,42.0,22.5,,,
9016800222,SAMI,46,5,,,,,
9403800120,SAMI,150,0,132.0,3.5,,,
9239900237,SAMI,76,108,92.0,11.0,89.0,3.0,3.0
9239900180,SAMI,23,44,,,,,
9388000074,SAMI,45,0,,,,,
9388000248,SAMI,41,0,,,,,
9016800014,SAMI,145,1,344.0,4.5,,,
9011900539,SAMI,67,0,43.0,15.5,,,
9016800153,SAMI,162,1,298.0,4.0,,,
9011900125,SAMI,113,14,29.0,3.0,,,
9016800074,SAMI,107,76,149.0,4.5,168.0,2.0,19.0
9011900045,SAMI,43,0,,,,,
9011900783,SAMI,49,41,,,,,
9388000397,SAMI,114,6,37.0,89.5,,,
9239900175,SAMI,34,0,,,,,
9403801173,SAMI,114,126,48.0,8.5,49.0,4.0,1.0
9091700063,SAMI,72,45,165.0,8.5,,,
9388000266,SAMI,16,0,,,,,
9011900013,SAMI,66,0,240.0,11.5,,,
9008501016,SAMI,57,73,233.0,11.5,242.0,0.5,9.0
9008500730,SAMI,42,37,,,,,
9016800167,SAMI,119,163,87.0,5.0,86.0,2.0,1.0
9388000373,SAMI,27,75,,,200.0,5.0,
9403800490,SAMI,65,75,290.0,38.0,297.0,7.0,7.0
9008500234,SAMI,94,0,8.0,10.5,,,
9008500731,SAMI,83,0,311.0,4.0,,,
9008500848,SAMI,86,30,265.0,7.5,,,
9044200091,SAMI,51,0,282.0,12.0,,,
9008500893,SAMI,137,0,99.0,8.5,,,
9403800359,SAMI,33,0,,,,,
9239900565,SAMI,101,158,340.0,15.0,343.0,5.0,3.0
9239900492,SAMI,116,170,35.0,4.5,37.0,1.0,2.0
9011900404,SAMI,22,1,,,,,
9403800250,SAMI,116,18,83.0,3.5,,,
9239900408,SAMI,176,178,160.0,5.0,162.0,2.0,2.0
9044200025,SAMI,178,3,321.0,35.00000000000001,,,
9403800295,SAMI,95,0,52.0,9.5,,,
9008500043,SAMI,21,0,,,,,
9008500224,SAMI,37,1,,,,,
9403800636,SAMI,109,0,49.0,4.0,,,
9008500868,SAMI,34,0,,,,,
9403800911,SAMI,120,0,177.0,7.5,,,
9016800274,SAMI,48,9,,,,,
9091700393,SAMI,133,163,333.0,4.5,333.0,1.5,0.0
9008500679,SAMI,58,32,193.0,6.5,,,
9388000132,SAMI,49,115,140.0,5.5,,,
9011900418,SAMI,178,25,,,286.0,2.0,
9388000489,SAMI,128,0,,,354.0,21.000000000000007,
9239900136,SAMI,70,14,,,123.0,3.5,
9011900304,SAMI,19,0,,,,,
9011900330,SAMI,24,0,,,,,
9011900364,SAMI,34,0,,,,,
9011900859,SAMI,55,127,145.0,2.0,146.0,6.0,1.0
9011900584,SAMI,42,1,,,,,
9403800116,SAMI,54,0,,,114.0,25.0,
9388000043,SAMI,24,0,,,,,
9016800321,SAMI,134,6,,,252.0,6.5,
9008500105,SAMI,25,2,,,,,
9008500221,SAMI,35,1,,,,,
9239900182,SAMI,89,107,212.0,2.0,212.0,3.5,0.0
9011900793,SAMI,99,10,,,144.0,4.0,
9403800029,SAMI,179,6,,,298.0,2.5,
9016800440,SAMI,45,0,,,,,
9011900429,SAMI,128,12,,,356.0,5.000000000000005,
9016800147,SAMI,162,94,231.0,1.0,237.0,2.5,6.0
9008500524,SAMI,101,0,,,352.0,2.5,
9239900446,SAMI,34,45,,,,,
9011900165,SAMI,37,1,,,,,
9011900218,SAMI,24,0,,,,,
9016800024,SAMI,133,0,,,55.0,6.5,
9239900150,SAMI,54,6,187.0,13.500000000000004,,,
9239900555,SAMI,81,35,215.0,9.0,,,
9239900327,SAMI,29,83,,,82.0,6.5,
9403801061,SAMI,166,103,20.0,5.5,29.0,4.5,9.0
9011900500,SAMI,82,0,266.0,5.0,,,
9011900247,SAMI,100,0,92.0,3.0,,,
9011900529,SAMI,128,18,272.0,3.0,,,
9091700024,SAMI,98,1,11.0,11.500000000000004,,,
9016800241,SAMI,132,83,277.0,4.0,276.0,4.5,1.0
9388000048,SAMI,48,1,,,,,
9403801579,SAMI,61,18,160.0,21.000000000000007,,,
9044200001,SAMI,182,1,176.0,83.5,,,
9388000547,SAMI,29,30,,,,,
9388000993,SAMI,47,1,,,,,
9388000160,SAMI,56,4,318.0,9.0,,,
9403800119,SAMI,112,0,175.0,9.000000000000005,,,
9011900774,SAMI,96,140,10.0,9.0,18.0,3.5,8.0
9403800117,SAMI,198,3,170.0,26.499999999999996,,,
9044200248,SAMI,85,147,287.0,18.0,282.0,2.5,5.0
9008500082,SAMI,56,0,121.0,24.0,,,
9008500249,SAMI,55,0,198.0,22.0,,,
9008500196,SAMI,74,0,330.0,6.0,,,
9044200147,SAMI,116,173,55.0,7.5,53.0,2.5,2.0
9091700092,SAMI,65,16,283.0,11.0,,,
9008500069,SAMI,121,0,272.0,7.0,,,
9403800167,SAMI,61,1,207.0,7.0,,,
9008500323,SAMI,141,0,95.0,2.5,,,
9403800023,SAMI,100,0,329.0,31.499999999999996,,,
9044200138,SAMI,47,111,,,60.0,4.5,
9239900342,SAMI,48,0,,,,,
9388000360,SAMI,80,134,221.0,8.0,219.0,2.0,2.0
9011900103,SAMI,68,1,358.0,5.000000000000002,,,
9388000146,SAMI,32,0,,,,,
9388000200,SAMI,27,26,,,,,
9008500084,SAMI,24,16,,,,,
9239900141,SAMI,42,55,,,167.0,2.5,
9011900462,SAMI,87,3,245.0,2.5,,,
9011900048,SAMI,149,21,330.0,2.5,,,
9388000004,SAMI,123,0,337.0,3.0,,,
9044200176,SAMI,39,0,,,,,
9008500328,SAMI,64,0,8.0,7.5,,,
9011900019,SAMI,15,0,,,,,
9008500089,SAMI,93,0,180.0,0.5,,,
9011900118,SAMI,37,0,,,,,
9388000062,SAMI,136,7,134.0,1.5,,,
9011900837,SAMI,48,15,,,,,
9239900821,SAMI,41,5,,,,,
9388000056,SAMI,44,0,,,,,
9388000137,SAMI,58,115,57.0,22.0,56.0,3.5,1.0
9011900250,SAMI,54,2,79.0,10.0,,,
9011900365,SAMI,62,0,38.0,26.0,,,
9044200175,SAMI,130,1,17.0,16.000000000000004,,,
9388000773,SAMI,58,0,115.0,88.5,,,
9008500398,SAMI,68,118,45.0,5.5,42.0,2.0,3.0
9008500067,SAMI,77,0,139.0,3.5,,,
9403800881,SAMI,202,205,155.0,2.5,156.0,1.0,1.0
9388000063,SAMI,176,6,202.0,1.0,,,
9008500114,SAMI,122,8,82.0,8.0,,,
9008500326,SAMI,68,17,295.0,10.5,,,
9239900117,SAMI,40,0,,,,,
9008500689,SAMI,21,51,,,255.0,7.0,
9008501028,SAMI,70,0,279.0,8.0,,,
9008500239,SAMI,148,0,75.0,2.5,,,
9011900521,SAMI,162,131,142.0,4.0,150.0,5.5,8.0
9388001005,SAMI,173,175,69.0,3.0,70.0,1.5,1.0
9008500724,SAMI,182,61,164.0,3.5,168.0,4.5,4.0
