plateifu,Vs_1,Vc_star,D_lo_1.0,D_mid_1.0,D_hi_1.0,D_lo_1.5,D_mid_1.5,D_hi_1.5
10001-3703,101.61309941529903,143.54373921326325,10.103690226164538,-5.91225457089459,-21.928199367953745,-0.4416302073704555,-16.959292025211997,-33.47695384305357
10215-3703,144.11630717948267,195.0733142195657,19.456596305009953,3.059380860060545,-13.337834584888864,-6.776870413971535,-19.82548605306523,-32.87410169215891
10218-1901,,,,,,-5.686212773943959,-23.264604057510468,-40.84299534107699
10224-1901,,,,,,,,
10495-3701,248.91262079760364,352.2765176071061,175.68628826922145,184.8871535322986,194.08801879537583,68.50702410790315,77.30124388134364,86.09546365478411
10498-9101,249.6693576122509,273.2530602025157,5.489380083150245,-1.4601894674810594,-8.409759018112366,18.16383188300112,13.89089460669094,9.617957330380756
10502-12703,192.15750236608994,207.08637596229013,-7.100220998143719,-11.116490766534714,-15.132760534925708,9.208043280482219,5.51560402001458,1.823164759546942
10503-6102,103.14777565517083,114.53340366532235,10.006192874170635,5.7360684014265315,1.4659439286824278,10.3508216013531,7.034457714332313,3.718093827311525
10507-12703,188.64133788286406,197.95961470003064,-2.6586743845224214,-5.547900879846955,-8.437127375171489,-8.180468199936758,-11.092442619185794,-14.004417038434832
10514-3701,88.40408214419942,98.89699541925356,13.765335106449877,6.701324628966202,-5.224296058194274,12.514773769045327,-0.48566332635216564,-13.48610042174966
10839-1902,96.98875650678289,133.18257757032384,-8.45638642389271,-8.782631635040905,-9.108876846189117,-1.931984186361068,4.156885648870633,10.245755484102355
10841-12701,274.28316736742977,293.0394231045605,7.373730498115544,0.23355808323445917,-6.9066143316465975,6.126314553449053,1.8551379764435691,-2.4160386005618886
10841-3703,302.00907841059154,366.15091184742494,66.5207714726813,47.41284130466916,28.30491113665707,27.299338993893056,12.50376608969733,-2.291806814498357
10841-6101,98.33773588065635,181.54439227774242,94.88727761210873,48.295757901803555,1.7042381914984028,48.293860430650845,1.811734452123413,-44.67039152640398
11010-12703,110.1150949809274,127.63998237296758,6.346939258036213,-6.6593755050684775,-19.665690268173158,18.724454843107747,7.839222677280672,-3.046009488546409
11010-3701,146.88148546057008,244.57511446497105,33.92233060790255,19.12560913990348,4.328887671904455,20.976597488887982,14.225529742238761,7.474461995589532
11013-12702,224.52901990400738,236.26548138791446,6.178293301046342,-0.699107550233095,-7.576508401512534,24.349740602002818,17.333672106421293,10.317603610839766
11013-3702,,,,,,,,
11019-12703,174.56439068385262,215.85064055587455,21.01211595233932,7.354282639225889,-6.303550673887558,18.64866065683047,13.280439489599795,7.912218322369117
11022-12703,139.0476670072453,145.19874028395276,-2.1927397667954076,-7.011751199122104,-11.830762631448788,7.062762246139791,1.4269711507447105,-4.2088199446503705
11750-12701,144.89315954688817,154.27103712284253,6.077501831398611,-1.0376078007457616,-8.152717432890137,-10.404531360729905,-17.565954166521948,-24.72737697231401
11752-6104,87.14198904184896,104.94753654381157,67.18953447345649,57.66139908742819,48.13326370139984,67.9339626739111,53.454066303682254,38.9741699334534
11754-12702,101.27155607796139,134.11032262757948,5.674252445391946,-11.791105453384455,-29.25646335216085,8.355735557351977,-2.555945094298896,-13.467625745949755
11757-12705,109.81852826761437,110.90879136136911,14.164116230369183,15.964707874877087,11.574710318824968,12.676893604205755,11.484458821416014,2.556800254613831
11827-6102,158.98170341985335,184.4610070694764,-4.8473904220276065,-13.830707301233655,-14.949692189484267,15.086683789995696,19.088224593674347,25.083040396891526
11828-6102,53.89807423936563,60.901946237243706,-10.619540351938673,-18.893595850180237,-24.949334138224714,63.30143304022118,54.049838255211,77.53363760917182
11832-12705,104.79620725193772,114.65598611015263,4.327654287590905,-1.54426917898006,-7.416192645551029,12.194419159388808,5.853536563999138,-0.487346031390516
11834-12702,112.96464672492554,123.92586814865454,18.10061280076452,11.740960424981315,5.381308049198111,29.915118282631536,27.71812531849574,25.521132354359956
11865-6104,171.31210540486077,187.07042908020222,24.41834716913719,14.35922719282578,4.300107216514366,10.30259559492952,-4.705496663911126,-19.713588922751786
11867-3702,173.90619850600348,246.10019048739366,-25.095758183691274,-16.458907401949798,-7.822056620208311,-68.8053800095257,-66.89940673675197,-64.9934334639782
11867-3704,151.87319793529426,239.83555370898648,0.3432523805754055,-31.145045664841028,-62.63334371025746,-13.003975775791176,-32.26461583009765,-51.525255884404174
11944-3703,52.299506511494045,74.93143553026934,5.2567500281776605,-2.7118365692723914,-10.680423166722443,8.30247980983114,3.5261474787483706,-1.2501848523343906
11949-12701,175.59658520620118,187.4996295111922,16.37724990945592,10.454738620651288,4.532227331846676,-4.94431535645811,-13.83831126397708,-22.732307171496043
11954-1902,,,,,,50.45598467472196,136.38121400653753,222.3064433383531
11956-12701,128.439626911066,145.21375359337196,1.0792407132643163,-6.139523584748884,-13.358287882762083,-12.25548957877254,-18.288696531718507,-24.321903484664478
11958-3703,93.32723292345564,113.32005063392342,10.15543097836279,-2.4072791028950684,-14.969989184152922,4.489423966035236,-5.981554572128593,-16.452533110292404
11979-6102,201.7078169074993,263.95812976809384,60.620733841634745,37.13784327354117,13.654952705447593,37.7376732046771,19.644547396479393,1.5514215882817213
12066-12701,203.1874781337322,226.40909124659612,-2.0845929321432823,-7.186886190643075,-12.28917944914287,-1.801206155087997,-3.7462089243119507,-5.6912116935359025
12066-9102,202.80864639286864,228.88573821761315,-190.01148527818762,-169.28638359512053,-148.56128191205343,-319.19291847508083,-313.72256482105473,-308.2522111670287
12484-12703,112.23669178231877,121.77479562582067,2.955215592192798,-2.265549431705414,-7.486314455603629,4.744938310259864,1.008869881842833,-2.727198546574212
12484-3704,108.3094046626758,148.37939613313915,41.46985764339493,22.64052949893719,3.8112013544794343,8.9399908096388,-5.7605078182374525,-20.461006446113707
12485-6102,72.83705289797231,95.67049583952601,18.461950866889342,-2.502223376710785,-24.426230617230807,14.642671924735964,-5.550830873228772,-25.74433367119351
12488-12704,181.12230306004224,185.73755382935747,33.608480957499054,31.132846388339598,28.65721181918014,41.067733399657534,36.95599645193867,32.8442595042198
12489-12703,153.9459203807,166.2403907416683,5.73122640081508,0.8994412599664874,-3.932343880882094,13.12431819525967,9.497837419328876,5.871356643398102
12489-3702,,,,,,25.685932274494135,20.026986892178655,14.368041509863179
12512-6101,159.89473476581117,184.4565504834878,5.691664941561925,-4.728759774985365,-15.149184491532655,0.6004256586854883,-6.841318846838905,-14.283063352363303
12621-9102,184.7092226650935,245.83653488115326,-21.84019228123384,-39.54575417150939,-57.25131606178492,-28.45743223040978,-33.62489365681496,-38.792355083220166
8078-6104,40.75143930513407,76.96100772612756,77.43772481024375,155.07798442290982,232.71824403557594,58.34881941950389,76.13671432228645,93.92460922506902
8079-6103,111.02465491440192,164.49306363465445,-1.7421324768099412e-06,-13.95177393467229,-27.903546127212103,-8.05289934179857,-15.638611764090003,-23.224324186381423
8137-12705,99.31294102386168,119.49097967143847,-0.010733160041710632,-7.188616553420679,-14.366499946799646,20.13304452775122,19.153261330262875,18.173478132774537
8143-12702,125.5659444794652,145.19725483834915,11.721777365486746,4.259316109346312,-3.203145146794123,14.35704817249488,8.246552817408343,2.1360574623217943
8147-6103,209.95559244876696,224.07718604376197,7.008827388664443,2.0399416694467916,-2.928944049770859,-4.905042262846883,-10.781527038259068,-16.658011813671255
8154-3703,11.42149419449264,156.0948842523512,,,,,,
8155-12704,48.369758697464725,50.11003214236441,23.47738378859709,26.59373744083937,14.29350998557433,36.85469841418047,29.747253965966745,3.3258701197574134
8239-3704,112.43925244950634,123.40292327587555,-6.301099768770077,-15.011136330292766,-33.087751381234405,-1.6698018730193964,-18.430918177611634,-35.19203448220386
8241-12705,48.84608610066197,89.99245816574667,34.93370782064653,4.302893421071007,-23.939369411501925,-43.450912460311116,-94.53580996188991,-145.62070746346873
8241-1902,,,,,,22.892414366189062,1.0953826538848765,-20.7016490584193
8250-12704,111.37861974151657,160.67009399109986,43.835665914038685,37.008099962289506,35.85285215505819,-133.86268074229403,-155.91966634666093,-177.97665195102786
8252-6102,169.58154109482177,187.79856948141756,20.20380296230452,10.38207412446675,0.5603452866290032,8.220293390068088,-0.8519824362792108,-9.92425826262651
8258-6102,188.91640591118616,295.225588486963,161.41212994787932,117.45773052969258,73.50333111150591,126.45643814234805,88.67008497746154,50.8837318125751
8312-6104,89.92643309175224,99.69781452525768,12.078631231727305,7.915097896583727,3.751564561440148,21.083412213761047,17.17275156144389,13.26209090912673
8320-3704,131.9410379835461,136.8205098074884,-1.5158758401710921,-3.5231367580631123,-9.406690151863268,3.26780786223463,-7.346494376809871,-17.960796615854377
8322-6104,127.98432794393179,172.33160819590734,29.96625010824239,27.42365274317627,24.88105537811013,4.260075955247272,-4.603356213823979,-13.466788382895219
8329-12701,203.9633217276295,221.36840331441954,39.140597436608985,29.449436381289303,19.75827532596962,17.301831344748276,7.189559552276411,-2.922712240195454
8332-6104,219.0070616949654,284.87048084019403,39.17799117691166,9.267386291263819,-20.643218594384006,10.968768916863429,-10.510957573520255,-31.990684063903938
8336-3703,151.77042529366557,220.21317884867844,54.379345521337946,26.46771536549788,-1.443914790342184,41.05250205775081,12.832115818145175,-15.388270421460446
8443-9102,102.41660066406415,123.12188417014039,10.618053318540863,3.0864518411843065,-4.445149636172241,-2.4801861814103345,-8.62906478315538,-14.777943384900425
8448-6103,145.20299420136848,182.23445735748544,-16.625994258906363,-18.631327260843964,-20.63666026278159,-51.48921524944502,-54.2664366470161,-57.043658044587204
8450-6102,52.12919059970354,75.38254737075525,2.9421482543696125,-13.006287257270639,-28.95472276891091,-2.077087779992078,-17.995423191680597,-33.91375860336912
8452-6101,94.26582181935612,101.34039832892464,5.778712660359866,1.2054189316895483,-12.505145425409992,27.46056994568479,4.951691861319653,-20.213356051907432
8458-12703,229.70398464026078,272.73529986026347,-17.56758086608223,-31.648692128229026,-45.729803390375814,,,
8466-9101,117.77237054913788,132.74726685548472,0.27017900879021317,-12.189566343532848,-24.64931169585591,-1.7285880589624338,-15.189647526066986,-28.650706993171543
8485-6101,97.05833426270799,102.65913750837753,12.33851458449057,9.849668138304823,4.253599962625758,20.339600684994515,10.292158140628072,0.24471559626161302
8486-9101,70.43439839967728,89.26110333193503,4.307626998545295,-8.975527052010179,-17.585613031825723,-9.072180894863157,-19.198146011162535,-18.34771652998017
8547-12704,117.05495450684735,142.41158380877826,19.548934608533138,12.726229280452547,5.903523952371972,21.189083692429215,17.328981275690488,13.46887885895175
8549-3702,66.80690514613946,73.52258830128982,30.02505468581808,27.54306693342328,5.051195537356586,26.23172274815992,7.0489849195535985,-27.356581553689026
8553-3703,260.4202909126845,302.62955350787365,27.588566560417497,12.04224502825377,-3.504076503909968,10.43732727340064,0.41219378581538446,-9.612939701769879
8562-12702,54.065929760970256,81.60781049742225,17.68062272873153,-3.545852080974922,-24.772326890681377,-9.224458998310846,-29.05038372723656,-48.87630845616228
8568-6101,145.88811025535804,212.97529681247565,43.93680959602919,39.961640468487296,35.98647134094541,28.438307178389607,39.19900667728117,49.959706176172716
8596-1902,184.84276510114023,209.35896579857106,18.259943060913763,8.646661719807001,-0.9666196212997553,52.17137677866046,46.70727427506842,41.24317177147638
8601-6103,143.6758889131169,161.57719332310313,22.91521764453078,17.657438115782824,12.399658587034883,21.062418881199573,17.4408615332229,13.819304185246246
8602-6102,79.19420214046279,108.24905712896862,-31.7263854535839,-54.990075510465324,-76.89194893616406,-29.183277066056995,-40.87604750999689,-52.56881795393678
8606-6101,127.22173594604162,141.8592606455882,19.040232596613247,13.197251434734733,7.35427027285623,14.25510438794407,8.079931261522315,1.904758135100558
8612-12703,80.55064029953034,99.83878940588579,20.722866056774016,5.686001913160169,-8.327079243745624,4.739440494726728,-5.7948236279716125,-16.32908775066994
8625-9102,128.95075442710836,141.2901630416577,10.23814520310891,2.141102387982928,-5.955940427143055,4.519207093669191,-2.6988719342989373,-9.916950962267062
8626-9101,141.9310863708824,154.50564289637697,26.648883810073166,18.994485582789203,11.340087355505231,21.597101529452036,13.89686776955347,6.196634009654881
8717-3704,146.76956291168375,185.61796386322334,49.569018175536996,32.2337006984035,14.89838322126998,24.400726568109995,7.574797841148258,-9.25113088581347
8719-3703,82.84125151462786,104.95546259845072,12.024852567322535,0.05807187519320666,-11.908708816936102,-2.606808334714697,-12.463127529965695,-22.319446725216686
8723-1902,80.40705016695279,121.72808719051717,-19.61937346022359,-16.2583585291905,-12.897343598157429,-38.33381424697867,-26.233892333861906,-14.133970420745129
8724-9101,87.79766784032486,115.95095970635104,10.119043736991031,-11.015443039553757,-32.14992981609854,-8.089318642234389,-24.556523689448515,-41.023728736662655
8935-12703,155.53445864087936,177.8508480078922,7.387044155375872,-3.0801836519824244,-1.781982594481145,,,
8979-9101,251.1556022871895,262.5574616294612,11.600075583774437,6.5266142449472975,1.4531529061201582,18.8952749053836,14.476415064198786,10.057555223013972
8981-6104,147.52927142155886,176.81434817826948,-2.992552364721519,-26.652480949791105,-52.413453678175586,42.534838292459824,17.561421270845297,-7.411995750769209
8983-12705,163.11520396357878,175.0043904282692,11.428179936367247,4.912714621049722,-1.602750694267812,4.410919761055954,-2.0291995684639565,-8.469318897983847
8985-1902,92.63315257448416,141.0927333864961,-74.02892291393441,-87.93881224274233,-77.21964696182782,-93.29285068426847,-60.95210795980061,-28.611365235332723
8987-3702,157.84640983814236,223.89408712529476,-8.671162127961571,-29.90289350315053,-51.13462487833952,-68.72669693672752,-87.70960798776807,-106.69251903880861
8992-12702,169.53536513986703,197.22053464313453,9.769334631637113,-2.124489618472314,-14.01831386858174,-6.448963499066062,-12.108868569699258,-17.768773640332448
8994-12703,120.56983357397898,139.47234203364016,15.66427296582669,5.803402725175201,-4.057467515476305,10.917593033094713,4.372140836477852,-2.173311360139009
9024-12702,132.01675668328545,161.6391124193917,31.048319479600803,29.422587527101378,27.79685557460195,40.05750766817767,36.73485179029815,33.41219591241863
9030-12704,137.19892890856406,148.29108657353424,2.475253393873796,-0.6973526059008902,-3.8699586056755773,1.637602799268408,-1.1146760621620302,-3.8669549235924565
9030-1902,87.70226535560408,115.11509026101749,-63.297996805193286,-36.239906001532134,-9.181815197870973,-71.96488657266507,-42.99455197519123,-14.024217377717406
9032-12704,84.0429120599286,107.92853683220366,17.062764380252908,4.3110254560593315,-7.8705590529988445,6.642055003313732,-3.9473805497247585,-14.536816102763245
9033-9102,84.37925507919739,114.14343390482084,27.822612800610855,12.325648467718631,-3.171315865173583,0.13536522508376592,-8.475507936235479,-17.086381097554707
9039-9101,173.8912531125392,189.15342646972584,62.071675452506106,57.20400055753284,55.82470274652673,87.83941270103801,82.15825058584993,76.47708847066184
9040-1902,147.38357138546277,195.51841254155022,67.48462354355816,58.041993839116195,48.59936413467423,30.097355384930996,18.64055459586145,7.183753806791936
9047-3704,109.04506350137916,136.19493320363384,19.190297035188223,11.303315433388493,3.416333831588748,-2.2629389805032654,-7.287139796752226,-12.311340613001198
9089-9101,133.3804109365551,143.87882418393946,3.478897275093502,-2.7056055714436784,-8.8380396828802,0.8093539436562734,-3.192871664018158,-7.195097271692601
9091-6101,191.91602976971873,220.52583133772887,21.01478412539704,16.793350797323214,12.571917469249401,26.952919168925742,28.955915785779336,30.95891240263293
9486-9102,119.60260956344302,157.02301663682547,-8.602343498322501,-37.27062585475362,-65.93890821118475,-9.897878246700472,-35.10342140823549,-60.30896456977048
9503-9102,107.18304628877077,109.96891302996539,22.190738199577268,19.63339745712668,7.054546567413012,47.20809111054893,35.98139284015555,24.702433647804593
9505-6104,69.73984476483145,114.39683561949435,-12.705091616614983,-51.92290043675021,-84.0043824351103,-21.67422316837933,-32.48961929926443,-42.76862730069525
9875-6101,126.98588112244828,158.36078159096175,30.695511530081028,15.456424107456165,0.21733668483128768,17.29131008889132,1.9289976163250229,-13.433314856241273
9877-6101,,,,,,,,
9889-6101,82.14045704037008,82.14045704037008,14.105880696988525,18.170902731708626,-8.556472263912799,35.12171665242423,34.675761113224496,14.084565585692276
9894-12703,110.60343924622211,151.16123371585692,-8.225001170902097,-25.992337949554653,-38.9880408592378,-24.338049826190723,-22.248317412032048,-20.15858499787337
