Galaxy,T,D,e_D,f_D,Inc,e_Inc,L36,e_L36,Reff,SBeff,Rdisk,SBdisk,MHI,RHI,Vflat,e_Vflat,Q,Ref,N_pts,Luminosity_1e9Lsun,R_disk_kpc,Sigma_0,Linear_omega,Linear_omega_err,Linear_RMSE,Linear_chi2r,Linear_BIC,Linear_converged,Tapered_omega,Tapered_omega_err,Tapered_Rt,Tapered_Rt_err,Tapered_RMSE,Tapered_chi2r,Tapered_BIC,Tapered_converged,Delta_BIC,Preferred_Model,Fit_Flag,Flag_Vobs_lt_Vbary,R_max,Lbul,Ldisk,M_bar,BT,omega,Rt,Rt_err,V_sat,Rt_over_Rd,Pi2,omegaVsat_over_a0,ok_quality,ok_inc,ok_fit,ok_ident,clean,taper_pref
CamB,10,3.36,0.26,2,65.0,5.0,0.075,0.003,1.21,7.89,0.47,66.2,0.012,1.21,0.0,0.0,2,Bm03,9,0.075,0.47,54036309.334052,1.087493,0.478219,3.157099,4.983637,42.066317,True,1.113497,2.086144,8.95,127.16765,3.198807,5.847066,45.323908,True,-3.257591,Linear,OK,True,1.79,0.0,0.075,53460000.0,0.0,1.113497,8.95,127.16765,9.96579815,19.04255319148936,0.28108643096692676,0.002996728690961531,True,True,True,False,False,False
D512-2,10,15.2,4.56,1,56.0,10.0,0.325,0.022,2.37,9.22,1.24,93.94,0.081,0.0,0.0,0.0,2,Tr09,4,0.325,1.24,33640320.307535,7.649365,0.813763,5.505734,2.046812,7.526729,True,20.785488,11.850475,1.427526,1.374536,1.165172,0.099143,2.970875,True,4.555854,Tapered,OK,False,3.83,0.0,0.325,270230000.0,0.0,20.785488,1.427526,1.374536,29.671824542688004,1.1512306451612904,0.20412529883734615,0.1665523502484869,True,True,True,True,True,True
D564-8,10,8.79,0.28,2,63.0,7.0,0.033,0.004,0.72,10.11,0.61,21.13,0.029,0.0,0.0,0.0,2,Tr09,6,0.033,0.61,14114789.363162,5.908969,0.386604,1.185629,0.498165,4.282583,True,8.022627,2.057109,6.46755,6.351037,0.578257,0.174722,4.282406,True,0.000177,Indistinguishable,OK,False,3.07,0.0,0.033,55070000.00000001,0.0,8.022627,6.46755,6.351037,51.88674125385,10.602540983606557,0.1718945269286733,0.11241371086285466,True,True,True,False,False,False
D631-7,10,7.72,0.18,2,59.0,3.0,0.196,0.009,1.22,20.93,0.7,115.04,0.29,0.0,57.7,2.7,1,"Tr09,dB01",16,0.196,0.7,63661977.236758,6.052644,0.148655,3.188664,2.357179,38.130269,True,6.80122,0.609087,35.95,27.93324,3.489755,3.173808,49.978488,True,-11.848219,Linear,OK,True,7.19,0.0,0.196,483700000.0,0.0,6.80122,35.95,27.93324,244.503859,51.35714285714286,1.146533239458354,0.44907494893545236,True,True,True,False,False,False
DDO064,10,6.8,2.04,1,60.0,5.0,0.157,0.007,1.2,17.41,0.69,151.65,0.211,3.49,46.1,3.9,1,"dB02,Sw02",14,0.157,0.69,52483356.575147,11.537224,0.883183,5.007009,0.784421,12.836528,True,25.713959,9.882182,1.506292,1.098994,2.606736,0.315092,9.059213,True,3.777315,Tapered,OK,False,2.98,0.0,0.157,359130000.0,0.0,25.713959,1.506292,1.098994,38.732730730027995,2.183031884057971,0.8761130446353805,0.2689635025519794,True,True,True,True,True,True
DDO154,10,4.04,0.2,2,64.0,3.0,0.053,0.002,0.65,19.99,0.37,71.26,0.275,4.96,47.0,1.0,2,"Be91,CB89",12,0.053,0.37,61615865.477505,7.210355,0.02736,5.455923,85.867456,947.026926,True,15.524704,0.553103,3.250104,0.219907,1.512859,3.380845,38.77826,True,908.248667,Tapered,OK,False,5.92,0.0,0.053,392250000.0000001,0.0,15.524704,3.250104,0.219907,50.456902569216,8.784064864864865,3.3278684222829225,0.21153888121628892,True,True,True,True,True,True
DDO161,10,7.5,2.25,1,70.0,10.0,0.548,0.015,2.04,20.74,1.22,169.37,1.378,10.69,66.3,1.9,1,Co00,31,0.548,1.22,58597761.901612,2.99767,0.02804,2.282883,3.166899,98.440966,True,4.74568,0.274415,18.755134,2.981061,1.638516,0.455402,20.07464,True,78.366326,Tapered,OK,False,13.37,0.0,0.548,2106740000.0000002,0.0,4.74568,18.755134,2.981061,89.00586432112001,15.373060655737707,1.6439852717528292,0.11406787744840746,True,True,True,False,False,True
DDO168,10,4.25,0.21,2,63.0,6.0,0.191,0.005,1.29,18.23,1.02,92.22,0.413,4.3,53.4,1.9,2,"Sa96,Br92",10,0.191,1.02,29218179.671811,8.667336,0.219642,3.995752,5.71744,53.759544,True,9.783938,0.899281,20.6,16.175847,3.641504,6.498395,56.592328,True,-2.832783,Linear,OK,False,4.12,0.0,0.191,644790000.0,0.0,9.783938,20.6,16.175847,201.5491228,20.19607843137255,0.719821132511717,0.5325260927436095,True,True,True,False,False,False
DDO170,10,15.4,4.62,1,66.0,7.0,0.543,0.03,3.03,9.39,1.95,73.93,0.735,9.14,60.0,1.6,2,"Be91,La90",8,0.543,1.95,22727451.439553,3.348746,0.049858,6.994671,40.473286,285.392447,True,14.008866,1.888751,2.9124,0.536485,1.980477,2.70645,20.397583,True,264.994863,Tapered,OK,False,12.33,0.0,0.543,1249050000.0,0.0,14.008866,2.9124,0.536485,40.799421338399995,1.4935384615384615,0.3815199421973015,0.15434880540296683,True,True,True,True,True,True
ESO079-G014,4,28.7,7.17,1,79.0,5.0,51.733,0.524,7.23,157.34,5.08,2295.25,3.14,17.67,175.0,3.5,1,Ge04,15,51.733,5.08,319051191.602588,5.489801,0.072227,15.142758,10.71459,152.712307,True,13.729907,1.429072,9.303252,1.648962,7.861483,2.27123,34.942086,True,117.770221,Tapered,OK,False,16.67,0.0,51.733,30042700000.0,0.0,13.729907,9.303252,1.648962,127.73278475756402,1.831348818897638,1.352129160701408,0.4736049839514911,True,True,True,True,True,True
ESO116-G012,7,13.0,3.9,1,74.0,3.0,4.292,0.071,2.75,90.54,1.51,1320.78,1.083,9.58,109.1,3.1,1,Ge04,15,4.292,1.51,299589060.019479,8.081047,0.116784,10.148432,11.175101,159.159469,True,19.399333,1.670189,5.229059,0.797198,3.023007,1.20403,21.068487,True,138.090981,Tapered,OK,False,9.86,0.0,4.292,3586389999.9999995,0.0,19.399333,5.229059,0.797198,101.440256817647,3.4629529801324503,1.826881016442288,0.5314267679208896,True,True,True,True,True,True
ESO444-G084,10,4.83,0.48,2,32.0,6.0,0.071,0.003,0.75,19.81,0.46,66.81,0.135,2.95,0.0,0.0,2,Co00,7,0.071,0.46,53402651.037451,14.292112,0.325231,8.883465,10.600398,65.548297,True,34.386283,4.48433,2.013721,0.467419,1.441565,0.879955,8.291595,True,57.256702,Tapered,OK,False,4.44,0.0,0.071,215050000.00000003,0.0,34.386283,2.013721,0.467419,69.244380189043,4.377654347826087,1.180403330437131,0.6430075218309549,True,True,True,True,True,True
ESO563-G021,4,60.8,9.1,1,83.0,3.0,311.177,2.579,10.59,429.37,5.45,6558.89,24.298,55.71,314.6,11.7,1,SG06,30,311.177,5.45,1667380110.310806,5.472741,0.071219,38.785795,50.588158,1470.45777,True,19.132154,0.800433,10.739479,0.725835,20.546516,12.944765,369.255824,True,1101.201946,Tapered,OK,True,42.41,0.0,311.177,187904840000.0,0.0,19.132154,10.739479,0.725835,205.46936610776598,1.970546605504587,7.347703191261856,1.0615910220513527,True,True,True,True,True,True
F561-1,9,66.4,10.0,1,24.0,10.0,4.077,0.327,5.39,22.12,2.79,93.07,1.622,10.69,50.0,2.9,3,"dB97,dB96",6,4.077,2.79,83358988.577441,1.226085,0.326589,5.705869,1.561012,9.59682,True,97.497636,2012.274278,0.1,2.104423,4.103994,0.676896,6.291101,True,3.305718,Tapered,OK,False,9.66,0.0,4.077,4195760000.0,0.0,97.497636,0.1,2.104423,9.749763600000001,0.035842293906810034,0.6260497903064988,0.25670507765564404,False,False,True,False,False,True
F563-1,9,48.9,9.8,1,25.0,5.0,1.903,0.17,4.61,14.22,3.52,41.77,3.2,23.47,109.9,12.5,1,"KN08,dB96",17,1.903,3.52,24444074.178709,4.894965,0.232213,25.74385,5.915672,97.483967,True,31.29474,6.991004,2.78046,0.799675,8.235777,0.829154,18.103738,True,79.380229,Tapered,OK,False,20.1,0.0,1.903,5207500000.0,0.0,31.29474,2.78046,0.799675,87.0137727804,0.7899034090909092,0.4881469659269803,0.7353695370190914,True,False,True,True,False,True
F563-V1,10,54.0,10.8,1,60.0,10.0,1.54,0.165,5.01,9.75,3.79,40.63,0.61,6.83,0.0,0.0,3,"dB97,dB96",6,1.54,3.79,17063276.666239,0.718302,0.39984,3.32305,0.530048,4.441999,True,46.378325,1049.158812,0.1,2.329187,2.0576,0.254023,4.599611,True,-0.157613,Indistinguishable,OK,False,7.87,0.0,1.54,1581300000.0000002,0.0,46.378325,0.1,2.329187,4.6378325,0.026385224274406333,0.12786229450498499,0.05808666027020321,False,True,True,False,False,False
F563-V2,10,59.7,11.9,1,29.0,10.0,2.986,0.267,4.49,23.6,2.43,146.16,2.169,11.37,116.6,9.4,1,"dB01,dB96",10,2.986,2.43,80481745.681112,10.971569,0.795068,29.299471,4.020987,38.491469,True,45.759327,12.730044,2.129331,0.86044,8.666521,0.52021,8.76685,True,29.724619,Tapered,OK,False,10.47,0.0,2.986,4377770000.0,0.0,45.759327,2.129331,0.86044,97.436753520237,0.8762679012345679,0.8610870071120552,1.204061643573029,True,False,True,True,False,True
F565-V2,10,51.8,10.4,1,60.0,10.0,0.559,0.098,3.57,6.93,2.17,40.26,0.699,7.31,0.0,0.0,2,"dB97,dB96",7,0.559,2.17,18893502.34415,6.941091,0.404245,7.539471,1.361689,10.116046,True,16.527417,6.632855,5.179477,3.684518,2.905528,0.164332,4.713479,True,5.402567,Tapered,OK,False,8.8,0.0,0.559,1209170000.0,0.0,16.527417,5.179477,3.684518,85.603376220909,2.3868557603686638,0.2982459387598367,0.38206932093190576,True,True,True,True,True,True
F567-2,9,79.0,11.8,1,20.0,10.0,2.134,0.305,5.43,11.5,3.08,46.65,2.449,14.94,0.0,0.0,3,"dB97,dB96",5,2.134,3.08,35802480.240988,3.730323,0.512602,10.82679,2.946223,13.39433,True,32.399738,60.598624,0.826724,1.8121,5.338307,0.899542,5.917502,True,7.476828,Tapered,OK,False,9.59,0.0,2.134,4324170000.0,0.0,32.399738,0.826724,1.8121,26.785640998312,0.2684168831168831,0.529429295665624,0.2343634216871097,False,False,True,False,False,True
F568-1,5,90.7,9.7,1,26.0,5.0,6.252,0.564,7.0,20.36,5.18,57.13,4.498,16.31,0.0,0.0,1,"dB01,dB96",12,6.252,5.18,37083403.05789,9.766307,0.468535,25.533034,4.218256,48.885719,True,37.659419,9.535507,2.910639,1.058059,7.827818,0.503454,10.00435,True,38.881369,Tapered,OK,False,13.23,0.0,6.252,9108340000.0,0.0,37.659419,2.910639,1.058059,109.61297365874101,0.5618994208494209,0.3942633038776347,1.1147612484068299,True,False,True,True,False,True
F568-3,7,82.4,8.24,1,40.0,10.0,8.346,0.592,7.47,23.81,4.99,132.08,3.195,16.14,0.0,0.0,1,"KN08,dB96",18,8.346,4.99,53345454.638534,5.65514,0.265875,17.563326,4.655811,82.039158,True,11.757436,1.37079,8.989801,2.325927,7.69796,1.649987,32.180543,True,49.858615,Tapered,OK,False,17.98,0.0,8.346,8422350000.0,0.0,11.757436,8.989801,2.325927,105.697009910236,1.8015633266533064,0.39286092641805614,0.33559973789116004,True,True,True,True,True,True
F568-V1,7,80.6,8.06,1,40.0,10.0,3.825,0.384,4.4,31.39,2.85,90.54,2.491,14.38,112.3,15.8,1,"dB01,dB96",15,3.825,2.85,74948311.151308,9.768823,0.421163,33.949342,10.407669,148.415412,True,66.704327,25.45428,1.334203,0.645673,7.332377,0.258385,8.775109,True,139.640303,Tapered,OK,False,17.63,0.0,3.825,5225530000.000001,0.0,66.704327,1.334203,0.645673,88.99711319638101,0.4681414035087719,0.7472179015608533,1.603157585932329,True,True,True,True,True,True
F571-8,5,53.3,10.7,1,85.0,5.0,10.164,0.412,1.4,825.71,3.56,87.26,1.782,24.55,139.7,4.3,1,"dB01,dB96",13,10.164,3.56,127639411.184354,7.851762,0.178493,18.035847,17.98445,218.378352,True,8.908517,0.646426,77.75,46.001763,18.167494,19.750849,222.389232,True,-4.01088,Linear,OK,True,15.55,0.0,10.164,7452059999.999999,0.0,8.908517,77.75,46.001763,692.6371967499999,21.839887640449437,0.6829406909953655,1.666316565508971,True,True,True,False,False,False
F571-V1,7,80.1,8.0,1,30.0,10.0,1.849,0.267,4.38,15.3,2.47,64.39,1.217,10.1,83.6,3.5,2,"dB97,dB96",7,1.849,2.47,48235094.785509,4.361907,0.266362,8.792407,1.809571,12.803334,True,13.092493,6.042231,5.355164,3.831692,2.40377,0.106934,4.42649,True,8.376844,Tapered,OK,False,13.59,0.0,1.849,2543110000.0,0.0,13.092493,5.355164,3.831692,70.112447183852,2.168082591093117,0.48414770970050325,0.24789271508707858,True,True,True,True,True,True
F574-1,7,96.8,9.68,1,65.0,10.0,6.537,0.596,5.87,29.98,4.46,128.48,3.524,16.19,97.8,4.1,1,"dB01,dB96",14,6.537,4.46,52303276.910441,6.085806,0.16141,15.95067,12.221574,161.519521,True,27.625022,4.668632,2.59493,0.594001,4.373334,1.009551,17.392732,True,144.126789,Tapered,OK,False,12.6,0.0,6.537,7955420000.0,0.0,27.625022,2.59493,0.594001,71.68499833846,0.581822869955157,0.4645153158990212,0.534782515843889,True,True,True,True,True,True
F574-2,9,89.1,8.91,1,30.0,10.0,2.877,0.384,6.48,10.89,3.76,41.38,1.701,12.61,0.0,0.0,3,"dB97,dB96",5,2.877,3.76,32388012.907098,0.247378,0.506787,1.971796,0.049606,1.807864,True,1.955962,41.293001,1.279882,32.248691,1.730206,0.051221,3.372539,True,-1.564675,Indistinguishable,OK,True,10.83,0.0,2.877,3700830000.0000005,0.0,1.955962,1.279882,32.248691,2.503400556484,0.3403941489361702,0.30403955536713534,0.001322321458077655,False,True,True,False,False,False
F579-V1,5,89.5,8.95,1,26.0,10.0,11.848,0.742,5.76,56.6,3.37,201.76,2.245,20.96,112.1,13.4,1,"dB01,dB96",14,11.848,3.37,166037190.232614,6.102984,0.365965,28.487678,8.786031,116.857463,True,167.17626,89.933378,0.367763,0.215273,4.21789,0.219757,7.915193,True,108.94227,Tapered,OK,False,15.16,0.0,11.848,8909850000.0,0.0,167.17626,0.367763,0.215273,61.481242906380004,0.10912848664688427,0.9112073905269535,2.775642519373519,True,False,True,True,False,True
F583-1,9,35.4,8.85,1,63.0,5.0,0.986,0.093,3.74,11.19,2.36,60.93,2.126,15.65,85.8,3.6,1,"KN08,dB96",25,0.986,2.36,28175591.404878,6.125224,0.196157,19.385076,12.07846,293.101917,True,21.93253,2.686161,3.196931,0.638395,6.035622,1.159735,33.111647,True,259.990271,Tapered,OK,False,16.26,0.0,0.986,3320580000.0,0.0,21.93253,3.196931,0.638395,70.11678506543001,1.354631779661017,0.6924630184378094,0.4152952989335932,True,True,True,True,True,True
F583-4,5,53.3,10.7,1,55.0,10.0,1.715,0.185,3.31,24.94,1.93,83.34,0.641,7.8,0.0,0.0,1,"KN08,dB96",12,1.715,1.93,73277330.237751,5.943894,0.28182,5.466797,1.262682,16.374411,True,20.771874,7.422485,2.239903,1.150475,2.159125,0.227796,7.247771,True,9.12664,Tapered,OK,False,7.29,0.0,1.715,1710030000.0000002,0.0,20.771874,2.239903,1.150475,46.526982888222,1.1605715025906735,0.533206891840793,0.2609917975031876,True,True,True,True,True,True
IC2574,9,3.91,0.2,2,75.0,7.0,1.016,0.012,3.18,15.88,2.78,80.32,1.036,10.81,66.4,2.0,2,"Sa96,MC94",34,1.016,2.78,20923014.101414,3.906844,0.03332,2.864037,2.482763,85.457552,True,4.611157,0.168481,34.02774,8.064383,2.195277,1.892476,67.611939,True,17.845613,Tapered,OK,False,10.23,0.0,1.016,1885880000.0000002,0.0,4.611157,34.02774,8.064383,156.90725149518002,12.240194244604318,0.2834203993189637,0.19538859602559003,True,True,True,False,False,True
IC4202,4,100.4,10.0,1,90.0,1.0,179.749,3.311,8.55,391.59,4.78,8888.53,12.326,32.13,242.6,11.0,1,SG06,32,179.749,4.78,1252076375.843608,4.729672,0.079612,27.748002,42.036306,1306.591237,True,8.374343,0.471036,21.429794,2.952041,25.214711,38.163095,1151.824322,True,154.766915,Tapered,OK,True,25.9,37.3623,142.3867,113740540000.0,0.20785818001769132,8.374343,21.429794,2.952041,179.460445375342,4.48322050209205,5.781840877048986,0.4058502091563267,True,True,True,True,True,True
KK98-251,10,6.8,2.04,1,59.0,5.0,0.085,0.007,1.28,7.89,1.34,52.1,0.115,2.9,33.7,1.6,2,BC04,15,0.085,1.34,7534066.697934,5.397594,0.303493,1.035952,0.287464,6.73254,True,6.583823,1.351866,10.194515,11.549636,0.869735,0.218204,8.252747,True,-1.520207,Indistinguishable,OK,False,3.13,0.0,0.085,195450000.0,0.0,6.583823,10.194515,11.549636,67.118882330845,7.607847014925373,0.12642492966122904,0.11933536084907126,True,True,True,False,False,False
NGC0024,5,7.3,0.36,2,64.0,3.0,3.889,0.036,2.01,151.65,1.34,1182.58,0.676,7.29,106.3,7.9,1,"Di08,Ch06",29,3.889,1.34,344705710.450201,7.715563,0.164308,28.565137,13.882725,392.083587,True,72.459169,8.317952,1.036396,0.143223,3.807432,0.619275,23.455025,True,368.628562,Tapered,OK,False,11.27,0.0,3.889,2843580000.0,0.0,72.459169,1.036396,0.143223,75.09639291492401,0.7734298507462687,1.8393420388133932,1.4694631988962683,True,True,True,True,True,True
NGC0055,9,2.11,0.11,2,77.0,3.0,4.628,0.013,3.67,54.55,6.11,391.59,1.565,10.24,85.6,5.0,2,"Sa96,Pu91",21,4.628,6.11,19730180.638895,4.061139,0.082501,6.321409,3.902107,81.086669,True,6.227818,0.460811,14.783556,3.27978,2.420869,1.101498,27.017511,True,54.069157,Tapered,OK,False,13.5,0.0,4.628,4395450000.0,0.0,6.227818,14.783556,3.27978,92.06929616080801,2.4195672667757773,0.1367500728292765,0.15484494190591708,True,True,True,False,False,True
NGC0100,6,13.5,4.05,1,89.0,1.0,3.232,0.063,2.81,64.99,1.66,1193.52,1.99,16.36,88.1,6.4,1,"dB02,Rh96",21,3.232,1.66,186670335.343666,6.819956,0.209029,4.70147,0.857376,20.192049,True,10.088525,1.175233,13.383774,4.925472,1.453799,0.129131,8.542536,True,11.649513,Tapered,OK,False,9.62,0.0,3.232,4262700000.0000005,0.0,10.088525,13.383774,4.925472,135.02253859335002,8.062514457831327,1.7966986253843449,0.36785802218808444,True,True,True,False,False,True
NGC0247,7,3.7,0.19,2,74.0,3.0,7.332,0.027,5.87,33.79,3.74,506.79,1.746,12.79,104.9,8.0,2,"Sa96,Ca90",26,7.332,3.74,83425608.592595,7.153955,0.080219,23.477736,51.511658,1291.049549,True,28.558446,1.56016,1.940812,0.157191,4.140968,1.319733,38.189791,True,1252.859758,Tapered,OK,False,14.54,0.0,7.332,5988180000.0,0.0,28.558446,1.940812,0.157191,55.426574698152,0.5189336898395721,0.4972311003371859,0.4274633649695221,True,True,True,True,True,True
NGC0289,4,20.8,5.2,1,46.0,5.0,72.065,0.465,2.69,1587.93,6.74,69.96,27.469,49.51,163.0,8.0,2,Wa97,28,72.065,6.74,252478690.794086,1.969186,0.032656,26.512093,19.446493,528.387522,True,11.499308,1.424546,8.918124,1.416781,10.058417,1.539782,46.698732,True,481.68879,Tapered,OK,False,71.12,0.0,72.065,72566270000.0,0.0,11.499308,8.918124,1.416781,102.552254658192,1.3231637982195845,1.855332063025033,0.3184660984091235,True,True,True,True,True,True
NGC0300,7,2.08,0.1,2,42.0,10.0,2.922,0.008,1.77,147.51,1.75,437.35,0.936,9.2,93.3,7.0,2,"Sa96,CP90",25,2.922,1.75,151853304.070047,6.308372,0.101795,11.142545,8.107801,197.806109,True,17.981437,1.4609,4.764588,0.626105,3.530249,0.493906,17.7976,True,180.008509,Tapered,OK,False,11.8,0.0,2.922,2705880000.0000005,0.0,17.981437,4.764588,0.626105,85.674138952956,2.7226217142857143,1.026216700263989,0.416025960602707,True,True,True,True,True,True
NGC0801,5,80.7,8.07,1,80.0,1.0,312.57,3.455,7.76,818.14,8.72,1558.94,23.201,44.99,220.1,6.2,1,"Sa96,Br92",13,312.57,8.72,654236024.985188,1.657671,0.033915,19.847473,12.642905,154.279809,True,5.46255,0.789096,18.342975,3.934266,14.873458,8.306546,96.50191,True,57.777899,Tapered,OK,True,59.82,0.0,312.57,187142330000.0,0.0,5.46255,18.342975,3.934266,100.19941808625,2.1035521788990823,2.8585494212148057,0.1478110535422752,True,True,True,True,True,True
NGC0891,3,9.91,0.5,2,90.0,1.0,138.34,0.255,3.68,1617.45,2.55,5067.92,4.462,18.16,216.1,5.7,1,Fr11,18,138.34,2.55,3386004587.056179,3.578922,0.069971,25.889013,19.927494,341.657777,True,4.084394,0.409862,85.55,66.320281,26.521773,22.758808,369.921674,True,-28.263897,Linear,OK,True,17.11,18.8773,119.4627,78879920000.0,0.13645583345380946,4.084394,85.55,66.320281,349.41990669999996,33.549019607843135,14.089407924275163,0.38540874167054806,True,True,True,False,False,False
NGC1003,6,11.4,3.42,1,67.0,5.0,6.82,0.075,2.76,140.87,1.61,1345.33,5.88,33.33,109.8,4.2,1,"Sa96,Br92",36,6.82,1.61,418748008.134997,2.995068,0.021038,11.952739,30.281021,1063.419238,True,7.749307,0.294511,14.075634,0.919641,3.883231,2.89997,105.766025,True,957.653212,Tapered,OK,False,30.24,0.0,6.82,11230400000.0,0.0,7.749307,14.075634,0.919641,109.076409085638,8.742629813664596,5.032109879388714,0.22826534714075025,True,True,True,True,True,True
NGC1090,4,37.0,9.25,1,64.0,3.0,72.045,0.796,6.36,283.68,3.53,2055.09,8.783,30.49,164.4,3.7,1,Ge04,24,72.045,3.53,920183764.820808,2.69613,0.028746,15.540577,11.085719,258.149581,True,8.058654,0.766496,12.209293,1.785187,7.817981,2.030674,51.030941,True,207.11864,Tapered,OK,True,30.09,0.0,72.045,47703890000.0,0.0,8.058654,12.209293,1.785187,98.39046787162201,3.4587232294617567,4.446425568297808,0.2141222623482361,True,True,True,True,True,True
NGC1705,11,5.73,0.29,2,80.0,10.0,0.533,0.01,0.49,347.4,0.39,587.26,0.139,2.36,71.9,4.3,3,Le14,14,0.533,0.39,557722450.151086,14.38036,0.413646,18.505699,10.447191,138.452536,True,105.872074,34.074617,0.517474,0.200545,2.900071,0.190056,7.558784,True,130.893753,Tapered,OK,False,6.0,0.0,0.533,451370000.00000006,0.0,105.872074,0.517474,0.200545,54.786045621076,1.3268564102564102,3.446752658212161,1.566381927129877,False,True,True,True,False,True
NGC2366,10,3.27,0.16,2,68.0,5.0,0.236,0.005,1.08,31.98,0.65,113.98,0.647,6.94,50.2,3.2,3,Le14,26,0.236,0.65,88900749.277366,5.986798,0.126857,6.208152,4.354536,112.121502,True,11.832327,1.234951,3.856282,0.848741,3.190928,1.463279,41.634894,True,70.486608,Tapered,OK,False,6.06,0.0,0.236,978510000.0000001,0.0,11.832327,3.856282,0.848741,45.628789628214,5.9327415384615385,2.689956132865244,0.14579928692823022,False,True,True,True,False,True
NGC2403,6,3.16,0.16,2,63.0,3.0,10.041,0.028,2.16,341.06,1.39,1408.74,3.199,15.11,131.2,4.9,1,"Da06,Fr02",73,10.041,1.39,827118049.575965,6.363107,0.011579,18.574836,240.814003,17342.898674,True,19.369394,0.237377,4.892791,0.093727,5.425678,12.664058,907.729025,True,16435.169649,Tapered,OK,False,20.87,0.0,10.041,9275170000.0,0.0,19.369394,4.892791,0.093727,94.77039663865399,3.5199935251798564,5.575693862072395,0.49571837753993103,True,True,True,True,True,True
NGC2683,3,9.81,0.49,2,80.0,5.0,80.415,0.222,3.34,1139.8,2.18,10205.4,1.406,13.79,154.0,8.1,2,"Sa96,Br92",11,80.415,2.18,2693048722.484379,3.401796,0.140982,23.199272,10.705503,109.452927,True,14.720803,3.163066,6.280368,1.944046,7.511705,0.780699,11.82208,True,97.630847,Tapered,OK,False,34.62,5.3862,75.0288,43154720000.0,0.06698004103711994,14.720803,6.280368,1.944046,92.45206009550401,2.880902752293578,10.54683030856243,0.36753134312991514,True,True,True,True,True,True
NGC2841,3,14.1,1.4,3,76.0,10.0,188.121,0.52,5.51,983.63,3.64,4751.49,9.775,45.12,284.8,8.6,1,"Di08,Be91",50,188.121,3.64,2259720070.748584,3.767556,0.020455,57.509784,69.148132,3392.170504,True,29.801451,1.363421,6.023781,0.32873,7.589459,2.273857,116.969179,True,3275.201324,Tapered,Fit Failed,False,63.64,46.0617,142.0593,116273590000.0,0.24485145199100578,29.801451,6.023781,0.32873,179.517414306231,1.65488489010989,10.192599437379922,1.4447419460150803,True,True,False,True,False,False
NGC2903,4,6.6,1.98,1,66.0,3.0,81.863,0.151,4.54,632.16,2.33,1193.52,2.552,13.76,184.6,5.6,1,"Be91,Be87",34,81.863,2.33,2399915472.072027,4.987859,0.03217,26.273653,30.255407,1001.954779,True,7.620923,0.193163,25.978111,1.979779,24.370472,15.761923,511.434244,True,490.520535,Tapered,OK,True,24.96,0.0,81.863,44325660000.0,0.0,7.620923,25.978111,1.979779,197.977183616453,11.149403862660943,9.483093039065732,0.40744501001832295,True,True,True,False,False,True
NGC2915,11,4.06,0.2,2,56.0,4.0,0.641,0.008,0.53,347.4,0.55,313.93,0.508,7.16,83.5,6.3,2,El10,30,0.641,0.55,337250639.741834,7.979265,0.198862,18.414389,5.514736,163.328531,True,39.978881,8.775928,1.908943,0.543533,10.158082,1.103051,37.687814,True,125.640717,Tapered,OK,True,10.04,0.0,0.641,996140000.0,0.0,39.978881,1.908943,0.543533,76.317405032783,3.4708054545454545,3.824737581456178,0.8239493529663605,True,True,True,True,True,True
NGC2955,3,97.9,9.8,1,56.0,7.0,319.422,4.413,7.22,974.61,18.76,50.68,28.949,40.34,0.0,0.0,1,SG06,24,319.422,18.76,144450579.399017,2.476462,0.143434,14.999058,4.739834,112.194225,True,2.767004,0.35664,177.15,205.659186,14.51856,4.904953,114.265074,True,-2.070849,Linear,OK,True,35.43,71.0188,248.40320000000003,212416930000.0,0.22233534321367968,2.767004,177.15,205.659186,490.1747586,9.442963752665245,0.701019505852643,0.3662747819997933,True,True,True,False,False,False
NGC2976,5,3.58,0.18,2,61.0,10.0,3.371,0.019,1.31,308.2,1.01,1502.55,0.172,3.04,85.4,3.3,2,Si03,27,3.371,1.01,525939920.755592,12.157149,0.580978,2.027894,0.354647,12.516654,True,13.630089,2.122102,11.35,15.935136,1.968052,0.346298,15.249117,True,-2.732463,Linear,OK,True,2.27,0.0,3.371,1914260000.0,0.0,13.630089,11.35,15.935136,154.70151015,11.237623762376238,2.179539878366518,0.5694289364782347,True,True,True,False,False,False
NGC2998,5,68.1,10.2,1,58.0,2.0,150.902,2.085,7.06,479.55,6.2,774.16,23.451,43.58,209.9,8.1,1,"Sa96,Br92",13,150.902,6.2,624786660.313558,2.778659,0.032481,37.543615,22.697452,274.934369,True,12.089904,1.89799,9.332631,1.940887,27.254583,3.802668,46.959242,True,227.975127,Tapered,OK,False,42.28,0.0,150.902,106640830000.0,0.0,12.089904,9.332631,1.940887,112.830612857424,1.505263064516129,3.2221576127021625,0.36838003718806966,True,True,True,True,True,True
NGC3109,9,1.33,0.07,2,70.0,5.0,0.194,0.002,1.64,11.4,1.56,140.87,0.477,6.0,66.2,2.6,1,"Be91,JC90",25,0.194,1.56,12687400.953249,8.454243,0.139882,3.911376,2.704322,68.122612,True,12.759196,0.705448,8.895928,1.491928,1.075551,0.287349,13.046784,True,55.075828,Tapered,OK,False,6.45,0.0,0.194,731410000.0,0.0,12.759196,8.895928,1.491928,113.50488895388798,5.702517948717948,0.34907467290456784,0.3910967121579508,True,True,True,False,False,True
NGC3198,5,13.8,1.4,3,73.0,3.0,38.279,0.212,5.84,178.99,3.14,1602.62,10.869,35.66,150.1,3.9,1,"Da06,Be91,Be87",43,38.279,3.14,617904587.063843,2.83013,0.016946,22.335921,113.069648,4752.686426,True,11.790272,0.283486,8.66445,0.307086,6.442369,1.362503,63.385016,True,4689.30141,Tapered,OK,True,44.08,0.0,38.279,33595270000.0,0.0,11.790272,8.66445,0.307086,102.1562222304,2.7593789808917197,3.957541541785693,0.3252632045878646,True,True,True,True,True,True
NGC3521,4,7.7,2.3,1,75.0,5.0,84.836,0.156,2.45,2232.7,2.4,2112.66,4.154,18.85,213.7,15.9,1,"Da06,Sa96",41,84.836,2.4,2344109158.358339,5.71092,0.233215,6.159893,0.537987,25.233068,True,7.019776,0.834618,54.321101,34.1951,6.025468,0.473368,25.888485,True,-0.655417,Indistinguishable,OK,False,17.74,0.0,84.836,47942820000.0,0.0,7.019776,54.321101,34.1951,381.321961093376,22.633792083333333,9.667356514903457,0.7228719283705684,True,True,True,False,False,False
NGC3726,5,18.0,2.5,4,53.0,2.0,70.234,0.388,7.52,198.08,3.4,1789.91,6.473,22.2,168.0,6.2,2,"VS01,SV98",12,70.234,3.4,966962653.383753,2.662429,0.112749,6.350918,1.780186,22.066951,True,2.971244,0.367973,162.6,186.025972,7.292918,1.969857,24.668386,True,-2.601435,Linear,OK,False,32.52,0.0,70.234,43726090000.0,0.0,2.971244,162.6,186.025972,483.1242744,47.8235294117647,4.393285761518997,0.38765328154613926,True,True,True,False,False,False
NGC3741,10,3.21,0.17,2,70.0,4.0,0.028,0.001,0.32,42.94,0.2,143.49,0.182,4.2,50.1,2.1,1,"Ge07,Bm05",21,0.028,0.2,111408460.164327,7.061512,0.143155,6.188984,7.146699,145.978507,True,17.521526,1.561338,3.105085,0.494858,1.115496,0.278461,11.379799,True,134.598708,Tapered,OK,False,7.0,0.0,0.028,256060000.0,0.0,17.521526,3.105085,0.494858,54.405827559710005,15.525424999999998,7.435127022684308,0.257432655182008,True,True,True,True,True,True
NGC3769,3,18.0,2.5,4,70.0,2.0,18.679,0.189,2.18,626.37,3.38,160.26,5.529,22.57,118.6,8.4,2,"VS01,SV98",12,18.679,3.38,260219808.656342,3.044441,0.129919,21.278794,8.786658,99.13814,True,8.091659,1.240502,12.34254,3.518716,7.223022,1.188841,16.85822,True,82.27992,Tapered,OK,True,37.16,0.0,18.679,16693069999.999998,0.0,8.091659,12.34254,3.518716,99.87162487386,3.651639053254438,1.6971079059570353,0.2182357905090989,True,True,True,True,True,True
NGC3877,5,18.0,2.5,4,76.0,1.0,72.535,0.401,4.39,598.18,2.53,3410.59,1.483,11.47,168.4,5.1,2,"VS01,SV98",13,72.535,2.53,1803543844.954714,3.769667,0.219358,20.704876,9.859132,120.874529,True,24.482704,14.413269,1.556535,1.125381,18.032096,6.563344,77.326682,True,43.547847,Tapered,OK,True,11.35,0.0,72.535,38239889999.99999,0.0,24.482704,1.556535,1.125381,38.10818567064,0.6152312252964427,6.938765885550281,0.2519555575887984,True,True,True,True,True,True
NGC3893,5,18.0,2.5,4,49.0,2.0,58.525,0.377,2.43,1573.37,2.38,2055.09,5.799,20.84,174.0,8.9,1,"VS01,SV98",10,58.525,2.38,1644400650.457802,5.558431,0.254959,14.583721,2.451954,24.370174,True,9.73275,1.791748,15.784107,7.117141,6.590935,0.842174,11.342561,True,13.027613,Tapered,OK,False,19.05,0.0,58.525,36975170000.0,0.0,9.73275,15.784107,7.117141,153.62276740425,6.631977731092437,7.581635618681715,0.40377315405177266,True,True,True,True,True,True
NGC3917,6,18.0,2.5,4,79.0,2.0,21.966,0.202,5.56,112.94,2.63,1226.96,1.888,14.08,135.9,4.1,1,"VS01,SV98",17,21.966,2.63,505428368.193349,5.71573,0.114287,13.60603,11.092738,180.317017,True,18.112705,2.216593,4.647545,0.872292,5.177743,1.873475,33.768555,True,146.548463,Tapered,OK,True,14.86,0.0,21.966,13494040000.0,0.0,18.112705,4.647545,0.872292,84.179611559225,1.7671273764258555,2.2658812143654834,0.4117527602448912,True,True,True,True,True,True
NGC3949,4,18.0,2.5,4,55.0,2.0,38.067,0.28,2.39,1058.84,3.59,185.71,3.371,13.72,163.0,7.1,2,"VS01,SV98",7,38.067,3.59,470088781.021189,4.955411,0.743005,7.607328,0.549629,5.243686,True,5.533029,3.041614,35.35,172.935817,8.639744,0.763546,7.70955,True,-2.465864,Linear,OK,False,7.07,0.0,38.067,23516930000.000004,0.0,5.533029,35.35,172.935817,195.59257515000002,9.846796657381617,2.1193289564148636,0.292254763837329,True,True,True,False,False,False
NGC3953,4,18.0,2.5,4,62.0,1.0,141.301,0.521,6.17,587.26,4.89,1999.08,2.832,17.38,220.8,6.1,1,"VS01,SV98",8,141.301,4.89,940475851.716408,4.74784,0.224795,15.848437,6.452755,47.248724,True,40.362028,28.743546,1.454103,1.207534,3.374082,0.393284,6.518587,True,40.730137,Tapered,OK,False,15.68,0.0,141.301,74417059999.99998,0.0,40.362028,1.454103,1.207534,58.690546000884,0.2973625766871166,3.6146098914418716,0.6397163005733103,True,True,True,True,True,True
NGC3972,4,18.0,2.5,4,77.0,1.0,14.353,0.172,3.73,164.75,2.18,1587.93,1.214,10.05,132.7,2.9,1,"VS01,SV98",10,14.353,2.18,480673112.153433,7.936887,0.276341,9.420539,3.510022,33.892779,True,18.648846,3.840287,4.807696,1.783493,4.784084,1.173452,13.992786,True,19.899993,Tapered,OK,False,8.72,0.0,14.353,8791120000.0,0.0,18.648846,4.807696,1.783493,89.657982318816,2.205365137614679,2.1485123959142673,0.45153062515104575,True,True,True,True,True,True
NGC3992,4,23.7,2.3,5,56.0,2.0,226.932,0.836,9.99,360.44,4.96,3257.09,16.599,32.75,241.0,5.2,1,"VS01,SV98",9,226.932,4.96,1468089455.3903,3.443846,0.070764,32.842458,27.321231,220.767073,True,27.91091,7.624491,4.483834,1.442347,5.880075,0.913706,10.790394,True,209.976679,Tapered,OK,False,46.02,0.0,226.932,135542669999.99998,0.0,27.91091,4.483834,1.442347,125.14788722894001,0.9039987903225807,6.399106321226778,0.9432869071393719,True,True,True,True,True,True
NGC4010,7,18.0,2.5,4,89.0,1.0,17.193,0.19,6.63,14.75,2.81,2611.14,2.832,17.59,125.8,4.7,2,"VS01,SV98",12,17.193,2.81,346544615.263099,5.53137,0.216187,6.951574,1.874652,23.106074,True,7.417009,1.41257,24.922543,18.775636,6.748443,1.719663,22.166447,True,0.939627,Indistinguishable,OK,False,10.47,0.0,17.193,12363060000.0,0.0,7.417009,24.922543,18.775636,184.850725733887,8.869232384341638,1.818527947564251,0.37025101172691643,True,True,True,False,False,False
NGC4013,3,18.0,2.5,4,89.0,1.0,79.094,0.364,4.11,746.16,3.53,10205.4,2.967,31.35,172.9,7.1,2,"VS01,SV98",36,79.094,3.53,1010216041.289985,3.323652,0.044908,6.569422,1.063657,40.811516,True,3.946849,0.219431,121.568095,42.414287,5.596312,0.789659,34.015429,True,6.796087,Tapered,OK,False,31.01,15.3853,63.70869999999999,46570169999.99999,0.19451917971021826,3.946849,121.568095,42.414287,479.810914182655,34.43855382436261,4.340752810891848,0.5114072986310823,True,True,True,False,False,True
NGC4051,4,18.0,2.5,4,49.0,3.0,95.268,0.439,6.87,319.76,4.65,1320.78,2.697,15.13,157.0,5.5,2,"VS01,SV98",7,95.268,4.65,701231269.209328,2.816038,0.348047,9.757229,2.201348,15.153998,True,21.127331,33.831144,1.353847,2.579911,7.673068,1.098489,9.384265,True,5.769733,Tapered,OK,False,12.19,0.0,95.268,51221010000.0,0.0,21.127331,1.353847,2.579911,28.603173692357004,0.2911498924731183,2.751369221576865,0.1631943608557706,True,True,True,False,False,True
NGC4068,10,4.37,0.22,2,44.0,6.0,0.236,0.005,1.11,30.26,0.59,261.11,0.154,3.18,0.0,0.0,2,Le14,6,0.236,0.59,107901656.333488,6.215757,0.638057,1.769189,0.312885,3.356184,True,7.114485,4.002557,11.65,50.522792,2.058913,0.508062,5.615766,True,-2.259582,Linear,OK,True,2.33,0.0,0.236,322820000.0,0.0,7.114485,11.65,50.522792,82.88375025,19.74576271186441,1.0771174270138044,0.15924255951859878,True,True,True,False,False,False
NGC4085,5,18.0,2.5,4,82.0,2.0,21.724,0.2,2.0,856.7,1.65,5021.46,1.349,10.16,131.5,4.8,2,"VS01,SV98",7,21.724,1.65,1269965834.243649,4.335421,0.51637,13.601731,4.796197,30.723093,True,4.946292,2.850445,31.0,132.546569,13.965953,6.063276,34.208201,True,-3.485109,Linear,OK,True,6.2,0.0,21.724,12656170000.0,0.0,4.946292,31.0,132.546569,153.335052,18.78787878787879,5.399344696784951,0.2048176994402333,True,True,True,False,False,False
NGC4088,4,18.0,2.5,4,69.0,2.0,107.286,0.494,6.1,457.96,2.58,3988.69,8.226,22.25,171.7,6.9,1,"VS01,SV98",12,107.286,2.58,2565215014.806364,1.632666,0.152634,12.46884,3.095964,36.540509,True,1.841502,0.753535,107.4,335.30286,13.178521,3.805141,43.021226,True,-6.480716,Linear,OK,True,21.48,0.0,107.286,64583580000.0,0.0,1.841502,107.4,335.30286,197.7773148,41.627906976744185,11.26910293557993,0.0983546639910423,True,True,True,False,False,False
NGC4100,4,18.0,2.5,4,73.0,2.0,59.394,0.328,4.93,388.0,2.15,8970.78,3.102,18.06,158.2,5.0,1,"VS01,SV98",24,59.394,2.15,2044964562.466205,4.966016,0.089587,21.782265,12.024511,279.741817,True,23.325609,3.781023,3.89378,0.838335,6.053043,1.127366,31.158168,True,248.583649,Tapered,OK,False,22.76,0.0,59.394,33822660000.0,0.0,23.325609,3.89378,0.838335,90.82478981202,1.8110604651162792,8.498406149318072,0.572115456295534,True,True,True,True,True,True
NGC4138,0,18.0,2.5,4,53.0,3.0,44.111,0.284,1.91,1909.11,1.51,3952.12,1.483,18.58,147.3,5.9,2,"VS01,SV98",7,44.111,1.51,3079024470.298055,5.103214,0.44311,17.410546,3.465901,22.741315,True,19.998155,10.672498,3.973595,3.069288,10.285452,0.881645,8.300044,True,14.441271,Tapered,OK,False,18.58,8.4683,35.6427,25721550000.0,0.1919770578767201,19.998155,3.973595,3.069288,79.464568717225,2.631519867549669,13.102370742855946,0.42915062441674773,True,True,True,True,True,True
NGC4157,3,18.0,2.5,4,82.0,3.0,105.62,0.486,4.44,848.85,2.32,23813.87,8.226,24.09,184.7,7.2,1,"VS01,SV98",17,105.62,2.32,3123131890.860209,2.922118,0.112865,6.245129,0.443021,9.92155,True,3.307738,0.514275,148.05,190.780249,7.104511,0.652123,15.44827,True,-5.526719,Linear,OK,True,29.61,2.0135,103.60650000000001,64153280000.00001,0.019063624313576975,3.307738,148.05,190.780249,489.71061090000006,63.8146551724138,13.843615821506685,0.4374384003989048,True,True,True,False,False,False
NGC4183,6,18.0,2.5,4,82.0,2.0,10.838,0.15,4.47,86.46,2.79,1098.58,3.506,16.07,110.6,5.4,1,"VS01,SV98",23,10.838,2.79,221595466.814399,3.816498,0.097163,16.744684,9.097017,203.269857,True,35.781362,8.672825,1.623098,0.459608,3.505422,0.296718,12.502075,True,190.767782,Tapered,OK,False,21.02,0.0,10.838,10081980000.0,0.0,35.781362,1.623098,0.459608,58.076657099476,0.5817555555555555,1.5043332947724164,0.5611833355188283,True,True,True,True,True,True
NGC4214,10,2.87,0.14,2,15.0,10.0,1.141,0.008,0.7,363.77,0.51,1308.67,0.486,5.84,80.1,5.8,2,Le14,14,1.141,0.51,698176816.869868,13.590916,0.551456,13.042167,3.81893,52.285153,True,41.806023,9.569847,1.705532,0.612508,6.960457,1.21902,19.90635,True,32.378803,Tapered,OK,False,5.63,0.0,1.141,1216880000.0000002,0.0,41.806023,1.705532,0.612508,71.301510019236,3.3441803921568627,5.433930053076867,0.8049777390761305,True,False,True,True,False,True
NGC4217,3,18.0,2.5,4,86.0,2.0,85.299,0.393,5.28,483.98,2.94,4373.51,2.562,16.7,181.3,7.2,1,"VS01,SV98",19,85.299,2.94,1570613805.682306,1.924614,0.163988,43.147034,37.831819,683.917174,True,2.091019,0.769905,83.6,244.275422,43.579183,40.816735,699.773365,True,-15.856191,Linear,OK,True,16.72,68.306,16.99300000000001,59718160000.0,0.8007831275864897,2.091019,83.6,244.275422,174.8091884,28.43537414965986,8.024507732029269,0.09871167548446655,True,True,True,False,False,False
NGC4389,4,18.0,2.5,4,50.0,4.0,21.328,0.216,4.05,207.41,2.79,322.72,0.539,6.81,0.0,0.0,3,"VS01,SV98",6,21.328,2.79,436075670.438964,-3.870988,0.80183,20.766118,12.107097,62.327244,True,0.0,27.903088,0.1,0.0,23.566294,20.960526,87.425621,True,-25.098377,Linear,OK,True,5.32,0.0,21.328,11380870000.0,0.0,0.0,0.1,0.0,0.0,0.035842293906810034,1.6981408081028282,0.0,False,True,True,True,False,False
NGC4559,6,9.0,2.7,1,67.0,1.0,19.377,0.107,3.82,211.27,2.1,1602.62,5.811,21.16,121.2,5.1,1,Ba05,32,19.377,2.1,699307331.58541,3.393395,0.068756,8.152218,2.341019,76.037335,True,6.745719,0.797553,14.396898,3.536432,3.389979,0.476754,21.234079,True,54.803257,Tapered,OK,False,20.97,0.0,19.377,17417130000.0,0.0,6.745719,14.396898,3.536432,97.117428379662,6.855665714285714,4.587168006102792,0.176917872495767,True,True,True,True,True,True
NGC5005,4,16.9,1.5,5,68.0,2.0,178.72,0.494,3.97,1789.91,9.45,96.57,1.28,10.41,262.2,20.7,1,Ri15,18,178.72,9.45,318514839.219322,4.289626,0.797365,12.284058,0.692147,14.656878,True,4.789491,2.727083,57.35,257.361876,13.038949,0.808068,18.70983,True,-4.052952,Linear,OK,True,11.47,20.7589,157.9611,95214179999.99998,0.1161532005371531,4.789491,57.35,257.361876,274.67730885000003,6.06878306878307,1.2383535605062015,0.35526991591717405,True,True,True,False,False,False
NGC5033,5,15.7,4.7,1,66.0,1.0,110.509,0.407,2.94,2036.24,5.16,614.94,11.314,29.53,194.2,3.6,1,"Sa96,Be87",22,110.509,5.16,660569286.93221,3.455505,0.025008,27.615141,85.642334,1801.580053,True,14.406757,0.877884,8.894985,0.74911,17.778921,6.269852,131.579115,True,1670.000938,Tapered,OK,True,44.59,25.1581,85.3509,75333740000.0,0.22765657095802153,14.406757,8.894985,0.74911,128.147887413645,1.7238343023255813,3.2862210122999347,0.4985675058146752,True,True,True,True,True,True
NGC5055,4,9.9,0.3,2,55.0,6.0,152.922,0.282,4.18,1383.02,3.2,3348.34,11.722,35.06,179.0,4.9,1,"Ba06,Bl04",28,152.922,3.2,2376786348.388556,1.97478,0.008492,11.640045,75.308439,2036.660049,True,2.407818,0.034693,171.570453,13.612074,10.119324,69.235766,1806.794313,True,229.865736,Tapered,OK,True,54.59,0.0,152.922,92051260000.0,0.0,2.407818,171.570453,13.612074,413.11042500155395,53.61576656249999,10.440863632701735,0.2686186112088554,True,True,True,False,False,True
NGC5371,4,39.7,9.92,1,53.0,2.0,340.393,1.881,9.8,560.83,7.44,1395.82,11.18,30.03,209.5,3.9,1,"Sa96,Be87",19,340.393,7.44,978711927.388273,1.484748,0.032098,22.101391,23.047369,417.797084,True,200.0,309.193546,0.199553,0.312722,13.824528,11.537167,202.020712,True,215.776371,Tapered,OK,False,46.24,0.0,340.393,185065900000.0,0.0,200.0,0.199553,0.312722,39.9106,0.026821639784946238,3.883176896851491,2.155581960572509,True,True,True,False,False,True
NGC5585,7,7.06,2.12,1,51.0,2.0,2.943,0.033,2.27,90.54,1.53,297.05,1.683,10.92,90.3,2.4,1,"Bl99,Sa96,Co91",24,2.943,1.53,200090989.584966,5.575462,0.068226,6.401314,12.093138,281.320232,True,9.64754,0.447374,11.439792,1.296304,4.042913,5.852477,135.110599,True,146.209634,Tapered,OK,False,10.96,0.0,2.943,3709890000.0000005,0.0,9.64754,11.439792,1.296304,110.36585091168,7.476988235294118,1.8407076352465448,0.28753955206709947,True,True,True,False,False,True
NGC5907,5,17.3,0.9,2,88.0,2.0,175.425,0.646,7.88,449.6,5.34,8646.29,21.025,0.0,215.0,2.9,1,"Sa96,SA87",19,175.425,5.34,979104626.656838,2.670447,0.019387,29.896725,71.496004,1289.872511,True,16.665124,1.453716,6.372441,0.682044,11.934478,8.090843,143.433216,True,1146.439294,Tapered,OK,False,50.33,0.0,175.425,115675750000.00002,0.0,16.665124,6.372441,0.682044,106.197519447684,1.193341011235955,4.711578730439468,0.47793541185202953,True,True,True,True,True,True
NGC5985,3,39.7,9.9,1,60.0,2.0,208.728,1.538,10.71,288.95,7.01,1461.61,11.586,39.5,293.6,8.6,1,"Bl04,Br92",33,208.728,7.01,676028192.081114,6.168259,0.041882,59.939473,100.295342,3212.947461,True,200.0,42.279278,0.710427,0.15711,10.011376,3.78401,124.297332,True,3088.650129,Tapered,Fit Failed,False,34.72,10.1541,198.5739,121804200000.00002,0.04864752213406921,200.0,0.710427,0.15711,142.0854,0.1013447931526391,2.8789417008456235,7.674069673237915,True,True,False,True,False,False
NGC6015,6,17.0,5.1,1,60.0,2.0,32.129,0.237,3.92,331.76,2.3,1926.77,5.834,21.43,154.1,7.0,2,VM97,44,32.129,2.3,966633112.778735,4.818773,0.03953,26.250964,122.16339,5256.809973,True,36.428472,1.433686,2.169061,0.113246,11.03834,11.193435,477.692635,True,4779.117337,Tapered,OK,False,29.23,0.0,32.129,23823719999.999996,0.0,36.428472,2.169061,0.113246,79.015577904792,0.9430700000000001,5.230708845645512,0.7773202180039249,True,True,True,True,True,True
NGC6195,3,127.8,12.8,1,62.0,5.0,391.076,6.123,9.52,686.8,13.94,174.11,20.907,40.89,251.7,9.3,1,SG06,23,391.076,13.94,320299122.312504,1.8444,0.073097,9.265912,2.192013,51.359786,True,2.108994,0.258664,182.15,165.159213,9.932405,2.683391,62.622201,True,-11.262415,Linear,OK,True,36.43,104.582,286.494,244260710000.00003,0.26742116621833095,2.108994,182.15,165.159213,384.1532571,13.06671449067432,1.4599390001053931,0.21878933683617538,True,True,True,False,False,False
NGC6503,6,6.26,0.31,2,74.0,2.0,12.845,0.059,1.62,774.16,2.16,398.87,1.744,14.05,116.3,2.4,1,"Be91,Be87",31,12.845,2.16,438174134.94843,4.480663,0.020141,16.455195,69.618522,2091.989656,True,13.55496,0.496356,6.975508,0.394883,4.544239,3.156567,98.408416,True,1993.58124,Tapered,OK,False,23.5,0.0,12.845,8742020000.0,0.0,13.55496,6.975508,0.394883,94.55273191967999,3.2294018518518515,2.1762607834261654,0.3461135563224373,True,True,True,True,True,True
NGC6674,3,51.2,10.2,1,54.0,6.0,214.654,1.977,7.75,560.83,6.04,1370.35,32.165,50.02,241.3,4.9,1,"Sa96,Br92",15,214.654,6.04,936451393.427034,2.583032,0.014362,43.412009,109.762625,1539.3848,True,14.541782,1.147904,10.618752,1.042948,16.073919,12.038223,161.912994,True,1377.471805,Tapered,OK,False,72.41,17.2096,197.4444,153548370000.0,0.08017367484416782,14.541782,10.618752,1.042948,154.415576696064,1.758071523178808,4.888526524211264,0.6063941813984454,True,True,True,True,True,True
NGC6789,11,3.52,0.18,2,43.0,7.0,0.1,0.003,0.52,59.27,0.31,319.76,0.017,0.97,0.0,0.0,2,Le14,4,0.1,0.31,165613884.590942,50.0,6.006997,3.518542,0.485697,2.843386,True,63.594426,25.615555,3.55,11.563465,2.231907,0.311747,3.396084,True,-0.552698,Indistinguishable,OK,False,0.71,0.0,0.1,72610000.00000001,0.0,63.594426,3.55,11.563465,225.76021229999998,11.451612903225806,0.877565803860694,3.8771512597506446,True,True,True,False,False,False
NGC6946,6,5.52,1.66,2,38.0,2.0,66.173,0.122,4.2,571.26,2.44,2232.7,5.67,21.25,158.9,10.9,1,Bo08,58,66.173,2.44,1768973402.516123,4.062037,0.042386,10.937703,2.641838,154.645205,True,4.998324,0.216027,43.043942,9.913623,7.85076,2.121734,126.937991,True,27.707214,Tapered,OK,True,20.4,4.102,62.071,41448000000.0,0.06198902875795264,4.998324,43.043942,9.913623,215.14756835320802,17.640959836065576,8.085941020677831,0.29040703603604645,True,True,True,False,False,True
NGC7331,3,14.7,1.5,3,75.0,2.0,250.631,0.693,3.99,2470.76,5.02,1806.47,11.067,27.01,239.0,5.4,1,"Be91,Be87",36,250.631,5.02,1582878150.428756,2.763614,0.030102,16.580461,7.681988,272.453115,True,3.138142,0.161617,181.55,75.686791,17.612815,9.325985,324.250533,True,-51.797419,Linear,OK,True,36.31,11.5982,239.0328,142354250000.0,0.046275999377571014,3.138142,181.55,75.686791,569.7296801000001,36.16533864541833,6.5609940805510325,0.48282274851967993,True,True,True,False,False,False
NGC7793,7,3.61,0.18,2,47.0,9.0,7.05,0.026,2.19,233.79,1.21,1068.64,0.861,7.35,0.0,0.0,1,"Di08,Sa96,CP90",46,7.05,1.21,766370021.718368,7.296188,0.305613,9.750493,2.494732,116.091573,True,22.405183,3.295518,2.3495,0.579965,5.774579,0.73304,39.911023,True,76.180551,Tapered,OK,True,7.87,0.0,7.05,4670130000.0,0.0,22.405183,2.3495,0.579965,52.640977458500004,1.9417355371900826,3.7048008870616504,0.31850681427398525,True,True,True,True,True,True
NGC7814,2,14.4,0.66,2,90.0,1.0,74.529,0.343,2.08,2709.13,2.54,2635.3,1.07,12.15,218.9,7.0,1,Fr11,18,74.529,2.54,1838560783.944427,6.462181,0.076232,12.605402,5.735746,100.398058,True,10.602708,0.75399,21.487931,3.983846,10.972261,1.497461,29.740117,True,70.657941,Tapered,OK,True,19.53,50.402,24.126999999999995,48767999999.99999,0.6762736652846544,10.602708,21.487931,3.983846,227.830257917148,8.459815354330708,8.779588373759516,0.6523407232676771,True,True,True,False,False,True
PGC51017,11,13.6,1.4,2,66.0,3.0,0.155,0.014,1.28,15.03,0.53,93.94,0.201,4.29,18.6,1.3,3,Le14,6,0.155,0.53,87821346.312723,0.337426,0.346673,4.656287,1.677764,10.18058,True,13.39561,225.405827,0.1,1.779381,4.264773,1.728442,10.497289,True,-0.316708,Indistinguishable,OK,False,3.63,0.0,0.155,344830000.0,0.0,13.39561,0.1,1.779381,1.339561,0.18867924528301888,1.4258043835413097,0.004845864630626519,False,True,True,False,False,False
UGC00128,8,64.5,9.7,1,57.0,10.0,12.02,0.565,9.63,20.36,5.95,88.89,7.431,31.27,129.3,2.8,1,"VB99,VH93",22,12.02,5.95,54036930.046313,2.830611,0.008104,35.111712,612.318954,12861.789066,True,46.293714,3.980603,1.771337,0.164756,6.376166,4.610492,98.391929,True,12763.397137,Tapered,OK,False,53.75,0.0,12.02,15893230000.0,0.0,46.293714,1.771337,0.164756,82.001768475618,0.29770369747899156,0.5214166313832803,1.0251597130176817,True,True,True,True,True,True
UGC00191,9,17.1,5.1,1,45.0,5.0,2.004,0.063,2.5,50.21,1.58,207.41,1.343,10.03,0.0,0.0,1,"KN08,vZ97",9,2.004,1.58,127762580.498381,5.19374,0.062706,16.644415,67.243322,540.143804,True,36.787551,3.240234,1.274025,0.135369,4.599312,2.811375,24.074077,True,516.069727,Tapered,OK,False,9.98,0.0,2.004,2788190000.0,0.0,36.787551,1.274025,0.135369,46.868259662774996,0.8063449367088606,1.2972235788263153,0.4656139596612417,True,True,True,True,True,True
UGC00634,9,30.9,7.7,1,37.0,8.0,2.989,0.146,4.26,26.11,2.45,126.13,3.663,16.78,0.0,0.0,2,vZ97,4,2.989,2.45,79252665.539638,4.5601,0.059952,12.034149,39.076279,118.615131,True,13.757941,2.157845,6.749696,1.611138,2.086022,0.723468,4.219524,True,114.395607,Tapered,OK,False,18.01,0.0,2.989,6366289999.999999,0.0,13.757941,6.749696,1.611138,92.86191933593601,2.754977959183673,1.2318586907943991,0.3450145307508957,True,True,True,True,True,True
UGC00731,10,12.5,3.75,1,57.0,3.0,0.323,0.019,1.4,25.63,2.3,82.57,1.807,11.57,73.3,2.3,1,"Sw09,Sw02",12,0.323,2.3,9717778.188787,5.391185,0.124077,17.008931,40.595375,449.034035,True,81.253088,18.602795,0.533015,0.136547,3.018947,1.38628,18.832615,True,430.20142,Tapered,OK,False,10.91,0.0,0.323,2564810000.0,0.0,81.253088,0.533015,0.136547,43.30911470032,0.23174565217391307,0.5631267641829264,0.9503103721164448,True,True,True,True,True,True
UGC00891,9,10.2,3.1,1,60.0,5.0,0.374,0.017,1.76,19.09,1.43,113.98,0.428,6.23,0.0,0.0,2,vZ97,5,0.374,1.43,29108488.784962,5.822259,0.061719,2.211664,5.986263,25.554489,True,8.077018,0.646065,15.285639,4.397578,1.327803,0.608272,5.043693,True,20.510795,Tapered,OK,False,7.39,0.0,0.374,756240000.0,0.0,8.077018,15.285639,4.397578,123.462381344502,10.689258041958043,0.429530702802822,0.26929729312514367,True,True,True,False,False,True
UGC01230,9,53.7,10.7,1,22.0,10.0,7.62,0.379,6.45,28.63,4.34,69.32,6.43,26.29,103.7,6.1,1,"dB02,VdH93",11,7.62,4.34,64386622.478723,2.168317,0.174064,32.819312,9.598604,98.383938,True,37.780463,16.987063,1.709828,0.892412,9.852528,1.038617,14.143344,True,84.240594,Tapered,OK,False,36.54,0.0,7.62,12361900000.0,0.0,37.780463,1.709828,0.892412,64.598093490364,0.3939695852534562,0.7622762866998074,0.6590726116616898,True,False,True,True,False,True
UGC01281,8,5.27,0.24,2,90.0,1.0,0.353,0.009,2.01,13.83,1.63,135.78,0.294,5.26,55.2,3.5,1,"dB02,Sw02",25,0.353,1.63,21145581.28324,8.4933,0.34987,4.116137,0.866004,24.002969,True,15.751546,2.664577,4.153011,1.594606,1.414524,0.110284,8.97429,True,15.028679,Tapered,OK,False,4.99,0.0,0.353,567520000.0,0.0,15.751546,4.153011,1.594606,65.41634380500601,2.5478595092024543,0.24809191132140695,0.27826317812486284,True,True,True,True,True,True
UGC02023,10,10.4,3.1,1,19.0,10.0,1.308,0.033,2.73,27.59,1.55,121.57,0.477,6.5,0.0,0.0,2,"Sw09,Sw02",5,1.308,1.55,86649184.417981,5.829349,1.548828,3.445221,0.196474,2.395333,True,6.708753,7.706519,18.9,153.887463,3.967482,0.347407,4.261098,True,-1.865765,Indistinguishable,OK,False,3.78,0.0,1.308,1288410000.0,0.0,6.708753,18.9,153.887463,126.79543169999998,12.193548387096772,0.6228698842320103,0.22971623894238996,True,False,True,False,False,False
UGC02259,8,10.5,3.1,1,41.0,3.0,1.725,0.038,2.4,47.08,1.62,172.52,0.494,7.28,86.2,2.9,2,"Be91,Ca88",8,1.725,1.62,104611445.219296,9.245451,0.132305,18.261443,68.670458,482.772649,True,135.389594,41.868044,0.393591,0.133042,1.722347,0.743206,8.618119,True,474.15453,Tapered,OK,False,8.14,0.0,1.725,1519520000.0,0.0,135.389594,0.393591,0.133042,53.288125692053995,0.2429574074074074,0.6724856697258073,1.9483277619411719,True,True,True,True,True,True
UGC02455,10,6.92,2.08,1,51.0,5.0,3.649,0.034,1.49,254.0,0.99,795.85,0.803,7.11,0.0,0.0,3,"Sw09,Sw02",8,3.649,0.99,592548094.42131,-3.632217,0.506375,15.044089,19.52185,138.732392,True,0.0,13.691844,0.1,0.0,17.650458,31.350751,192.263388,True,-53.530996,Linear,OK,True,4.03,0.0,3.649,2892490000.0000005,0.0,0.0,0.1,0.0,0.0,0.10101010101010102,3.4277419502818485,0.0,False,True,True,True,False,False
UGC02487,0,69.1,10.4,1,36.0,5.0,489.955,4.061,9.63,818.14,7.89,1150.35,17.963,40.2,332.0,3.5,1,"No07,No05",17,489.955,7.89,1252628588.314123,3.261849,0.015223,61.57985,157.109506,2516.585308,True,36.949093,4.251499,5.378937,0.687285,10.066278,3.923046,64.512123,True,2452.073185,Tapered,Fit Failed,False,80.38,106.2097,383.7453,290110230000.0,0.21677439764876366,36.949093,5.378937,0.687285,198.746843454141,0.6817410646387833,5.412721470221502,1.9831260065469878,True,True,False,True,False,False
UGC02885,5,80.6,8.06,1,64.0,4.0,403.525,4.088,12.2,421.53,11.4,470.79,40.075,74.24,289.5,12.0,1,"Sa96,RA85",19,403.525,11.4,494175118.583849,2.512639,0.05177,28.057212,8.309409,152.513801,True,8.238158,1.071101,23.54563,4.603931,14.823317,2.455814,47.637713,True,104.876087,Tapered,OK,False,74.07,48.6748,354.8502,264797210000.0,0.12062400099126448,8.238158,23.54563,4.603931,193.97262014954,2.065406140350877,2.3665209030874452,0.43153580676907755,True,True,True,True,True,True
UGC02916,2,65.4,9.8,1,50.0,5.0,124.153,1.83,2.8,2425.66,6.15,520.99,23.273,34.24,182.7,6.9,2,"No07,No05",43,124.153,6.15,522428809.562776,2.93142,0.05519,25.273035,48.784305,2052.702019,True,3.098717,0.105747,190.0,100.842824,24.062993,50.239728,2067.351245,True,-14.649226,Linear,OK,True,38.0,71.6319,52.521100000000004,107355970000.0,0.5769647128945736,3.098717,190.0,100.842824,588.7562300000001,30.894308943089428,3.2967241641422866,0.49267862240262233,True,True,True,False,False,False
UGC02953,2,16.5,4.95,1,50.0,4.0,259.518,0.717,5.03,1544.65,3.55,4215.31,7.678,24.0,264.9,6.0,2,"No07,No05",115,259.518,3.55,3277411031.249553,4.516641,0.008865,41.706512,173.243414,19754.494168,True,13.768185,0.151577,13.019013,0.227825,21.902089,6.382556,730.718705,True,19023.775462,Tapered,OK,True,62.39,30.1421,229.37589999999997,145999160000.0,0.1161464715356931,13.768185,13.019013,0.227825,179.248179501405,3.667327605633803,13.455514036547086,0.6664655944608566,True,True,True,True,True,True
UGC03205,2,50.0,10.0,1,67.0,4.0,113.642,1.361,5.35,587.26,3.19,3915.89,9.677,28.6,219.6,8.6,1,"No07,No05",48,113.642,3.19,1777369133.838029,3.902873,0.024705,30.956536,30.326155,1429.200486,True,20.942302,1.274626,5.363795,0.413718,12.993067,5.055571,240.29867,True,1188.901816,Tapered,OK,True,40.04,17.3472,96.2948,73160850000.0,0.15264778866968198,20.942302,5.363795,0.413718,112.33021475609,1.6814404388714732,8.350337310528698,0.6352830896967037,True,True,True,True,True,True
UGC03546,1,28.7,7.2,1,55.0,5.0,101.336,0.747,2.58,2403.42,3.79,922.21,2.675,18.37,196.9,7.4,1,"No07,No05",30,101.336,3.79,1122807924.837637,4.270145,0.024565,31.014469,8.894666,261.346523,True,6.65613,0.333564,26.02584,3.672324,32.085345,3.970276,117.970125,True,143.376398,Tapered,OK,True,29.23,27.3457,73.99029999999999,59694889999.99999,0.2698517802163101,6.65613,26.02584,3.672324,173.2313743992,6.866976253298152,4.826867517626435,0.31138281071556767,True,True,True,True,True,True
UGC03580,1,20.7,5.2,1,63.0,4.0,13.266,0.195,1.84,614.94,2.43,302.57,4.37,19.97,126.2,3.2,2,"No07,No05",47,13.266,2.43,357558887.543749,3.617364,0.026423,17.701375,36.296453,1673.486972,True,4.597005,0.113262,62.912014,7.307007,17.976644,33.767904,1527.255997,True,146.230975,Tapered,OK,True,27.06,3.237,10.029,13092500000.0,0.24400723654454998,4.597005,62.912014,7.307007,289.20684291807004,25.889717695473248,2.5752338840584557,0.35902924734771335,True,True,True,False,False,True
UGC04278,7,9.51,2.85,1,90.0,3.0,1.307,0.026,2.46,34.11,2.21,377.42,1.116,8.9,91.4,4.8,1,"dB02,Sw02",25,1.307,2.21,42590346.352676,9.421169,0.252363,6.345634,1.584686,41.251329,True,14.025453,1.603063,9.598432,3.405935,4.319398,0.936289,27.972407,True,13.278922,Tapered,OK,False,6.69,0.0,1.307,2137780000.0000002,0.0,14.025453,9.598432,3.405935,134.62235688969602,4.343181900452489,0.5083760764253445,0.5098945555780874,True,True,True,False,False,True
UGC04305,10,3.45,0.17,2,40.0,10.0,0.736,0.007,1.23,76.71,1.16,88.07,0.69,7.41,34.5,2.7,3,"Sw09,Sw02",22,0.736,1.16,87052644.259538,0.589334,0.206702,5.876664,2.625706,58.23087,True,35.320074,140.539133,0.1,0.416584,4.94782,2.115356,48.48921,True,9.741661,Tapered,OK,True,5.52,0.0,0.736,1285699999.9999998,0.0,35.320074,0.1,0.416584,3.5320074,0.08620689655172414,1.109763171062252,0.033689106869172994,False,True,True,False,False,True
UGC04325,9,9.6,2.88,1,41.0,3.0,2.026,0.035,2.79,41.0,1.86,213.22,0.678,6.61,90.9,2.7,1,"Sw09,Sw02",8,2.026,1.86,93203813.939236,12.052625,0.305807,17.965369,39.494872,278.543546,True,110.494712,25.476005,0.503247,0.136585,3.96826,2.253252,17.678393,True,260.865153,Tapered,OK,False,5.59,0.0,2.026,1914740000.0,0.0,110.494712,0.503247,0.136585,55.606132329864,0.27056290322580645,0.6428217521630878,1.6592448223662468,True,True,True,True,True,True
UGC04483,10,3.34,0.31,2,58.0,3.0,0.013,0.001,0.26,29.71,0.18,82.57,0.032,1.46,0.0,0.0,2,"Le14,Le12",8,0.013,0.18,63858464.820822,10.825757,0.718324,1.740862,1.844309,14.989606,True,29.054306,11.277552,0.560687,0.36384,0.826066,0.320988,6.084811,True,8.904795,Tapered,OK,False,1.21,0.0,0.013,49060000.0,0.0,29.054306,0.560687,0.36384,16.290371668222,3.114927777777778,1.758689522675975,0.12781675487503444,True,True,True,True,True,True
UGC04499,8,12.5,3.75,1,50.0,3.0,1.552,0.043,2.69,33.79,1.73,127.3,1.1,8.67,72.8,2.4,1,"Sw09,Sw02",9,1.552,1.73,82531481.732975,5.365251,0.177166,7.141697,7.016341,58.327951,True,17.386592,3.776736,2.786182,0.915085,2.673886,0.692426,9.241431,True,49.086521,Tapered,OK,False,8.18,0.0,1.552,2239000000.0000005,0.0,17.386592,2.786182,0.915085,48.442209671744,1.6105098265895954,0.8688974645701912,0.22744934786418225,True,True,True,True,True,True
UGC05005,10,53.7,10.7,1,41.0,10.0,4.1,0.283,5.02,25.63,3.2,65.59,3.093,21.61,98.9,7.2,1,"dB02,VH93",11,4.1,3.2,63724147.136403,2.591299,0.207457,9.792819,0.997509,12.372986,True,6.1422,1.875487,15.308933,8.64644,2.464611,0.067983,5.407636,True,6.965349,Tapered,OK,False,28.61,0.0,4.1,6163690000.0,0.0,6.1422,15.308933,8.64644,94.0305282726,4.7840415625,0.6991131546080668,0.15596929807074364,True,True,True,True,True,True
UGC05253,2,22.9,5.72,1,37.0,4.0,171.582,0.79,4.28,1488.78,8.07,189.16,16.396,36.64,213.7,7.1,2,"No07,No05",73,171.582,8.07,419319238.042493,3.873175,0.025384,26.166708,40.464936,2917.76586,True,7.316864,0.136041,27.395005,1.237603,16.537384,8.498011,611.939684,True,2305.826176,Tapered,OK,False,53.29,65.5084,106.0736,120699359999.99998,0.38179063071883995,7.316864,27.395005,1.237603,200.44552586432,3.394672242874845,2.1526059703735183,0.396066068635623,True,True,True,True,True,True
UGC05414,10,9.4,2.82,1,55.0,3.0,1.123,0.028,2.33,32.87,1.47,127.3,0.574,6.65,0.0,0.0,1,"Sw09,Sw02",6,1.123,1.47,82711370.767828,7.273422,0.374474,1.761912,0.619671,4.890113,True,10.463439,2.456649,7.411947,5.773996,0.556148,0.077161,3.892161,True,0.997952,Indistinguishable,OK,False,4.11,0.0,1.123,1324920000.0,0.0,10.463439,7.411947,5.773996,77.55445530573299,5.042140816326531,0.7121338490214848,0.21914294147171576,True,True,True,False,False,False
UGC05716,9,21.3,5.3,1,54.0,10.0,0.588,0.042,1.84,27.59,1.14,90.54,1.094,10.64,73.1,1.2,2,vZ97,12,0.588,1.14,72009161.694394,5.671766,0.03445,15.026353,322.021065,3544.716625,True,35.537451,2.499199,1.363771,0.119756,1.431934,2.204065,27.010464,True,3517.70616,Tapered,OK,False,12.37,0.0,0.588,1749020000.0000002,0.0,35.537451,1.363771,0.119756,48.464945087721,1.1962903508771932,1.563117825115304,0.46511493688160294,True,True,True,True,True,True
UGC05721,7,6.18,1.85,1,61.0,5.0,0.531,0.011,0.6,233.79,0.38,913.76,0.562,6.74,79.7,6.6,1,"dB02,Sw02",23,0.531,0.38,585258135.608009,11.351019,0.283573,19.072938,16.275754,361.20208,True,77.442227,11.198397,0.789609,0.144864,4.357651,0.891849,24.999816,True,336.202264,Tapered,OK,False,6.74,0.0,0.531,1012960000.0000001,0.0,77.442227,0.789609,0.144864,61.149079419243,2.0779184210526314,8.147638385586891,1.2788336184785432,True,True,True,True,True,True
UGC05750,8,58.7,11.7,1,64.0,10.0,3.336,0.264,8.8,6.87,3.46,124.98,1.099,16.79,0.0,0.0,1,"dB01,VdH93",11,3.336,3.46,44350035.931251,3.47558,0.305386,13.891726,2.78398,30.237691,True,9.100555,2.905918,6.542646,4.01853,4.481919,0.304751,7.538553,True,22.699138,Tapered,OK,False,22.85,0.0,3.336,3129670000.0,0.0,9.100555,6.542646,4.01853,59.541709768530005,1.8909381502890175,0.30363581151645713,0.14633070606063855,True,True,True,True,True,True
UGC05764,10,7.47,2.24,1,60.0,10.0,0.085,0.006,1.2,9.31,1.17,33.79,0.163,3.51,0.0,0.0,2,vZ97,10,0.085,1.17,9882511.624524,15.979224,0.111441,14.615294,162.009505,1460.388129,True,133.124257,19.684607,0.284203,0.04859,3.729323,6.451753,56.219194,True,1404.168936,Tapered,OK,False,3.62,0.0,0.085,259290000.00000003,0.0,133.124257,0.284203,0.04859,37.834313212171,0.242908547008547,0.21999898992642927,1.360157935586159,True,True,True,True,True,True
UGC05829,10,8.64,2.59,1,34.0,10.0,0.564,0.019,2.91,10.59,1.99,63.22,1.023,7.87,0.0,0.0,2,"Sw09,Sw02",11,0.564,1.99,22666949.800214,5.531326,0.357942,7.546235,2.44654,26.863297,True,29.164725,13.078419,1.171303,0.683495,1.36453,0.088882,5.595732,True,21.267566,Tapered,OK,False,6.91,0.0,0.564,1642590000.0,0.0,29.164725,1.171303,0.683495,34.160729886675,0.5885944723618091,0.4817588088291154,0.269048958397018,True,True,True,True,True,True
UGC05918,10,7.66,2.3,1,46.0,5.0,0.233,0.011,2.63,5.36,1.66,24.94,0.297,5.9,0.0,0.0,2,"Sw09,Sw02",8,0.233,1.66,13457360.190308,7.337033,0.493768,7.02722,3.654046,27.657761,True,40.830801,19.794427,0.720779,0.449272,1.234606,0.131586,4.9484,True,22.709361,Tapered,OK,False,4.46,0.0,0.233,511510000.0,0.0,40.830801,0.720779,0.449272,29.429983913978997,0.43420421686746985,0.21559793414276077,0.32450710683901635,True,True,True,True,True,True
UGC05986,9,8.63,2.59,1,90.0,3.0,4.695,0.048,3.12,76.71,1.67,1725.16,2.667,16.53,113.0,4.1,2,"Sw09,Sw02",15,4.695,1.67,267930889.532234,10.100811,0.141418,13.971451,14.799498,209.901019,True,23.237478,1.70744,4.76564,0.6466,4.146771,1.231527,21.425945,True,188.475074,Tapered,OK,False,9.41,0.0,4.695,5894610000.0,0.0,23.237478,4.76564,0.6466,110.74145465592001,2.853676646706587,2.454871573032273,0.6949371094396269,True,True,True,True,True,True
UGC05999,10,47.7,9.5,1,22.0,10.0,3.384,0.231,4.83,22.95,3.22,51.62,2.022,15.26,0.0,0.0,2,"dB97,VH93",5,3.384,3.22,51944401.009121,3.833932,0.200021,11.190308,6.26115,26.654036,True,9.959444,3.000067,8.171751,4.180213,6.133483,2.507974,10.742798,True,15.911239,Tapered,OK,False,16.22,0.0,3.384,4381260000.0,0.0,9.959444,8.171751,4.180213,81.386096466444,2.5378108695652175,0.490787989078096,0.21889286258064997,True,False,True,True,False,True
UGC06399,9,18.0,2.5,4,75.0,2.0,2.296,0.072,3.45,30.82,2.05,311.05,0.674,8.8,85.0,3.8,1,"VS01,SV98",9,2.296,2.05,86952944.518499,7.853537,0.315852,8.373869,3.44679,29.771543,True,21.054523,5.415533,3.424224,1.464454,2.014109,0.172508,5.602005,True,24.169537,Tapered,OK,False,7.85,0.0,2.296,2044420000.0000002,0.0,21.054523,3.424224,1.464454,72.095402965152,1.6703531707317076,0.5650267920908543,0.40992015120822606,True,True,True,True,True,True
UGC06446,7,12.0,3.6,1,51.0,3.0,0.988,0.032,2.06,37.05,1.49,86.46,1.379,10.33,82.2,4.3,1,"VS01,SV98",17,0.988,1.49,70827928.37025,7.627318,0.201503,18.388852,13.833139,224.163434,True,71.266516,19.731658,0.73738,0.238336,2.840895,0.310658,10.326292,True,213.837142,Tapered,OK,False,10.22,0.0,0.988,2328070000.0000005,0.0,71.266516,0.73738,0.238336,52.550503568079996,0.4948859060402685,1.2179519084974058,1.0113668115967134,True,True,True,True,True,True
UGC06614,1,88.7,8.87,1,36.0,10.0,124.35,2.52,3.68,1461.61,5.1,540.54,21.888,60.63,199.8,16.0,1,"dB01,VH93",13,124.35,5.1,760896469.568519,2.255913,0.122858,15.249566,1.332814,18.558713,True,2.53061,0.361966,322.95,410.090084,13.768576,1.364202,20.136124,True,-1.577411,Indistinguishable,OK,True,64.59,66.6549,57.6951,104617020000.0,0.5360265379975875,2.53061,322.95,410.090084,817.2604994999999,63.32352941176471,4.671632116900135,0.5585113671724803,True,True,True,False,False,False
UGC06628,9,15.1,4.53,1,20.0,10.0,3.739,0.076,4.14,34.74,2.82,103.0,1.5,10.47,41.8,6.4,2,"Sw09,Sw02",7,3.739,2.82,74830281.703712,0.489181,0.636104,6.265453,0.669639,5.963744,True,48.191741,1404.609864,0.1,3.006887,4.822946,0.476148,6.272559,True,-0.308815,Indistinguishable,OK,True,7.69,0.0,3.739,3864500000.0,0.0,48.191741,0.1,3.006887,4.819174100000001,0.03546099290780142,0.5644191464395437,0.06271790171782558,True,False,True,False,False,False
UGC06667,6,18.0,2.5,4,89.0,1.0,1.397,0.066,3.5,18.06,5.15,614.94,0.809,8.59,83.8,3.1,1,"VS01,SV98",9,1.397,5.15,8383050.44771,9.435322,0.220259,14.586757,22.919759,185.555298,True,46.776448,7.748909,1.467608,0.321049,1.994026,0.386659,7.101064,True,178.454234,Tapered,OK,False,7.85,0.0,1.397,1774470000.0,0.0,46.776448,1.467608,0.321049,68.649489296384,0.284972427184466,0.07770712583110649,0.8671831667023665,True,True,True,True,True,True
UGC06786,0,29.3,7.32,1,64.0,3.0,73.407,0.676,3.42,992.73,3.6,1078.52,5.03,20.31,219.4,7.8,1,"No07,No05",45,73.407,3.6,901472755.211941,6.300178,0.026565,30.192889,57.688977,2542.121652,True,16.898303,0.382643,11.424917,0.431867,10.449394,1.480469,71.273502,True,2470.84815,Tapered,OK,False,34.05,18.8497,54.5573,47163340000.0,0.2567834130260057,16.898303,11.424917,0.431867,193.06170921585098,3.173588055555556,4.226746428475576,0.8810195139150262,True,True,True,True,True,True
UGC06787,2,21.3,5.32,1,66.0,3.0,98.256,0.543,2.88,1891.6,5.37,429.37,5.03,26.44,248.1,4.8,2,"No07,No05",71,98.256,5.37,542288806.648331,6.250348,0.020095,23.456351,106.213022,7439.174232,True,13.180041,0.16366,16.963879,0.433932,18.651687,28.347138,1964.477856,True,5474.696377,Tapered,OK,True,37.19,47.8054,50.4506,65378980000.0,0.48653924442273244,13.180041,16.963879,0.433932,223.58462073903897,3.159009124767225,2.6332749753941025,0.7958019088063688,True,True,True,True,True,True
UGC06818,9,18.0,2.5,4,75.0,3.0,1.588,0.057,2.12,56.08,1.39,286.31,1.079,6.96,71.2,4.0,2,"VS01,SV98",8,1.588,1.39,130810025.169468,5.898467,0.429346,5.969528,1.76924,14.464119,True,6.724823,1.905504,34.9,75.706954,6.490311,2.436646,18.778762,True,-4.314643,Linear,OK,False,6.98,0.0,1.588,2229070000.0,0.0,6.724823,34.9,75.706954,234.6963227,25.10791366906475,1.3399875061189943,0.4262196135318342,True,True,True,False,False,False
UGC06917,9,18.0,2.5,4,56.0,2.0,6.832,0.12,4.52,53.07,2.76,261.11,2.023,12.67,108.7,3.5,1,"VS01,SV98",11,6.832,2.76,142741358.328585,7.021057,0.191569,11.416146,7.376425,76.162144,True,20.090928,3.347526,3.922777,1.051511,2.871428,0.650926,10.654128,True,65.508017,Tapered,OK,False,10.47,0.0,6.832,6106590000.000001,0.0,20.090928,3.922777,1.051511,78.81223026705601,1.4212960144927538,0.9310805205009275,0.4276021722427338,True,True,True,True,True,True
UGC06923,10,18.0,2.5,4,65.0,2.0,2.89,0.077,1.66,166.28,1.44,347.4,0.809,6.75,79.6,2.5,2,"VS01,SV98",6,2.89,1.44,221816061.697327,7.546984,0.56417,4.228494,0.875695,6.170235,True,10.972557,4.667701,9.094695,12.52905,4.075771,0.779558,6.701749,True,-0.531514,Indistinguishable,OK,False,5.16,0.0,2.89,2520970000.0,0.0,10.972557,9.094695,12.52905,99.792059285115,6.3157604166666665,1.4120475966865995,0.2956991786803413,True,True,True,False,False,False
UGC06930,7,18.0,2.5,4,32.0,5.0,8.932,0.14,4.38,73.93,3.94,189.16,3.237,16.76,107.2,5.1,1,"VS01,SV98",10,8.932,3.94,91574889.310264,4.275538,0.18815,15.674633,6.3912,59.82339,True,29.216753,12.557822,1.994147,1.04515,3.927546,0.339115,7.318086,True,52.505303,Tapered,OK,False,16.61,0.0,8.932,8771210000.0,0.0,29.216753,1.994147,1.04515,58.262500344691,0.5061286802030457,0.6562566360087093,0.45969243363036777,True,True,True,True,True,True
UGC06973,2,18.0,2.5,4,71.0,3.0,53.87,0.347,1.61,3317.65,1.07,12730.05,1.753,11.57,174.2,6.2,3,"VS01,SV98",9,53.87,1.07,7488581347.157308,0.686756,0.354237,42.340357,81.6129,655.100422,True,0.473961,1.61037,39.25,1030.417548,42.840208,93.613919,659.691885,True,-4.591463,Linear,OK,True,7.85,7.3044,46.565599999999996,30727369999.999996,0.13559309448672732,0.473961,39.25,1030.417548,18.60296925,36.6822429906542,31.171986337819064,0.002381064517607143,False,True,True,False,False,False
UGC06983,6,18.0,2.5,4,49.0,1.0,5.298,0.102,3.95,53.56,3.21,121.57,2.967,16.07,109.0,5.8,1,"VS01,SV98",17,5.298,3.21,81831784.289832,6.28025,0.150896,21.560472,11.851431,192.456102,True,35.518455,7.87536,2.015919,0.567269,5.187836,0.694732,16.087409,True,176.368693,Tapered,OK,False,15.68,0.0,5.298,6595110000.0,0.0,35.518455,2.015919,0.567269,71.60232828514499,0.6280121495327102,0.7433932636763391,0.6867955914369834,True,True,True,True,True,True
UGC07089,8,18.0,2.5,4,80.0,3.0,3.585,0.089,3.9,37.4,2.26,520.99,1.214,9.29,0.0,0.0,2,"VS01,SV98",12,3.585,2.26,111710092.995623,4.370653,0.269656,2.279972,0.233988,5.058776,True,5.713271,1.425479,21.100727,22.478505,1.568572,0.126235,6.232165,True,-1.173388,Indistinguishable,OK,False,9.16,0.0,3.585,3407120000.0,0.0,5.713271,21.100727,22.478505,120.55417164801699,9.336604867256638,0.7747778463263177,0.18600017629101745,True,True,True,False,False,False
UGC07125,9,19.8,5.9,1,90.0,3.0,2.712,0.08,3.92,28.11,3.38,103.0,4.629,23.04,65.2,2.1,1,"Sw09,Sw02",13,2.712,3.38,37781258.154933,1.938628,0.063561,7.73848,10.146872,124.32741,True,9.964835,2.659751,2.975971,1.036492,2.829928,1.403599,20.569486,True,103.757923,Tapered,OK,False,18.68,0.0,2.712,7512569999.999999,0.0,9.964835,2.975971,1.036492,29.655059979785,0.8804647928994083,0.7637685543195856,0.07980226292564431,True,True,True,True,True,True
UGC07151,6,6.87,0.34,2,90.0,3.0,2.284,0.025,2.17,76.71,1.25,965.67,0.616,6.39,73.5,2.8,1,"Sw09,Sw02",11,2.284,1.25,232646329.614009,8.42156,0.247182,8.715889,12.652417,128.922061,True,31.956351,5.792403,1.29776,0.339367,2.682396,1.568939,18.916244,True,110.005818,Tapered,OK,False,5.5,0.0,2.284,1961280000.0,0.0,31.956351,1.29776,0.339367,41.471674073760006,1.038208,1.4578948985881717,0.35789451073688217,True,True,True,True,True,True
UGC07232,10,2.83,0.17,2,59.0,5.0,0.113,0.002,0.46,83.34,0.29,227.42,0.046,1.54,0.0,0.0,2,"Sw09,Sw02",4,0.113,0.29,213846713.072345,24.744366,2.92943,1.94898,0.465078,2.781528,True,28.66502,14.801997,4.1,14.773837,2.409951,1.066641,4.905871,True,-2.124343,Linear,OK,False,0.82,0.0,0.113,117680000.0,0.0,28.66502,4.1,14.773837,117.52658199999998,14.137931034482758,1.625224297681958,0.9097763498681175,True,True,True,False,False,False
UGC07261,8,13.1,3.93,1,30.0,10.0,1.753,0.048,2.66,39.16,1.2,566.02,1.388,10.1,74.7,3.4,2,"Sw09,Sw02",7,1.753,1.2,193749038.361175,7.334043,0.502099,10.766878,4.22176,27.276468,True,59.101484,36.431988,0.685936,0.505461,2.345552,0.240428,5.093961,True,22.182507,Tapered,OK,False,6.67,0.0,1.753,2722540000.0,0.0,59.101484,0.685936,0.505461,40.539835529023996,0.5716133333333333,2.195929635018153,0.6470333353716563,True,True,True,True,True,True
UGC07323,8,8.0,2.4,1,47.0,3.0,4.109,0.042,3.26,61.49,2.26,283.68,0.722,7.14,0.0,0.0,1,"Sw09,Sw02",10,4.109,2.26,128038151.218693,6.478712,0.338995,2.702225,0.541724,7.178105,True,9.533861,2.272282,9.464159,7.137768,1.617857,0.218458,6.352835,True,0.82527,Indistinguishable,OK,False,5.82,0.0,4.109,3014760000.0,0.0,9.533861,9.464159,7.137768,90.229976387899,4.187680973451328,0.6855553253160234,0.23230895298825577,True,True,True,False,False,False
UGC07399,8,8.43,2.53,1,55.0,3.0,1.156,0.024,1.27,113.98,1.64,135.78,0.745,7.85,103.0,3.3,1,"Sw09,Sw02",10,1.156,1.64,68405381.549015,16.844235,0.30736,18.199922,32.006075,290.357257,True,66.681332,7.554289,1.287007,0.20763,1.706601,0.487901,8.50838,True,281.848877,Tapered,OK,False,6.13,0.0,1.156,1568849999.9999998,0.0,66.681332,1.287007,0.20763,85.819341053324,0.7847603658536586,0.677486067848504,1.5453815751547197,True,True,True,True,True,True
UGC07524,9,4.74,0.24,2,46.0,3.0,2.436,0.025,3.61,29.71,3.46,106.86,1.779,12.11,79.5,3.6,1,"Sw09,Sw02",31,2.436,3.46,32385098.180014,5.049876,0.094381,10.9124,11.10077,336.45709,True,24.06737,2.825037,2.047461,0.322531,2.527626,0.624347,24.974038,True,311.483052,Tapered,OK,False,10.69,0.0,2.436,3584070000.0,0.0,24.06737,2.047461,0.322531,49.27700144757001,0.5917517341040464,0.347721006681787,0.32027216482020066,True,True,True,True,True,True
UGC07559,10,4.97,0.25,2,61.0,3.0,0.109,0.004,0.98,17.9,0.58,55.06,0.169,3.76,0.0,0.0,2,"Sw09,Sw02",7,0.109,0.58,51569229.479835,5.998828,0.75574,1.582099,0.279904,3.625334,True,8.698071,4.973086,4.413573,8.252167,1.251421,0.21015,4.942571,True,-1.317237,Indistinguishable,OK,False,2.53,0.0,0.109,279270000.0,0.0,8.698071,4.413573,8.252167,38.38957131768301,7.609608620689657,0.9642173470718057,0.09017424169072924,True,True,True,False,False,False
UGC07577,10,2.59,0.13,2,63.0,3.0,0.045,0.002,0.77,11.94,0.9,54.55,0.044,2.07,0.0,0.0,2,"Sw09,Sw02",9,0.045,0.9,8841941.282883,2.016953,0.997122,1.185665,0.157383,3.456289,True,2.307247,4.869973,8.45,130.096795,1.225009,0.192002,5.73846,True,-2.282171,Linear,OK,False,1.69,0.0,0.045,81020000.00000001,0.0,2.307247,8.45,130.096795,19.496237149999995,9.388888888888888,0.11617531604338158,0.01214761941010695,True,True,True,False,False,False
UGC07603,7,4.7,1.41,1,78.0,3.0,0.376,0.008,0.85,81.81,0.53,520.99,0.258,4.37,61.6,2.8,1,"Sw09,Sw02",12,0.376,0.53,213037588.474734,12.257001,0.331388,6.098428,4.857678,55.919362,True,27.748637,3.900465,2.427903,0.637571,1.782336,0.45642,9.534016,True,46.385347,Tapered,OK,False,4.11,0.0,0.376,531139999.99999994,0.0,27.748637,2.427903,0.637571,67.370999018211,4.580949056603774,2.196159673677265,0.5048483381268413,True,True,True,True,True,True
UGC07608,10,8.21,2.46,1,25.0,10.0,0.264,0.012,1.6,16.48,1.5,46.65,0.535,6.73,0.0,0.0,1,"Sw09,Sw02",8,0.264,1.5,18674179.989449,10.873594,0.784115,6.57411,1.103605,9.804676,True,24.012169,8.948259,3.016136,2.140398,2.495051,0.185458,5.27163,True,4.533046,Tapered,OK,False,4.78,0.0,0.264,843550000.0000001,0.0,24.012169,3.016136,2.140398,72.423967358984,2.0107573333333333,0.43544665052359954,0.46963449740059615,True,False,True,True,False,True
UGC07690,10,8.11,2.43,1,41.0,5.0,0.858,0.018,0.86,184.01,0.57,395.21,0.39,5.5,57.4,3.2,2,"Sw09,Sw02",7,0.858,0.57,420298372.338708,8.021659,0.617392,8.333345,4.361451,28.114618,True,59.689281,38.612805,0.476113,0.374088,2.011847,0.305045,5.417044,True,22.697573,Tapered,OK,False,4.13,0.0,0.858,947700000.0,0.0,59.689281,0.476113,0.374088,28.418842644753003,0.8352859649122808,3.3878783841506066,0.4580881135072766,True,True,True,True,True,True
UGC07866,10,4.57,0.23,2,44.0,5.0,0.124,0.004,0.95,21.92,0.61,97.46,0.118,3.3,0.0,0.0,2,"Sw09,Sw02",7,0.124,0.61,53037390.334305,7.233249,1.034292,2.637418,0.48991,4.885368,True,23.824025,20.368746,0.761845,0.982678,0.725072,0.044433,4.113983,True,0.771386,Indistinguishable,OK,False,2.32,0.0,0.124,218940000.0,0.0,23.824025,0.761845,0.982678,18.150214326125,1.2489262295081967,0.6833954553434489,0.11677320007047261,True,True,True,False,False,False
UGC08286,6,6.5,0.21,2,90.0,3.0,1.255,0.018,2.25,39.52,1.05,1488.78,0.642,8.07,82.4,2.3,1,"Sw09,Sw02",17,1.255,1.05,181169572.408461,8.557882,0.101172,15.189111,50.042927,803.520037,True,62.467186,7.061551,0.918843,0.125355,2.794503,1.399612,26.660605,True,776.859432,Tapered,OK,False,8.04,0.0,1.255,1481360000.0,0.0,62.467186,0.918843,0.125355,57.397536585797994,0.8750885714285713,1.5605894191569865,0.9682588695238585,True,True,True,True,True,True
UGC08490,9,4.65,0.53,2,50.0,3.0,1.017,0.012,1.14,124.98,0.67,576.54,0.72,7.8,78.6,3.8,1,"Sw09,Sw02",30,1.017,0.67,360571568.555263,6.988486,0.112215,15.909006,19.228996,561.042096,True,61.182061,7.967371,0.910326,0.140525,1.383383,0.15059,11.018907,True,550.023188,Tapered,OK,False,10.15,0.0,1.017,1466100000.0,0.0,61.182061,0.910326,0.140525,55.695620861886,1.3586955223880597,3.7933300460747588,0.9202195174196008,True,True,True,True,True,True
UGC08550,7,6.7,2.0,1,90.0,3.0,0.289,0.009,1.01,45.38,0.45,1284.78,0.288,5.59,56.9,1.9,1,"Sw09,Sw02",11,0.289,0.45,227139647.178063,8.423801,0.187417,9.094094,19.260271,195.000603,True,42.208852,6.725671,0.983085,0.205575,1.636477,0.700381,11.09922,True,183.901384,Tapered,OK,False,5.36,0.0,0.289,527540000.0,0.0,42.208852,0.983085,0.205575,41.494889268419996,2.184633333333333,3.025777646286127,0.47298180931329403,True,True,True,True,True,True
UGC08699,2,39.3,9.82,1,73.0,9.0,50.302,0.695,1.91,2191.95,3.09,1370.35,3.738,19.05,182.4,6.9,2,"No07,No05",41,50.302,3.09,838471732.324601,5.901819,0.075976,18.519683,12.535608,505.137883,True,13.755218,0.661595,9.550227,0.885867,11.855678,0.903056,42.646316,True,462.491567,Tapered,OK,True,25.7,14.6855,35.6165,33059640000.0,0.291946642280625,13.755218,9.550227,0.885867,131.36545433448597,3.090688349514563,4.021497507254251,0.48797203943826606,True,True,True,True,True,True
UGC08837,10,7.21,0.36,2,80.0,5.0,0.501,0.015,2.25,15.73,1.72,77.42,0.32,4.75,0.0,0.0,2,"Sw09,Sw02",8,0.501,1.72,26952618.472499,4.369118,0.371687,1.877878,0.564388,6.030157,True,4.969137,1.469032,21.0,48.208436,2.180788,0.911131,9.625666,True,-3.595509,Linear,OK,False,4.2,0.0,0.501,676100000.0,0.0,4.969137,21.0,48.208436,104.351877,12.209302325581396,0.26543652602066325,0.14003207480965407,True,True,True,False,False,False
UGC09037,6,83.6,8.4,1,65.0,5.0,68.614,1.769,5.69,334.83,4.28,841.07,19.078,39.72,152.3,9.6,2,Ha14,22,68.614,4.28,596135976.139145,2.239273,0.089225,12.205219,5.706442,122.92632,True,2.497372,0.367276,139.8,183.585734,12.278326,6.407327,134.328633,True,-11.402313,Linear,OK,True,27.96,0.0,68.614,59680740000.0,0.0,2.497372,139.8,183.585734,349.13260560000003,32.66355140186916,3.7840189623919405,0.23546151593639839,True,True,True,False,False,False
UGC09133,2,57.1,11.4,1,53.0,6.0,282.926,2.345,5.92,1284.78,6.97,864.63,33.428,60.35,226.8,4.2,1,"No07,No05",68,282.926,6.97,926888374.427349,1.683971,0.005064,32.673018,135.399776,9076.004487,True,6.833252,0.147606,22.775297,0.684698,17.658819,10.185034,680.651247,True,8395.35324,Tapered,OK,True,108.31,80.5147,202.41129999999998,202025179999.99997,0.2845786530753625,6.833252,22.775297,0.684698,155.62934377584398,3.2676179340028693,4.8299939730022405,0.28718728723061665,True,True,True,True,True,True
UGC09992,10,10.7,3.21,1,30.0,10.0,0.336,0.017,1.62,20.18,1.04,73.25,0.318,5.45,33.6,3.3,2,"Sw09,Sw02",5,0.336,1.04,49441624.333281,3.793495,0.980052,5.451739,1.159704,6.248256,True,117.773007,822.106539,0.1,0.73605,1.230621,0.078789,3.455242,True,2.793014,Tapered,OK,False,3.89,0.0,0.336,590940000.0,0.0,117.773007,0.1,0.73605,11.777300700000001,0.09615384615384616,0.6345755748677306,0.3745741608917648,True,True,True,False,False,True
UGC10310,9,15.2,4.6,1,34.0,6.0,1.741,0.053,3.12,28.37,1.8,158.79,1.196,9.58,71.4,3.9,1,"Sw09,Sw02",7,1.741,1.8,85521220.963886,5.880024,0.386887,11.50235,6.028633,38.117711,True,41.599361,22.294018,0.949532,0.623844,2.929843,0.46937,6.238672,True,31.879039,Tapered,OK,False,7.74,0.0,1.741,2461180000.0,0.0,41.599361,0.949532,0.623844,39.499924449052,0.5275177777777778,0.8822771054667052,0.44374064721275736,True,True,True,True,True,True
UGC11455,6,78.6,11.8,1,90.0,1.0,374.322,3.792,10.06,571.26,5.93,9568.2,13.335,43.44,269.4,7.4,1,SG06,36,374.322,5.93,1694166529.921725,2.947675,0.056885,14.246937,4.288092,153.666749,True,4.308625,0.300741,65.2474,14.664795,11.926024,3.515288,126.686815,True,26.979934,Tapered,OK,True,41.93,0.0,374.322,204896550000.0,0.0,4.308625,65.2474,14.664795,281.126578825,11.002934232715008,6.767556680626975,0.32710478144473826,True,True,True,False,False,True
UGC11557,8,24.2,6.05,1,30.0,10.0,12.101,0.212,4.18,106.86,2.75,337.93,2.605,16.66,0.0,0.0,2,"Sw02,dB01",12,12.101,2.75,254668954.228764,1.38416,0.373049,8.336133,1.124597,14.855479,True,1.566274,1.612266,52.8,406.897439,8.474227,1.282132,17.791129,True,-2.935651,Linear,OK,True,10.56,0.0,12.101,9515150000.0,0.0,1.566274,52.8,406.897439,82.6992672,19.2,1.461358917348676,0.03497966838628485,True,True,True,False,False,False
UGC11820,9,18.1,5.43,1,45.0,10.0,0.97,0.047,2.74,20.18,2.08,34.11,1.977,12.99,0.0,0.0,1,"KN08,vZ97",10,0.97,2.08,35683315.181014,3.54234,0.032976,12.181413,45.239729,409.460142,True,18.911382,2.441588,2.644763,0.428202,5.610312,5.023672,44.794542,True,364.6656,Tapered,OK,False,15.82,0.0,0.97,3114410000.0000005,0.0,18.911382,2.644763,0.428202,50.016123392466,1.271520673076923,0.8360952533775888,0.2554345167793844,True,True,True,True,True,True
UGC11914,2,16.9,5.1,1,31.0,5.0,150.028,0.553,3.12,2425.66,2.44,3168.33,0.888,9.26,288.1,10.5,1,"No07,No05",65,150.028,2.44,4010631853.364498,10.648676,0.094936,18.125873,12.815571,824.370916,True,58.462394,4.099535,1.386868,0.123181,9.835291,5.294846,341.924057,True,482.446859,Tapered,OK,True,9.83,37.1578,112.87019999999998,83626600000.0,0.2476724344788973,58.462394,1.386868,0.123181,81.079623441992,0.568388524590164,16.314412163670543,1.2800726143768222,True,True,True,True,True,True
UGC12506,6,100.6,10.1,1,86.0,4.0,139.571,3.214,12.36,144.82,7.38,5608.28,35.556,59.01,234.0,16.8,2,Ha14,31,139.571,7.38,407852001.716331,3.582103,0.081547,53.187299,16.208637,489.693095,True,200.0,114.44186,0.604411,0.357688,5.989796,0.215499,13.117431,True,476.575664,Tapered,Fit Failed,False,49.99,0.0,139.571,117074980000.0,0.0,200.0,0.604411,0.357688,120.88220000000001,0.08189850948509486,2.496651997390311,6.528879287064543,True,True,False,True,False,False
UGC12632,9,9.77,2.93,1,46.0,3.0,1.301,0.03,3.94,13.09,2.42,66.81,1.744,12.6,71.7,2.8,1,"Sw09,Sw02",15,1.301,2.42,35356290.718284,4.765101,0.118867,12.547175,15.759763,223.34473,True,42.237245,11.476737,1.012063,0.322115,2.663682,0.54762,12.535155,True,210.809574,Tapered,OK,False,10.66,0.0,1.301,2970020000.0000005,0.0,42.237245,1.012063,0.322115,42.746752886435,0.4182078512396694,0.5890271111612977,0.4875790101590095,True,True,True,True,True,True
UGC12732,9,13.2,4.0,1,39.0,6.0,1.667,0.048,3.12,26.84,1.98,120.46,3.66,17.41,0.0,0.0,1,"Sw09,Sw02",16,1.667,1.98,67674545.998926,4.415725,0.091321,15.388387,18.446803,279.474633,True,33.591587,5.8768,1.698522,0.357252,1.05481,0.109451,7.077496,True,272.397137,Tapered,OK,False,15.4,0.0,1.667,5701300000.000001,0.0,33.591587,1.698522,0.357252,57.056049534414,0.857839393939394,1.689079753183408,0.5175812184206258,True,True,True,True,True,True
UGCA281,11,5.68,0.28,2,67.0,3.0,0.194,0.007,1.57,12.5,1.72,12.05,0.062,1.83,0.0,0.0,3,Le14,7,0.194,1.72,10436742.482365,16.237562,0.988217,2.015673,1.64125,11.793411,True,32.74657,9.357116,0.73626,0.437763,0.574688,0.148348,4.633559,True,7.159852,Tapered,OK,False,1.08,0.0,0.194,179460000.0,0.0,32.74657,0.73626,0.437763,24.1099896282,0.42805813953488375,0.07045590735049287,0.21321076507132738,False,True,True,True,False,True
UGCA442,9,4.35,0.22,2,64.0,7.0,0.14,0.005,1.71,7.6,1.18,116.1,0.263,4.37,56.4,2.1,1,Co00,8,0.14,1.18,16002364.286746,6.256487,0.095947,5.096995,8.331866,60.402505,True,13.574367,1.45537,5.067187,1.025061,1.31995,0.585241,7.670331,True,52.732174,Tapered,OK,False,6.33,0.0,0.14,419790000.00000006,0.0,13.574367,5.067187,1.025061,68.783855995629,4.2942262711864405,0.35016659801601896,0.25214618011337253,True,True,True,True,True,True
UGCA444,10,0.98,0.05,2,78.0,4.0,0.012,0.0,0.41,11.94,0.83,22.74,0.067,2.08,37.0,4.8,2,Ke07,36,0.012,0.83,2772331.713025,9.444313,0.455575,2.76162,0.723744,28.914552,True,24.547301,5.992439,1.00573,0.421032,2.131213,0.288867,16.98852,True,11.926032,Tapered,OK,False,2.62,0.0,0.012,95110000.00000001,0.0,24.547301,1.00573,0.421032,24.68795703473,1.2117228915662652,0.1603528338942971,0.16365722722295026,True,True,True,True,True,True
