name,ra,dec,z,Re_arcsec,inc,logMstar,morph,kpc_per_arcsec,survey,quality_ok,n_star,n_gas,pa_star,e_pa_star,pa_gas,e_pa_gas,dpa,group,sig1re,med_eg,twist,D_lo_1.0,D_mid_1.0,D_hi_1.0,D_lo_1.5,D_mid_1.5,D_hi_1.5,Vs_1,Vc_star,sg_15,gas_resid,Re_kpc,log_sig1re,s_D_lo_1.0,s_D_mid_1.0,s_D_hi_1.0,s_D_lo_1.5,s_D_mid_1.5,s_D_hi_1.5,rz_15,rz_1,role
230421,179.77182515,1.90992123,0.04869,2.58,57.896568362695284,10.51,1.0,0.9533629658302144,SAMI,True,92,139,89.0,1.0,271.0,10.0,178.0,CR,154.05514290570073,3.5770907402038574,2.0,156.75418010094015,78.99256011482902,1.230940128717946,68.68975744467161,-9.674383642076773,-88.03852472882517,59.355036071461576,183.87211657857495,45.11826515197754,11.557758855670135,2.459676451841953,2.18767620118126,-114.33580747681192,-66.39682147922753,-18.457835481643183,-50.744442864318245,3.2696533823606657,57.28374962903958,46.944860101010995,33.26842494837089,CR
136842,176.29122535,-1.76259733,0.02834,6.08,36.743982167799196,10.8,0.0,0.568546458101444,SAMI,True,170,138,281.0,14.0,108.0,4.0,173.0,CR,172.08238262320629,10.601186752319336,4.0,47.64021717391714,-72.5881619696238,-192.81654111316476,,,,54.37492629048367,189.05828142526764,76.0691146850586,29.470237909585585,3.4567624652567797,2.2357364105880726,33.11626513906606,138.77374750691462,244.43122987476323,,,,59.915217906133115,43.21100368468849,CR
511863,216.28745658,-1.1134688,0.0103,8.37,77.89788237107219,9.36,2.5,0.21119057464654586,SAMI,True,150,139,118.0,12.0,299.0,11.0,179.0,CR,44.08456724276985,3.6762094497680655,,1.133554542987201,-6.489322887058582,-15.287690684745517,-15.490469117207974,-23.87990197983314,-32.2693348424583,56.00273150661031,71.81739882982222,35.34589385986328,8.981109727758772,1.7676651097915888,1.644286581886839,8.317574600979695,8.427433324807495,5.343102333547209,16.94957824915068,10.979199734853095,3.280230237726194,40.74941519326773,34.16829690910823,CR
300787,130.9349533,1.0791881,0.04485,3.08,48.67462012189256,10.32,1.0,0.8821865683820957,SAMI,True,105,156,53.0,10.5,233.0,1.5,180.0,CR,117.34584867213212,3.272125482559204,1.0,72.39838384923958,14.243865745963706,-43.91065235731216,18.5866766754519,-3.473074250541253,-25.53282517653444,61.91860015619951,187.9838943649777,35.209611892700195,10.166674483334866,2.717134630616855,2.0694677302305156,-38.79452109707732,4.489108129711159,47.772737356499626,-5.754211198782961,3.377795249791153,12.509801698365312,49.67655662194289,34.83061669589252,CR
278840,133.95947561,0.83114632,0.04276,3.15,42.15371390970166,10.41,0.5,0.8431700373046831,SAMI,True,133,126,133.0,2.5,316.0,6.5,177.0,CR,90.89604711485998,3.125939965248108,0.0,39.4975040890053,22.106174305411155,4.714844521817022,5.613653789829219,-7.5631395988300065,-20.739932987489237,109.35032445857696,151.2672796965163,38.577247619628906,7.99841867443808,2.6559856175097516,1.958544997044502,-21.068862847362702,-29.13311441917685,-29.926316182366733,18.231296713466723,6.636560485385254,-4.958175742696209,52.152056460090506,42.440557821287925,CR
184648,177.4014459,-1.45549329,0.02069,5.64,40.071201542746785,10.6,0.0,0.4189177930056153,SAMI,True,178,73,304.0,1.0,121.0,3.0,177.0,CR,148.7157391995727,10.937315940856934,6.0,51.16680901677966,7.087022603184724,-36.99276381041021,3.178023616960487,-47.81351681302376,-98.80505724300804,126.89227845571708,207.51162956638768,52.93239974975586,26.09821128655124,2.36269635255167,2.1723569341292133,68.423642007323,87.46555169537794,106.50746138343288,136.63840630682168,172.61640877833113,208.5944112498406,43.05276109094598,27.78001833022633,CR
321059,220.98488226,1.60417529,0.007,6.98,71.44639424596821,9.67,1.0,0.14410548641138182,SAMI,True,177,148,113.0,5.0,298.0,3.5,175.0,CR,68.79113294684572,3.5603160858154297,47.0,-4.804107798810757,-16.417571544867148,-28.031035290923537,-12.911876338529062,-22.824156188156216,-32.73643603778338,90.6774400402472,113.57840172960036,57.44176864624024,13.514535391929837,1.0058562951514451,1.8375324620664297,22.93521785814758,23.77605020139632,24.616882544645073,-9.899677459245893,-5.42634828101577,-0.9530191027856318,32.470953408032464,27.555944128608665,CR
NGC1167,45.4263,35.2063,0.01631,10.530102955962207,37.0988118350162,11.1480199724984,1.0,0.344158726088324,CALIFA,True,2122,141,110.0,1.5,279.0,0.5,169.0,CR,186.4471704236266,16.67137082307209,71.0,-54.15169433428704,-66.06988500326806,-77.98807567224915,,,,168.99782598691516,273.8852969369519,117.5565297685697,147.6518080762114,3.624026818902848,2.2705557967682304,209.2029627862597,184.45841105830664,159.7138593303537,,,,55.35079737787512,41.086417217716466,CR
28860,216.87355024,1.05584586,0.02659,7.16,74.506413544304,9.46,3.0,0.5345621079926067,SAMI,True,102,166,279.0,17.5,280.0,4.0,1.0,CO,53.16688564151073,0.748956948518753,34.0,4.684784114686572,1.3860073091985947,-11.303836912927029,1.4591091319427052,-12.900702244980044,-28.989104604732105,93.90303800446966,101.1219263866122,28.81405258178711,7.488004582090506,3.827464693227064,1.725641221376433,,,,,,,,,CO
220332,181.17452699,1.60267799,0.02196,7.24,72.42590532161283,9.7,2.5,0.44395076085540514,SAMI,True,120,94,268.0,8.5,266.0,7.0,2.0,CO,51.55108166929598,2.642665982246399,,9.451129143966895,1.9381104377489131,-9.944588351198307,-9.699923320845668,-22.933605498570344,-36.16728767629501,75.65428624951257,87.78359194426893,39.67404556274414,6.455037734789092,3.2142035085931333,1.712237782288363,,,,,,,,,CO
559061,175.3408088,-0.45676643,0.02894,5.11,72.92349784238446,9.53,3.0,0.5801651131666139,SAMI,True,95,163,350.0,10.5,340.0,2.5,10.0,CO,51.23869798806645,1.0959248542785645,9.0,20.566428063501764,16.332445219337917,8.839544130237714,23.23441874920785,11.580704951226505,-0.0730088467548483,89.90099553062232,98.8827959078168,28.35828971862793,8.024923383561813,2.964643728281397,1.7095980854797062,,,,,,,,,CO
144498,180.25110679,-1.38946468,0.03661,2.69,56.04182376707289,9.86,1.0,0.7272140775709215,SAMI,True,76,72,221.0,14.5,230.0,9.0,9.0,CO,73.6016262198271,4.440217971801758,2.0,-47.3630341888646,-54.30197216611528,-61.24091014336598,-69.30593767867617,-74.05276817093664,-78.7995986631971,70.91858607539027,107.93750320289256,64.14604568481445,4.463264020198171,1.9562058686657788,1.8668874101322661,,,,,,,,,CO
9403800521,357.436554,-28.2614403,0.028772622,4.662995,65.87061492416034,9.778085,1.5,0.5769256319531497,SAMI,True,68,60,31.0,14.5,38.0,8.0,7.0,CO,50.39785973026672,1.893100202083588,,33.51514269694928,22.71402031759805,11.912897938246816,,,,68.57845440406197,87.7564439667562,33.241661071777344,9.291187368657171,2.690201337169377,1.7024120934480733,,,,,,,,,CO
91926,214.26852429,0.50799683,0.0266,4.63,77.17242108807096,10.06,1.5,0.5347567139166924,SAMI,True,112,125,274.0,5.0,278.0,3.0,4.0,CO,91.95376786630818,3.954819440841675,21.0,18.131110059336823,7.358478656529173,-3.414152746278466,23.68283008312626,17.55175923259267,11.420688382059089,115.09318684073132,159.1177257714401,51.92769241333008,12.163125363654023,2.475923585434286,1.963569529441635,,,,,,,,,CO
618941,217.44293711,0.30191457,0.05569,3.69,60.77509674725484,10.56,1.0,1.0814339493653493,SAMI,True,90,58,18.0,6.0,25.0,6.0,7.0,CO,128.71216933106632,7.381829977035522,4.0,50.59831196736048,19.094510375481995,-12.40929121639652,17.945314580353372,-6.404730259716107,-30.754775099785583,145.28756842687685,208.8637803035724,37.45454788208008,17.224617976684836,3.990491273158139,2.109619610023883,,,,,,,,,CO
106839,217.50239169,1.04608713,0.03055,5.91,51.87588244203401,10.54,1.0,0.6112585639563355,SAMI,True,169,125,309.0,2.5,305.0,2.0,4.0,CO,132.21546614831055,8.026883125305176,4.0,-44.29765941722277,-64.0062784861404,-83.71489755505803,-35.8662272952438,-49.5404348912635,-63.2146424872832,192.87646117265447,248.8710113624818,33.31712341308594,16.767095600418813,3.6125381129819427,2.121282260520223,,,,,,,,,CO
491457,211.73486406,-1.5947255,0.03009,5.49,61.26110789149129,10.64,1.0,0.602387081319297,SAMI,True,144,165,73.0,4.0,64.0,0.5,9.0,CO,122.25968378506198,0.9072172045707704,27.0,42.418372624128224,12.5957386356015,-17.226895352925236,74.03492238098892,54.67008176355156,35.3052411461142,184.4304360629559,233.1216005716341,59.95014190673828,18.28247281589845,3.3071050764429404,2.0872832681871145,,,,,,,,,CO
204983,140.30728014,-0.23044183,0.05608,4.83,55.99677802811011,10.52,1.0,1.08850626541115,SAMI,True,117,158,215.0,4.0,217.0,1.0,2.0,CO,114.4274594642078,3.1651811599731445,6.0,20.237970654917643,2.1225128379396008,-15.992944979038414,3.171896858201146,-10.014128955991602,-23.200154770184344,194.34795604736905,235.6030487407172,34.59882736206055,8.374574461435472,5.257485261935854,2.0585302557749308,,,,,,,,,CO
491508,212.16110627,-1.46876469,0.05585,3.14,51.215693211481344,10.61,1.0,1.0843362123593263,SAMI,True,92,126,179.0,5.000000000000008,178.0,1.5,1.0,CO,104.90461027756008,2.3708304166793823,4.0,33.60386275216226,18.732973875674865,3.8620849991874695,25.326752896636805,15.702904263937986,6.079055631239172,163.48361549489988,205.27495555822304,50.86932373046875,12.437021608482253,3.404815706808285,2.0207945746960143,,,,,,,,,CO
289113,181.07915908,1.84838804,0.02522,6.51,57.71156634580041,10.52,1.0,0.5078564567746862,SAMI,True,183,102,214.0,10.0,203.0,3.0,11.0,CO,112.34588583617212,10.023976802825928,111.0,66.53163084666296,60.62529801861664,54.71896519057032,12.83246547666894,-0.0952790007501001,-13.02302347816913,125.78827451389748,184.4270752594092,59.18976974487305,16.189254479601015,3.306145533603207,2.0505571729601884,,,,,,,,,CO
79733,222.8475741,0.00707868,0.02393,4.86,42.1808200962862,10.23,0.5,0.48262903635192556,SAMI,True,162,133,204.0,10.5,203.0,7.5,1.0,CO,74.93308239277525,3.654528617858887,4.0,18.428641241642595,-13.885516903905582,-46.19967504945378,-23.15324908463783,-47.39001554476275,-71.62678200488764,44.25057176740314,98.68886701140048,23.368627548217773,7.6835086451354515,2.3455771166703583,1.8746735977874747,,,,,,,,,CO
508632,217.64673016,-1.66712911,0.05756,4.41,38.553333579756135,10.56,0.5,1.115284726768095,SAMI,True,112,72,101.0,8.5,91.0,14.0,10.0,CO,74.5916267093624,5.382298946380615,39.0,11.157591433018322,-7.0269401137656935,-25.211471660549712,,,,52.040846232244185,92.21740132062745,22.324174880981445,8.381702269457893,4.918405645047299,1.8726900784375746,,,,,,,,,CO
272990,181.69677946,1.28606075,0.04241,4.16,42.83636250616779,10.59,0.5,0.8366169502587296,SAMI,True,161,173,180.0,7.000000000000002,176.0,1.5,4.0,CO,129.28292221863188,2.475677967071533,1.0,106.91536541493944,68.8208155337301,30.72626565252079,70.84315009122972,45.53685731787324,20.23056454451675,110.95539094756433,192.23622286697204,46.17890930175781,11.70480604461985,3.4803265130763155,2.1115411600230516,,,,,,,,,CO
136238,174.23137666,-1.74908943,0.04857,9.77,42.44216367379136,10.82,0.5,0.9511486376854533,SAMI,True,171,89,185.0,5.5,182.0,0.5,3.0,CO,141.21663477612037,6.674783229827881,,,,,,,,140.6573452808856,217.2953730401815,,17.87844722826774,9.292722190186879,2.149885857947777,,,,,,,,,CO
54921,179.99837449,-0.29094967,0.09497,3.3,34.465455863646866,10.99,0.0,1.7616825709848591,SAMI,True,54,63,16.0,2.0,18.0,7.5,2.0,CO,148.22340213741916,3.8646620512008663,16.0,150.38785464117234,121.1142100498952,91.84056545861806,194.23766757517012,180.9980388877293,167.75841020028847,182.20383741448316,268.5011192748414,37.55548858642578,12.642053709147795,5.813552484250035,2.170916777305805,,,,,,,,,CO
9239900492,329.429878674276,-7.39651026830329,0.056696538,4.3431907,34.37250472616203,10.957694,0.0,1.099673173898276,SAMI,True,116,170,35.0,4.5,37.0,1.0,2.0,CO,131.61250660018896,3.849610924720764,1.0,88.79304740703297,67.99093854723012,47.188829687427294,85.39519227239417,68.60774504288541,51.820297813376655,208.09842479060467,260.1954166620527,29.895153045654297,10.27666857077354,4.776090301914475,2.119297160473775,,,,,,,,,CO
91963,214.36652643,0.48277548,0.05087,7.36,40.01476031455285,11.04,0.0,0.9934789612830445,SAMI,True,176,63,51.0,3.5,52.0,2.0,1.0,CO,147.9016847810692,6.175912380218506,,,,,,,,215.09758608165248,273.238812484205,,19.149518636224432,7.312005155043208,2.1699731211703486,,,,,,,,,CO
9011900757,13.5506547627394,-1.42838484103322,0.04375378,5.491578,34.310972580423254,10.866962,0.5,0.8617466029990648,SAMI,True,175,70,2.0,3.5000000000000004,358.0,3.500000000000005,4.0,CO,126.28380302414304,7.251876354217529,,53.1262120135266,38.68962920484692,24.25304639616723,,,,215.2130750335056,262.6046581409881,,12.614668779789069,4.732348686604398,2.101347652152158,,,,,,,,,CO
185914,182.45537204,-1.47165803,0.11263,4.96,33.51750003751655,11.16,0.5,2.0474532770139118,SAMI,True,89,155,183.0,5.500000000000004,180.0,0.5000000000000036,3.0,CO,151.18690882748035,3.568155288696289,2.0,108.3867526124398,93.68154186973474,78.97633112702968,,,,274.597436333985,322.48870965716264,25.07804775238037,10.862130609618422,10.155368253989002,2.179514187526773,,,,,,,,,CO
NGC5784,223.5685,42.5588,0.01817,8.843721544547053,35.019309123240035,10.9373039237623,1.0,0.361085294501802,CALIFA,True,1936,357,303.0,1.5,283.0,0.5,20.0,CO,190.92643191971263,7.584744626767407,25.0,289.33358651228554,240.6794082715864,192.0252300308873,,,,185.72924372715656,286.46728759927817,59.38512967533775,86.17236242576973,3.1933377984047038,2.280866056430576,,,,,,,,,CO
NGC0932,36.9776,20.3329,0.01342,10.049520362275485,36.14052798943814,10.8809944586894,1.0,0.268913931243808,CALIFA,True,2012,573,91.0,2.5,91.0,4.5,0.0,CO,138.72411336152624,9.41596024303806,43.0,,,,33.74978036510879,17.365622112567742,0.9814638600267404,105.46432356794271,193.70440717894508,78.8226080937935,31.09782410030541,2.7024560277341987,2.142151957754164,,,,,,,,,CO
NGC0774,29.8945,14.009,0.01492,8.421534382211755,45.579850035679165,10.6858437199177,1.0,0.302826717427237,CALIFA,True,1459,203,194.0,1.0,192.0,1.5,2.0,CO,132.9130376568597,11.203292066318806,12.0,20.768950391659764,-3.902356161509205,-28.573662714678207,37.128243990581794,18.55512920532387,-0.0179855799340716,181.6463616387421,238.4199117267848,52.90808034565874,51.07187595670608,2.5502656126658,2.1235675836870187,,,,,,,,,CO
