V_cut,R_Re,k,N_CR,N_CO,S,sS,S_pred_template,S_pred_RAR,excl_template_sigma,excl_RAR_sigma,upper2s_frac_template,upper2s_frac_RAR
40,1.0,k-1,90,270,7.861466723537752,10.659599722653546,42.23079353794855,33.01274241346057,3.2242605452970117,2.3594953229314872,0.6909807683964813,0.8839212993388504
40,1.0,k,90,270,6.576072610717274,8.635652232417213,42.23079353794855,33.01274241346057,4.128781471003161,3.0613402544747204,0.5646916640134282,0.7223688591780912
40,1.0,k+1,90,270,14.199446097347714,6.164498298663627,42.23079353794855,33.01274241346057,4.547222836719351,3.051877931443554,0.6281776985989272,0.8035819127785729
40,1.5,k-1,83,243,16.592336253368426,6.995727928685681,42.23079353794855,33.01274241346057,3.6648734121649778,2.3472047980541064,0.7242059537256201,0.9264238556039983
40,1.5,k,83,243,19.391001896889897,7.693167003757321,42.23079353794855,33.01274241346057,2.9688412626300407,1.7706284693830063,0.8235065692799179,1.0534518904501697
40,1.5,k+1,83,243,22.276798541047455,7.342190122962381,42.23079353794855,33.01274241346057,2.7177170112356315,1.4622263510770332,0.8752186660607961,1.119603404166196
60,1.0,k-1,69,207,14.539831101455903,10.817887955506913,43.66806079869436,33.42763772101927,2.692598575344881,1.745979131716595,0.8284225667642046,1.0822065057179475
60,1.0,k,69,207,14.723621961423447,9.527619025678224,43.66806079869436,33.42763772101927,3.0379509045504163,1.9631364047183215,0.7735369832083282,1.0105069432273934
60,1.0,k+1,69,207,18.589004568853195,7.054603592704995,43.66806079869436,33.42763772101927,3.5549915598056923,2.1033971586313327,0.7487901032518676,0.9781789556042296
60,1.5,k-1,64,190,21.358817319953612,8.543375628321476,43.66806079869436,33.42763772101927,2.611291420312262,1.4126524369427536,0.8804047597585568,1.150113235564415
60,1.5,k,64,190,27.07587964691341,7.533880257209549,43.66806079869436,33.42763772101927,2.202342031638087,0.8430925177006293,0.965090718262272,1.2607423986419661
60,1.5,k+1,64,190,26.142390021657114,8.207561504259228,43.66806079869436,33.42763772101927,2.13530788260831,0.8876263303761484,0.9745684203006332,1.2731235567811434
80,1.0,k-1,58,174,13.425908961500065,13.663141725271256,44.78896111520919,33.930903256157244,2.2954495228356033,1.5007525140964673,0.9098713477014355,1.2010347058664732
80,1.0,k,58,174,13.668572052221847,11.013382163738294,44.78896111520919,33.930903256157244,2.8256886576996876,1.8397918915997837,0.7969672770011449,1.052000770808275
80,1.0,k+1,58,174,18.250963853152484,7.598558826037309,44.78896111520919,33.930903256157244,3.492504022094466,2.063541226959473,0.7467929747061935,0.985770442145759
80,1.5,k-1,53,157,23.999104023891977,11.128229805216948,44.78896111520919,33.930903256157244,1.8682088216376393,0.892486891995096,1.0327447317955019,1.3632281842049738
80,1.5,k,53,157,28.65771373490655,8.093966083890786,44.78896111520919,33.930903256157244,1.9929966611063825,0.6514963698384884,1.0012655972826232,1.3216755700292253
80,1.5,k+1,53,157,26.35852518873427,10.671529407408602,44.78896111520919,33.930903256157244,1.7270660298869416,0.7095869559395982,1.0650299273709483,1.4058448029937236
100,1.0,k-1,46,138,19.908950168520665,17.74358111504291,45.66413440621357,34.25463707444442,1.451521204806723,0.8085000887313304,1.2131208248867777,1.6171857923415167
100,1.0,k,46,138,23.78393889065979,13.456084129918043,45.66413440621357,34.25463707444442,1.6260447916571583,0.7781385790019136,1.110195294616109,1.4799779381786993
100,1.0,k+1,46,138,20.419137257131517,9.04726316566995,45.66413440621357,34.25463707444442,2.790346283379352,1.5292469738044125,0.8434116640833734,1.1243343055940427
100,1.5,k-1,41,122,37.00659371245797,16.181807426095773,45.66413440621357,34.25463707444442,0.5350169153412319,-0.17006484909563188,1.5191398997636585,2.0251333684805837
100,1.5,k,41,122,31.995103165011777,12.69334870072033,45.66413440621357,34.25463707444442,1.0768656533028274,0.17800928365770138,1.2566054588049835,1.675154240920625
100,1.5,k+1,41,122,28.74519502727563,11.831997266154403,45.66413440621357,34.25463707444442,1.4299309743195097,0.465639225841323,1.1477101283333,1.5299881719863315
