plateifu,mangaid,mngtarg1,drp3qual,z,logMstar,ba,phi,Re_arcsec,sersic_n,dapdone,dapqual,adist_mpc,inc,kpc_per_arcsec,n_star,n_gas,pa_star,e_pa_star,pa_gas,e_pa_gas,dpa,merger,ttype,sig1re,group,Re_kpc,med_eg,gas_resid,D_lo_0.5,D_mid_0.5,D_hi_0.5,D_lo_1.0,D_mid_1.0,D_hi_1.0,D_lo_1.5,D_mid_1.5,D_hi_1.5,Vs_1,Vc_star,log_sig1re,twist,resid_ratio,disturb,sg_1,VR_1,sg_15,VR_15,s_1,rz_1,s_15,rz_15
10218-1902,1-382697,4224,0,0.0364051,10.243181962438763,0.614132,19.9269,3.07868,5.11867,True,0,104.43698120117188,53.65637303640644,0.5063247730010754,98,75,158.0,3.5,341.0,2.5,177.0,False,-1.6885102987289429,145.90621948242188,CR,1.5588119521429509,5.024247890539527,11.065324682020966,,,,40.57478784043252,-1.0085206282466512,-42.59182909692578,14.4829305386085,-9.633009228017182,-33.74894899464291,124.44902011934388,217.59223381499896,2.164073804774372,3.0,2.2023843017094284,0.2943106704438149,70.94752468806794,5.463255267067891,72.73985763008454,1.0937408456232363,12.293384612626033,20.677578708577396,10.944581548198983,28.508267675879154
10220-1901,1-153127,1552,0,0.0175908,9.492831601897253,0.800838,24.8678,2.45927,4.00794,True,0,51.61838150024414,37.67852216068149,0.2502529754804973,103,100,145.0,16.5,329.0,3.0,176.0,False,-1.6164711713790894,109.27394104003906,CR,0.6154396350099227,4.29031466291212,6.473199921737253,,,,126.72393386170025,91.10206827973144,55.48020269776268,107.5652417765078,70.09270216709075,32.620162557673666,47.6959829309689,129.3422892240122,2.038516606489112,5.0,1.5087937436606256,0.25056263770853,60.60102366639485,6.381894837108351,39.093427859588814,6.273482970362448,-79.81720429535206,19.616468770541125,-68.78112984690895,25.916803290873013
10495-6101,1-548290,1040,0,0.0520024,10.805005793024174,0.845295,26.3664,6.79471,6.0,True,0,146.44061279296875,33.046365372749115,0.7099641255209539,326,120,110.0,1.5,274.0,0.5,164.0,False,-0.9645308256149292,182.4074249267578,CR,4.824000343318481,8.192469288322517,68.24505400934589,74.60082244845272,73.90815127519683,70.8954376956155,-129.93699199866518,-79.30993579659693,-28.682879594528615,416.2637312461564,412.6974407121575,409.1311501781585,349.7584361344988,393.250663007259,2.2610425123865285,25.0,8.330217863205403,0.8462976078061064,189.0651812571918,122.72901937642601,73.28083725845698,399.18931089904453,90.59479978097632,,-411.3858683919757,
10510-3704,1-189376,1552,0,0.01941,9.562159581042156,0.844699,7.70407,4.09955,2.7579,True,0,56.83144378662109,33.112088768756806,0.2755266146496143,179,177,167.0,10.5,343.0,3.5,176.0,False,1.583787441253662,60.26576614379883,CR,1.1295351330868266,2.7450084661106926,4.686963571103082,148.70920866557236,248.79779084275876,318.10013940558696,65.47297393500888,48.760264793091565,32.047555651174285,37.99745846221153,24.99288191805269,11.988305373893857,59.25910867571445,92.26369831162914,1.7800706820109276,4.0,1.7074495867562398,0.2575542965061378,30.815822016555373,1.2182587643105471,21.453207594061514,0.5380498373740572,-37.47540080871218,29.081674692150784,-23.681309597870886,33.97347104377952
10511-3704,1-76425,1040,0,0.028474,10.29074893910876,0.784298,140.037,7.75593,4.96522,True,0,82.46465301513672,39.28491028231506,0.3997999198968903,184,109,42.0,5.0,232.0,1.0,170.0,False,3.214176177978516,137.42044067382812,CR,3.1008201927258883,6.679396484220032,26.056784331865856,138.0987684519313,106.0606932730615,71.10771086693146,116.35769344554387,86.93792301259134,73.8859673082232,,,,120.76652408476816,195.02325202445945,2.138051336883576,,3.901068665922826,,88.95944510419965,99.47252913645833,,,-75.65305902821196,37.60147217174469,,54.10824172945488
10517-6101,1-78715,2080,0,0.0542183,10.340378668274829,0.683101,69.5691,2.46504,6.0,True,1,152.28126525878906,48.19206872482157,0.7382804077413122,141,172,294.0,4.0,116.0,3.0,178.0,False,-0.3872660100460052,222.53778076171875,CR,1.8198907362986445,12.389217272260748,26.062983912739497,,,,-9.96626018139288,-46.85912266168213,-83.75198514197142,-68.80891585243104,-81.83510376202497,-94.8612916716189,193.8314313273815,343.94384402232834,2.3474037527706466,1.0,2.1036828509815617,0.1828257790368272,148.16813264218658,10.773169702502141,132.62536684625155,11.014755976704965,58.14398664606151,31.85346465520102,83.14667608220677,41.29227199630948
10517-9102,1-78858,1040,0,0.0230007,9.877922216272186,0.715064,141.713,6.96047,3.95591,True,0,67.05350494384766,45.51828506488821,0.3250845656312325,480,197,217.0,3.5,43.0,3.5,174.0,False,0.1280981004238128,75.755126953125,CR,2.262741366539225,5.127939274176048,17.31282520220551,40.41014356268756,23.39260735947509,4.506026253484258,-40.91259433024102,-45.7906499113478,-44.59784101461265,-51.22938273304182,-49.49387095609629,-47.758359179150766,121.34389454679966,138.8393398545653,1.8794120303374229,38.0,3.376175940575528,0.72626298394712,53.756534101261266,0.98187599061162,58.2228529553813,18.912674635715817,57.075513895727184,39.50756361847047,50.80544327627809,49.10939277582485
11012-6104,1-245301,4288,0,0.039540492,10.430371877942076,0.58037686,179.17375,5.7637296,5.381576,True,0,113.0078125,56.21607061183848,0.5478773357226123,312,216,180.0,9.500000000000004,6.0,0.5,174.0,False,-0.4306782186031341,168.0951690673828,CR,3.1578168170735577,7.9827447606805,36.08853658674228,84.29115411894479,80.95852839729551,17.904400291148267,168.09351070220336,99.56580578940743,31.038100876611512,124.82169425146832,17.456613389767394,-89.90846747193359,66.84013224051459,197.42872078870303,2.225555232312012,0.0,4.520818048010076,0.3981232294617564,99.02846901802569,2.066700934934573,80.98976880417943,7.739738279614647,-88.28094180502805,37.70968574786397,-16.14504106958559,54.44205518961422
11017-3704,1-319646,4288,0,0.02890861,9.958698068562567,0.46455252,90.770134,4.087705,2.6695607,True,0,83.67964935302734,64.66297014008688,0.4056903883679639,140,151,269.0,4.0,92.0,2.0,177.0,False,1.3928718566894531,118.74398803710938,CR,1.6583426289836678,5.32241744756596,18.56759992621129,40.993129431024194,22.24269707363885,-9.766842634770905,13.885379982395827,-6.899448116579288,-27.68427621555441,7.017552473235023,-3.1156894298028828,-13.248931332840828,127.165484891998,188.74493764665115,2.074611630689294,3.0,3.48856513212856,0.4595884482215927,75.04678193220366,18.21731476085281,72.99501307630578,2.8769928969014136,18.18431210095867,23.230072170229683,4.427261749984685,31.96002208429934
11020-1901,1-244115,1168,0,0.025058512,9.826533467077876,0.47738665,106.791794,3.537801,2.4866,True,0,72.8716812133789,63.74221465582173,0.3532918801769884,95,81,260.0,15.0,73.0,2.0,173.0,False,0.0169518291950225,133.68263244628906,CR,1.24987636698203,2.8970166057129445,12.522198162054544,,,,133.67051741776473,53.66530928399935,-35.92630154016232,79.33543036365717,-1.6789399740419164,-82.69331031174106,45.83772355472325,150.24323323974804,2.1260749889921637,1.0,4.322446111410148,0.4189368901479383,54.83830839650312,1.562834772638002,53.46030928798979,0.37124755894074823,-42.380445299619964,28.019240337207258,2.990512294223718,35.07113555117375
11020-3703,1-244629,1168,0,0.03741112,10.482975530843389,0.43340355,77.600174,4.4791923,5.0160856,True,0,107.19407653808594,66.89443040025022,0.5196915483956679,159,71,283.0,2.0,113.0,2.0,170.0,False,3.954944133758545,144.63282775878906,CR,2.327798381948953,9.553176145078814,52.45408772555975,4.434356602935164,-59.54666481337232,-108.44137725728586,-33.316816915122274,-26.40859329020093,-19.50036966527958,25.57070593275715,26.75961762557351,27.948529318389845,150.382043755464,216.96738223224813,2.160266877304328,13.0,5.490748514312775,0.7472379603399433,114.67578452982487,24.35379605325836,96.30058815590138,53.29754477431493,37.69345727458031,28.38450175886769,-25.44804530539171,42.37785354003412
11750-3703,1-283580,1168,0,0.023385841,9.577346826987402,0.370143,37.095688,4.8529634,1.2184758,True,0,68.1446533203125,71.46523005399605,0.3303746022415386,152,81,327.0,7.0,143.0,3.5,176.0,False,3.866008758544922,57.02035140991211,CR,1.603295852967745,5.374032787711269,17.515115052340207,22.82226801206836,10.908044423996188,0.596768123837201,19.582086272000492,17.305421827882224,16.05658727724022,15.073153465400528,18.373324260087365,21.67349505477422,96.00763353708832,116.71053265653198,1.7560298894889697,38.0,3.25921254004847,0.7068185395026755,47.801561112438975,1.6622279865023273,53.450903367181596,0.46634001212138454,-6.020557843502843,33.59145109771385,-17.061751939905562,41.579339298321685
11758-6101,1-319587,1040,0,0.03048668,10.486966887255438,0.842698,76.90947,7.3769364,6.0,True,0,88.08055877685547,33.33192729283292,0.4270265993479215,319,295,316.0,2.0,139.0,4.5,177.0,False,0.6390584707260132,139.54563903808594,CR,3.1501480644978987,4.939346285761954,23.85170118382176,-195.69813210766887,-200.3724961484494,-219.32010056991763,-185.84641677930716,-222.5298350974653,-259.21325341562346,47.57352604113454,13.11099087259214,-21.351544295950244,230.35150315550945,274.69118994174875,2.1447162688340464,68.0,4.828918606613211,0.8695192005036199,77.80718798212672,3.080789251827866,87.27617654296307,24.534414264039096,233.81469908184468,33.81666316152805,-11.799418552410337,50.50505137254532
11759-1902,1-225,4288,4096,0.026602052,9.608643683632732,0.4516902,4.4235535,3.6276271,2.997066,True,0,77.21681213378906,65.5845376239682,0.3743576693412576,90,52,356.0,6.500000000000005,169.0,7.5,173.0,False,1.893139600753784,68.87789154052734,CR,1.3580300263951852,4.8772025350697845,9.990050706956064,,,,5.497202576863998,-9.2772485431599,-22.277242995247256,-4.768976535485876,-11.681466880054362,-18.593957224622876,79.8948730436985,104.3734724039158,1.8380798442189792,28.0,2.048315737376513,0.5144633301857098,35.026215174164115,0.7479698894476747,48.225856015524286,2.157771409377148,20.56211252753928,31.353624266397183,12.993039200236165,37.992098807366744
11838-3704,1-586725,1040,4096,0.0234129,10.056067837910955,0.6219516,173.65297,3.7882662,2.737856,True,0,68.22127532958984,53.05404863737036,0.3307460762252562,184,180,0.0,8.499999999999996,187.0,1.0,173.0,False,-1.2185747623443604,139.71253967285156,CR,1.2529541813467615,1.8438801825867743,6.389950175185272,120.49951725906448,123.59820615115932,46.20883902120943,157.19077786037766,86.29331221900806,11.221826160026756,97.19303351231753,20.600398897880964,-55.99223571655559,51.3781789738486,149.69636949561217,2.145235387261802,2.0,3.465490998564141,0.4143177525967894,46.545076618463405,2.4372961444267554,40.4607365808897,2.390525561239636,-75.00844823462867,28.872576168792182,-19.28882657769916,35.11070339234876
11942-3702,1-135190,4288,0,0.03049852,10.15424973342847,0.6792144,69.40367,5.108996,3.648158,True,0,88.11351013183594,48.51025345617378,0.4271863520249778,185,162,293.0,4.0,108.0,2.0,175.0,False,-1.1330783367156982,105.08323669433594,CR,2.182493363750204,3.5207740767970863,11.632445598145887,66.41006534105728,48.81348084361901,16.66672147428984,44.49417704115854,19.733187410693148,-5.027802219772215,25.87754017139717,12.150744603329352,-1.576050964738484,120.08526205370536,173.87594206341967,2.0215334411300314,2.0,3.303945480287148,0.380984419263456,33.43263116456044,0.7155557815121533,31.669826763205457,4.920486623872226,-8.448323426313767,31.858508198049574,-10.839172283147551,44.80548192832638
11946-3701,1-211561,4672,0,0.03047918,9.94750410522138,0.561535,61.955704,3.8572702,3.8185256,True,0,88.05967712402344,57.6200807096603,0.42692536223815,172,137,299.0,6.5,118.0,3.0,179.0,False,0.3277550339698791,102.95263671875,CR,1.6467664773854211,6.884423215975553,8.931435121760568,62.10099918566819,-6.545422909211429,-57.903387617700105,2.729915409016107,-9.679251770064193,-22.08841894914447,-19.86394392990773,-18.685914091061772,-17.507884252215806,91.34688281349923,155.14902804628952,2.012637473807276,3.0,1.2973396378413882,0.1651440037771482,68.87830888534981,3.6572916922666905,69.96930064007806,2.500534726130618,20.964115754443576,29.487785133153785,19.997486411243575,37.801154704900824
11974-3704,1-337237,2080,4096,0.039766036,9.598427790551476,0.83241284,174.61884,2.4972968,4.150327,True,0,113.62186431884766,34.44279200941583,0.5508543429494878,150,112,349.0,8.5,156.0,3.5,167.0,False,-0.1693063527345657,53.90144729614258,CR,1.3756467879138583,4.611147820326603,2.8972195098821176,,,,-26.849191210563845,-42.72530703354235,-56.82800508628457,-41.78559186550139,-44.188130244521446,-46.590668623541504,58.59526189580634,92.64727229775298,1.7316004264908158,12.0,0.6283076628146157,0.3143649669499527,38.662861819464354,8.98407369572088,42.998415058239644,14.725760028800979,54.010171017921735,31.197430812721063,45.49970256470325,37.753163219945556
12071-1901,1-551121,4288,4096,0.0421037,10.443503512159518,0.8669529,52.552643,3.6986763,4.002168,True,0,119.966552734375,30.57509615518464,0.5816142604117361,93,93,311.0,3.5,139.0,2.5,172.0,False,1.8040803670883176,142.04051208496094,CR,2.151202880726917,3.8523877146339367,22.560150493295858,-57.68573099415499,-39.01472544899994,-4.903561367004636,-138.9585988433596,-111.33173109126749,-83.70486333917535,7.284721482340613,32.13570287371187,56.98668426508312,191.06659683498577,243.1727770415729,2.152412229352416,123.0,5.85614745047529,0.9234183191690274,143.0626474149187,15.952112317973306,139.91276794818222,88.65111429846323,122.61659507564687,25.068433626741374,-30.82413055353007,37.14343474876949
12075-12705,1-34036,1168,4096,0.020970145,9.516879196346682,0.59190387,158.36078,3.4808457,4.5206475,True,0,61.28384399414063,55.34884415227046,0.2971124599934184,306,138,209.0,12.5,23.0,5.5,174.0,False,0.660550594329834,58.54777908325195,CR,1.0342026287845127,6.596632187375279,4.617640878176581,35.401814026659835,107.05981447718464,161.67236846021174,52.7027605941621,57.7336484626736,62.7645363311851,18.234124736223137,16.33514679414747,14.436168852071798,41.221148204039736,84.63659908931027,1.7675104254513845,3.0,0.6999997494196937,0.142921781554926,62.55577182534739,0.8385873759976261,43.38063378978805,4.341325420096684,-46.448784478294215,28.037075610135123,-15.023574473965667,32.819885041817344
12089-3703,1-118369,2080,4098,0.04199946,9.799222488031424,0.5817635,53.50135,2.7393498,1.7939717,True,0,119.68439483642578,56.11209741723172,0.5802463203201472,118,123,127.0,5.5,313.0,6.0,174.0,False,3.014044046401977,77.64849090576172,CR,1.589497641519731,6.462526412417871,15.846885893825094,,,,-85.35512900162358,-78.20521617100677,-71.05530334038997,-43.320644344550985,-33.62296872895009,-23.925293113349216,100.97879355453269,138.00615868674214,1.8901330196567336,42.0,2.4521193233926275,0.6313581995593327,78.09780172573235,12.593957883874204,78.3818652591568,15.885273550343099,89.49008015538615,32.68301179038117,34.934541049131894,40.69264779820296
12484-1901,1-409368,4240,4160,0.02615431,9.659281495497142,0.45237347,114.352104,3.694008,2.888184,True,0,75.95806884765625,65.53559849628847,0.3682551096800379,92,84,255.0,9.0,85.0,7.5,170.0,False,4.313611030578613,73.35163879394531,CR,1.3603373211989376,2.8242649452854867,16.887726800486597,,,,-28.150896971896373,-42.33168636765931,-56.51247576342223,-38.016670614832464,-39.1222651847795,-40.22785975472653,77.5639508630597,113.93739236554435,1.865409821127044,14.0,5.979512236866122,0.7689172175007869,48.15535821517253,3.8947382232538015,57.051201930340454,10.773265105370314,53.616550352038686,31.417451145525312,40.4338375049613,38.18652627900522
12512-9102,1-92,4096,4096,0.021608172,10.287713003907111,0.5679686,59.413742,7.8177795,2.9625907,True,0,63.09981155395508,57.14245510661523,0.3059165191679099,473,246,127.0,1.5,284.0,3.0,157.0,False,0.5079051852226257,132.70687866210938,CR,2.391587892262243,7.997679063990597,37.50917648321533,21.654020984115583,-12.837198427531092,-44.27610809615417,-121.49381600204372,-125.538648968839,-129.58348193563432,-184.4133183039023,-187.91946065520304,-191.4256030065038,170.67854859597915,219.08176876725275,2.122893434451269,69.0,4.69000771137463,0.8654076172489771,85.78381205091212,4.812953837031325,70.46477817239462,76.25292175689027,136.82351295321837,28.97219522022631,189.23103297538484,43.797724977234424
12518-1901,1-2668,4672,4096,0.028495844,9.435650577746395,0.5138447,134.71896,3.1952655,2.110517,True,0,82.5257568359375,61.11290989006556,0.4000961595798131,71,76,25.0,18.5,180.0,0.5,155.0,False,0.6418249607086182,60.6104621887207,CR,1.2784134553878712,5.918086293656463,14.44344629156493,,,,-34.32952352042656,-23.121608946607218,-35.09569820312947,-12.860121116019023,-24.27200053312908,-35.68387995023914,58.35490876991859,74.02442788039622,1.7825475957613,171.0,2.440560271492951,0.6916115832546428,53.7927934144729,8.173436879072522,60.13821453778032,3.2807198364938652,34.406472930986595,30.078949838027274,25.583572853310883,35.48260875649773
12624-3701,1-415754,2336,4098,0.043922607,9.692226042406052,0.56811094,27.931915,4.847346,0.5,True,0,124.8786163330078,57.13186772200284,0.6054286167627094,114,81,68.0,4.0,261.0,4.0,167.0,False,-0.2820036113262176,75.72970581054688,CR,2.9347219837502525,4.996881200001365,14.13305612142922,29.810391579738084,11.08161982689957,-8.302406700619112,-16.37345563279423,-28.949608381139765,-39.12616610173038,-56.13480492062599,-53.8192145953072,-51.503624269988414,103.21611458168074,130.60381247453492,1.8792662697111269,140.0,2.82837545175686,0.727640069247718,43.83632317887605,5.102293804644432,66.31840424606645,9.03443481590819,40.234472365519146,46.380927947620854,55.130786915489004,55.781208482663345
7957-6102,1-561039,1168,0,0.0256566,9.969858369034853,0.375966,36.334,5.6189,1.21981,True,0,74.5572509765625,71.03923801600796,0.3614637529935481,213,135,326.0,4.0,143.0,1.5,177.0,False,3.7531001567840576,79.07083129882812,CR,2.0310286816954477,5.1457783863490745,18.521865653298875,49.16449931714895,33.0946243103726,8.748204531036949,37.71706988200929,27.66470658783301,18.19715699945441,7.815664874675015,-0.1370971979280577,-8.089859270531116,120.58176881081113,147.35179958911144,1.8980163047086696,55.0,3.5994293307372924,0.7837858042178155,43.24713333562454,5.506364967331038,45.98846734438123,5.069835305423404,-16.37984260345363,37.3582259232565,1.4486695181098597,46.0718778251836
7960-3703,1-547295,2080,0,0.0405781,9.533583967386882,0.714246,125.614,2.98015,5.552,True,1,115.8299560546875,45.58807812072831,0.5615594737762883,127,86,245.0,19.0,54.0,5.5,169.0,False,1.5184046030044556,76.47321319580078,CR,1.6735314657744058,5.337754567638023,6.660018551874037,,,,13.37040604414202,-5.060298450938577,-15.6411780398971,-45.18016731733663,-35.277509806135825,-25.374852294935028,61.81255964236995,104.91416231909557,1.8835093384416848,4.0,1.247719142474758,0.1964431853950267,51.0572979197422,2.510257812667102,71.9610181152263,1.2352250512842162,16.34516243531796,33.95321027462592,36.58908212631763,41.81747943812262
7972-3704,1-113405,2080,2,0.0424723,9.790449840925929,0.591441,28.8634,2.43736,3.80674,True,0,120.96371459960938,55.3837982067659,0.5864486375571993,115,90,157.0,13.0,328.0,3.5,171.0,False,1.614134430885315,80.49888610839844,CR,1.4293864512364154,3.8866627748009863,6.206587550824185,,,,74.99361833229811,54.62583975260699,34.25806117291587,46.360084843662094,26.48078896254996,6.601493081437836,47.75594070854777,104.62826605941432,1.9057898709228631,1.0,1.5968937647650658,0.1050480012590494,58.811212149998255,2.5594081282820875,44.159355899350416,1.2481838950181463,-43.34097576822761,31.933901781817905,-25.169216642368156,38.87133801973122
7977-3701,1-115097,4288,0,0.0274473,9.909029957699213,0.528689,59.06,4.65282,2.69354,True,0,79.5893325805664,60.033638425710784,0.3858599730543552,183,95,301.0,6.0,112.0,5.0,171.0,False,-0.8561398386955261,111.58621215820312,CR,1.7953369998267654,5.849019428736902,29.270221378799665,97.66423799234896,68.0661904651552,12.193788290201006,68.15396298908497,26.888259350353373,-14.377444288378216,59.9225482410579,41.65117959612266,23.379810951187405,55.7511545385257,145.80704566578038,2.047610535519671,59.0,5.0042954610462935,0.864423984891407,57.36793999040454,4.389903435278484,62.28852025470354,47.16274891364608,-15.603395365973991,35.243602822285986,-40.33960727594086,43.47470654511727
7980-1902,1-115650,1552,2,0.0268433,10.135612814169132,0.797075,102.31,3.34116,6.0,True,0,77.89446258544922,38.04882595099017,0.3776430114410066,92,59,81.0,4.5,250.0,6.0,169.0,False,-0.9951125383377076,104.7045669555664,CR,1.2617657241062334,6.464630290971668,11.900568372580882,5.676779548935228,-48.749213044198,-42.94223284602501,-103.48617241706378,-112.8083593796581,-118.2068779437668,-118.00839394072106,-56.03039218995734,5.947609560806386,132.38308030194742,182.77011074776888,2.0199656249486164,7.0,1.8408737757518636,0.3520971041863393,79.3914306854532,1.7939869144410605,126.08720803050284,5.09418844159102,124.09322336403748,20.438222954175437,57.34196451013914,29.62662614811549
7992-3701,1-22347,2080,0,0.0437936,9.955318707771449,0.867903,157.323,2.35543,2.42972,True,0,124.53093719482422,30.462659832580275,0.6037430207344315,160,67,26.0,5.5,230.0,14.5,156.0,False,-1.2122892141342163,101.22352600097656,CR,1.422074423328502,10.458174218631964,24.911954586767788,,,,248.31899346847737,309.33606771549523,370.3531419625132,71.01421343160163,66.40152981917755,61.78884620675351,90.63278691170116,158.9125496952129,2.0052814613673164,85.0,2.382055803046904,0.6705028328611897,129.56684915239777,12.466181038350788,74.26174590349237,10.408421454254022,-298.05120373111583,27.094971496130007,-65.08995749899576,34.14630042782798
7993-9101,1-41752,2080,0,0.0649659,10.551265749718675,0.708461,111.899,4.23408,6.0,True,0,180.1737823486328,46.07950569949086,0.87350714659869,335,166,60.0,5.0,255.0,1.0,165.0,False,0.8354498147964478,172.2135467529297,CR,3.698499139270581,7.725113254272009,19.53053978669127,198.87126431491532,145.7851820006576,64.85536202757613,131.07153922190514,89.83536540785619,48.599191593807234,9.17913206889222,-33.854052314121546,-76.88723669713531,95.22446890338414,212.5696847160837,2.236067311163177,6.0,2.528188149978362,0.4462110481586402,90.28756935373778,11.044280414135537,93.04781847497685,12.906089210055741,-78.5505014234768,44.37943355731333,35.16562463430335,61.34069623955049
8075-3704,1-119687,2080,4096,0.0399585,9.78454312106777,0.765275,152.455,3.05018,1.21671,True,0,114.14558410644533,41.06973595893714,0.5533934081304389,169,52,204.0,6.5,45.0,1.5,159.0,False,0.3470655977725982,53.58577728271485,CR,1.6879495056113023,5.19863569493308,14.949367998599977,,,,-14.021140502143306,-28.2126983201664,-25.637492180605065,-22.48008091888245,-36.74309147852681,4.017047440704883,97.1079866387164,110.837726334717,1.7290495347060086,22.0,2.875632930611117,0.6091753226314133,55.19756504755328,2.358943960606303,109.75518800150627,3.754725068853547,39.49756230454578,34.01741838981784,38.05466379870861,42.15059230671517
8093-3704,1-40992,1040,4096,0.0236139,10.153253728763753,0.676102,168.699,3.87641,3.47934,True,0,68.790283203125,48.764057515038026,0.3335047042427451,199,83,24.0,4.5,193.0,4.5,169.0,False,-0.3821566104888916,176.83238220214844,CR,1.2928009705736194,10.888391931953535,49.83280470202215,90.49467616420644,32.51389307835447,-43.68813701317366,98.97081576790232,69.07518760781304,39.17955944772381,-8.461474344068932,-28.67693449441127,-48.89239464475361,96.52292325420449,231.81231304081504,2.247561797577248,51.0,4.576690939621735,0.8364534151715455,117.95043147370582,10.482758870487737,103.92353501209563,54.113729433124576,-57.79032362343365,17.158704304981836,29.988506814593073,24.171195640131803
8146-1902,1-201364,4288,0,0.0277225,9.638564128859295,0.686904,3.00069,3.25005,1.98051,True,0,80.36074829101562,47.87935645055333,0.3895999019568413,93,90,179.0,5.500000000000001,355.0,4.500000000000004,176.0,False,0.1905198097229004,75.32075500488281,CR,1.266219161354832,4.273036952368631,9.796234631429371,15.08515772956848,23.772061702053872,16.617775338795084,21.406540949422364,10.940510474383336,0.474479999344287,-3.352088088439101,-7.824054510367331,-12.296020932295573,81.93953213677177,121.15435039308522,1.8769146646745665,10.0,2.2925696034524394,0.4625354107648725,55.12161029393296,16.14743689964148,52.32700440871568,0.8723077419945844,0.3443535099960453,30.732505844305063,9.135626830549132,37.20692202887248
8149-3703,1-145920,4672,4096,0.0266886,9.392593202509865,0.7048,108.43,3.03509,4.22596,True,0,77.4599609375,46.388591224908176,0.3755364880071024,198,81,74.0,7.5,239.0,9.5,165.0,False,0.1060246378183364,53.0291862487793,CR,1.1397870393854763,4.994896548970166,7.560926125031769,,,,-54.39484759860977,-81.90161818024971,-93.35827630290184,-88.8981867069653,-94.67710897523494,-85.13483072718704,60.50181526146922,87.36288013712789,1.7245149627705263,26.0,1.5137302746721872,0.4282971356625747,39.88829568501764,8.188611498985338,54.26493284274085,8.83276247469213,93.1864821646291,29.11915538771947,95.98868129541674,34.11625640226975
8247-6103,1-217050,1024,64,0.0273577,10.506291214893626,0.766516,59.3991,6.40087,3.35213,True,0,79.33806610107422,40.95517313376302,0.3846417987857348,332,241,118.0,1.0,301.0,1.5,177.0,False,-2.053615093231201,175.38731384277344,CR,2.4620421505936467,6.651080388561834,33.82789038512986,13.767269848906013,29.96460056139323,1.9447771600250388,61.32889739337326,37.77476150564458,14.220625617915914,7.041702807773552,-22.265616661406103,-51.57293613058576,255.9046294132307,316.8546607125444,2.2439981766735024,5.0,5.086074503520545,0.6213959710418634,101.26096607857386,3.839866284055317,77.89468048604228,6.968069253473269,-26.489897521265195,30.96009646957437,23.577188981587906,44.60270661504961
8252-3704,1-138140,2080,0,0.0467992,10.184640334343406,0.869377,138.468,3.05485,3.54255,True,0,132.60325622558594,30.287491624058283,0.6428787277783732,175,98,40.0,5.5,217.0,17.0,177.0,False,-0.85483717918396,84.64790344238281,CR,1.9638980815537637,5.356231378439326,5.137781061513126,-32.396315067538865,-61.67007817186268,-56.676619901538125,-75.03548088213348,-51.99882335704153,-28.9621658319496,-121.22530583450624,-97.08311324855404,-72.94092066260184,119.51300482384794,152.5712756398419,1.9276162059809263,7.0,0.9592156683511586,0.2645971041863393,89.75764631213949,10.643788556014776,81.80750079506718,2.0571444782382664,63.283687341420915,34.69282543548912,98.39468556873584,44.24128224575788
8256-12704,1-558912,1024,0,0.12611,11.211286107836402,0.510732,175.094,8.60511,6.0,True,0,325.9813842773437,61.3384742750216,1.5804023488468124,298,89,19.0,0.5,202.0,0.5,177.0,False,-1.1886872053146362,240.57167053222656,CR,13.599536056085194,6.334753988333881,55.16179350059078,294.3875694450376,518.6222789717243,48.84342125245634,107.70724227375034,-16.47009035182983,-140.64742297740997,,,,150.65299280701623,303.1390368682434,2.381244483951812,,8.707803586718136,,106.11167895605993,2.0712145752490927,,,27.75495433620921,101.18594622702834,,126.92742951386197
8258-6104,1-256283,2080,0,0.061473,10.552350590580089,0.580616,109.702,3.95189,6.0,True,0,171.1875,56.19814602839641,0.8299404203493869,137,69,76.0,4.0,264.0,0.5,172.0,False,-1.5116993188858032,253.073486328125,CR,3.2798332477745387,7.066520429645953,35.80115500335768,42.708143893295535,-52.78338200214324,-208.68341504982635,199.492872197378,126.48743432289358,53.83498857441749,231.41584582016876,206.96595120873408,182.51605659729944,132.4867388368643,308.1140276395532,2.4032466479454926,27.0,5.0663060214419255,0.7963802329241423,127.01880284704654,72.59934817307611,185.7119347795893,15.666104798796795,-115.20257033851419,37.82660122353294,-205.6543788885523,52.951935189921684
8311-1901,1-523154,4224,0,0.0281846,9.884489494829577,0.84485,26.225,3.23161,4.3151,True,0,81.65489959716797,33.09544805301759,0.3958741245433256,99,69,336.0,4.5,154.0,7.5,178.0,False,-1.3576027154922483,98.91642761230467,CR,1.2793107796154566,7.17710465666852,10.97153224205023,44.90845447491593,68.42977461979405,72.1423837362038,11.273265692857091,-3.663526487846248,-18.600318668549587,-33.21822884396133,-40.24048810675141,-47.26274736954152,126.40833784045616,176.10418740462822,1.995268423335451,20.0,1.5286850013892668,0.4054965376141013,58.15407973408654,2.3379469764165846,44.90148532090973,53.24958631581684,14.948390472225629,21.083469347877536,41.55206042693321,30.04829244736634
8314-3702,1-199775,4288,0,0.0301584,9.905111259788317,0.764885,161.036,4.08416,3.50664,True,0,87.16643524169922,41.10568731732307,0.4225948033872418,186,171,16.0,7.0,190.0,4.0,174.0,False,-0.8224405646324158,78.59479522705078,CR,1.7259447922020377,3.405054928960163,5.92268385693262,96.17392014296176,65.07876162406961,26.160697279074267,45.22886645856619,18.5365636927613,-8.155739073043613,29.04011593353433,19.66220828013256,10.284300626730785,57.11918221235195,122.31334260492105,1.895393786764408,9.0,1.7393798280785129,0.3636764242996538,29.806994567368186,11.356812661652658,29.732757491945172,9.104805753376429,-7.251699708381917,34.82346133581422,-18.350635959950758,43.335050309871335
8318-1901,1-284321,1168,0,0.0244567,9.792538764335696,0.600477,117.086,2.86511,4.52246,True,0,71.17314910888672,54.69936909068336,0.3450571641563726,91,66,244.0,4.0,50.0,0.5,166.0,False,-0.8822381496429443,130.53128051757812,CR,0.9886267315960648,5.705177191546577,19.20182133018485,,,,10.746713105211152,-24.482320410873267,-59.7113539269577,-12.802698920178468,-27.373428087215792,-41.94415725425311,108.79082076495364,199.619507412351,2.1157145984811634,7.0,3.3656836037689413,0.5479304375196726,78.37461920745258,7.841535288297596,74.98682667777021,7.34124364129917,35.76718439525265,12.756507557860166,28.685000407397595,18.920890036627537
8318-3704,1-575704,1168,0,0.0247632,9.91895144829258,0.620028,62.4558,4.06623,3.76429,True,0,72.03851318359375,53.20257445994304,0.3492525675819592,167,99,114.0,3.5,299.0,0.5,175.0,False,0.5456040501594543,95.71142578125,CR,1.42014126787879,7.255324834100396,27.785021149116663,191.8569835948768,468.69337067308464,745.5297577512928,62.18532291980959,69.14395345693458,76.10258399405956,-60.2575910491908,-54.29644706367144,-48.33530307815207,110.15171890863988,165.60744534123947,1.9809637858181397,2.0,3.829604019729848,0.4379288637079005,86.3499599075493,25.806858787267686,60.79707122691271,5.940580440264496,-57.8590894725552,24.60102421986815,55.60801938385324,32.63494468629311
8323-6103,1-405760,1040,0,0.0232315,9.8576376017441,0.370433,122.821,5.6741,1.3499,True,0,67.70751190185547,71.44397587969449,0.3282552808390627,220,220,242.0,2.5,38.0,3.5,156.0,False,3.4595327377319336,98.39724731445312,CR,1.8625532890089256,5.60144687072634,41.10944543914165,22.33792227905529,32.020734506813575,42.74997501473921,3.0577292513339493,17.83301944684433,32.60830964235471,-82.81867328804312,-84.73586396401208,-86.6530546399811,140.67008269556618,170.9712398588217,1.9929829491136064,29.0,7.339076204396988,0.8436850802644004,105.73350762235772,3.770307266037551,85.53694434315582,20.21142806845887,-6.548155462464948,29.60147622490764,86.04743628419388,39.10141854193356
8332-3704,1-251198,2336,0,0.0427671,9.782621663362733,0.529183,57.59,2.72026,1.66615,True,0,121.7605972290039,59.9976122872161,0.5903120335668895,99,80,304.0,8.0,136.0,0.5,168.0,False,1.8284268379211424,114.9441375732422,CR,1.605802212430667,4.646562799589592,19.14042974157312,,,,35.487306717373684,-0.8811038740941526,-37.24951446556199,-1.8682138365242469,-18.07942957670809,-34.29064531689193,91.88603512692102,186.35239363670777,2.0604868261097176,15.0,4.119266340974387,0.6967776203966005,52.46195411958575,25.889251710062837,45.630633250773926,41.372510528152695,12.165967858473534,22.77179819666428,19.391001896889893,31.923049423157398
8334-3703,1-261224,1168,2,0.0250682,9.794006779788786,0.456411,99.3748,4.74091,3.4938,True,0,72.89900207519531,65.24638469239271,0.3534243354528714,161,53,84.0,5.5,272.0,7.5,172.0,False,3.345247268676758,87.4533462524414,CR,1.6755529661918729,7.55805776829663,25.33713747592896,6.862731484054647,51.15800492748396,80.67295874669634,-20.271835653652644,-18.75130703092537,-17.230778408198084,-85.9708666865475,-96.6996303197371,-107.4283939529267,103.6659671405535,143.86664384845687,1.9417764316668025,45.0,3.3523344558451598,0.7349543594586088,71.01611196687787,22.224818527857273,38.322782409288884,9.808880189438662,30.036171015304753,32.98235832023239,98.01120263991889,41.47349365859693
8444-3701,1-419257,1040,0,0.0231736,9.994122622623689,0.536161,75.0134,5.27503,1.82791,True,0,67.5434799194336,59.487907045945306,0.3274600313468862,191,181,99.0,6.0,285.0,1.5,174.0,False,2.0770819187164307,118.00371551513672,CR,1.7273614891557654,2.446336609089462,11.276603484014164,130.51614624116058,95.67839671575231,26.94574119576036,81.07937444386886,18.83334461994601,-43.41268520397684,16.865022416694988,-7.185670966596851,-31.236364349888703,60.44769974024681,168.63644617979995,2.0718956819020358,5.0,4.6095878392677,0.60056263770853,34.5657867568287,1.9545177155099758,37.66072608375329,4.055069384489254,-7.54848063556663,26.348160316462206,8.497243286778652,36.38515985347917
8446-1902,1-418253,1552,0,0.0266073,10.182503100253506,0.725481,53.6168,3.64385,4.87074,True,0,77.23155212402344,44.62263183964132,0.374429130830508,99,91,299.0,4.0,108.0,2.5,169.0,False,-2.3353819847106934,148.55287170410156,CR,1.3643635883767469,5.727734825774566,13.930340083026598,57.70905200400605,55.60546221444945,-20.39189798126861,60.60184091992183,5.808067933499724,-48.985705052922384,-4.388864469426006,-56.602144461577616,-108.81542445372924,112.40865060117552,203.47607568983008,2.1718810516508933,3.0,2.4320853717495186,0.3276440037771483,67.68575071080015,3.643792330014096,49.290173294492035,6.6049946340019074,5.476796050879657,16.99292640176468,57.91371678175942,25.33980960034774
8465-12704,1-576537,2336,0,0.0558079,10.33697177927909,0.34077,93.2834,5.29701,2.04436,True,0,156.4520263671875,73.64454684782132,0.7585008282012236,239,228,266.0,5.0,92.0,2.0,174.0,False,2.5390396118164062,124.79595184326172,CR,4.017786471990164,5.268530146845987,11.369625165418997,-11.08125555642778,-47.089940256726486,-94.15224102129392,-23.95310396833469,-41.52021579632122,-59.08732762430773,-22.75224886975408,-32.15931800090797,-41.566387132061855,171.5536361202642,222.09210130081652,2.0962004978412154,35.0,2.158026024056337,0.5621813031161473,72.78854887848863,1.531619036078732,71.00960053315865,5.403018777031341,52.805079780700595,47.3254825309764,33.470890321089776,64.22367766211825
8546-3704,1-91923,2080,0,0.0444204,9.92571834329714,0.748684,50.8059,3.12579,5.57885,True,0,126.2191925048828,42.57829600038772,0.6119279134496539,171,80,136.0,5.0,310.0,5.0,174.0,False,-0.6544746160507202,83.64485168457031,CR,1.9127581525817936,5.278746024725324,11.971505957408423,,,,-17.385378105659377,-17.004584933038032,-16.62379176041669,-13.75827925591102,-6.515946040881966,0.7263871741470834,141.5677950186656,176.86883254479827,1.922439215426449,2.0,2.267869282086053,0.2657066414856783,63.36511745695523,7.968577399882179,63.47844929964471,5.91311682329736,28.289448917417413,29.999471784429243,7.827518361063768,39.801648990776016
8554-3701,1-419380,1168,0,0.0235125,9.656898942807697,0.684283,71.0088,4.84438,2.66647,True,0,68.50326538085938,48.09502231776834,0.3321132025731787,190,152,111.0,4.5,285.0,5.0,174.0,False,1.9977260828018188,63.93941879272461,CR,1.6088825562814555,5.826474615985516,8.221445265122446,-3.3280060729491265,-30.41565544617437,-59.82913855544513,-37.97225873746287,-45.25066524648532,-48.12979071777705,-48.317147073655065,-48.89715911574396,-49.47717115783285,98.1579872687699,119.77161981011142,1.8057686842306369,10.0,1.4110497010604128,0.3278131885426503,46.256651051365864,7.889486482032838,47.51156134636466,9.270944365661967,56.5355292308647,33.62045209894762,50.20873143592576,41.648103959838025
8562-3704,1-92908,1040,0,0.0473438,10.707342750626136,0.804927,87.9134,4.37835,6.0,True,1,134.0596923828125,37.27272450123256,0.6499397295252335,166,89,183.0,6.999999999999997,356.0,2.500000000000004,173.0,False,-1.2437061071395874,216.4429168701172,CR,2.845663614766806,9.579290142364057,57.18250009342883,683.3981082429617,1371.088119978819,1957.150680164664,173.827022340901,96.63069192055656,19.434361500211995,92.18689869423837,8.315221484776561,-75.55645572468526,125.63494092914938,277.884556867346,2.335343378023714,5.0,5.969388048968404,0.6436181932640856,114.89732225833356,34.74987416778723,74.33226385727801,18.430436056254127,-85.34582793617717,30.62444880985002,-7.003649164594759,46.9593753591753
8600-1902,1-210611,1168,0,0.0269555,9.980797563041955,0.696531,136.154,2.91409,3.1558,True,0,78.2094955444336,47.08146270522278,0.379170334326167,107,92,41.0,5.5,219.0,3.0,178.0,False,-0.5376401245594025,111.60894775390624,CR,1.10493647955654,3.7768993015480823,11.129966062161904,,,,82.96225338963245,43.91687682338804,4.871500257143606,28.843638635413928,1.840321615836044,-25.16299540374183,74.10345562137498,152.11674860335455,2.04769901363716,1.0,2.94685274177152,0.2994924457034938,44.377455605119025,3.628289806630114,28.389743948185725,6.37456826024605,-32.63201283900865,25.535725062292116,-0.5287492956542421,31.22775557038208
8619-6104,1-114124,2080,0,0.0772846,10.700504692004628,0.684858,34.3697,6.03248,4.88053,True,0,211.27484130859372,48.047765090200585,1.024289335406524,321,93,302.0,2.5,93.0,2.0,151.0,False,-0.6709116101264954,159.91917419433594,CR,6.179004930053146,6.817618317730277,10.524815989173431,-8.57956664736845,-141.1314404436257,-401.4910779701922,-78.20555311671409,-285.82226579677945,-478.632891406742,,,,45.63542835009462,190.91298446917824,2.2039005384651817,90.0,1.5437672657329629,0.5399748190116462,40.73564696876086,33.31237458328601,80.25705625409746,,297.10712978115885,66.40234838569742,,85.64544719489761
8622-3704,1-118383,2080,0,0.0402731,9.734989342179276,0.616459,175.442,2.83003,5.71928,True,0,115.00112915039062,53.47752774703645,0.5575412075515405,142,79,349.0,12.000000000000004,191.0,5.5,158.0,False,-1.057821273803711,85.5062026977539,CR,1.577858343607086,6.116371074916332,8.276295341275436,,,,-6.481557141838563,-8.097588658294363,-9.713620174750178,10.973337864125297,19.03683701419805,27.100336164270757,53.59468045277233,122.32182624048154,1.9319976199878195,3.0,1.3531381990895068,0.1706995593327038,75.10680884293467,0.8578895803667455,73.13624821226188,3.994258052674959,19.382452642673744,33.49470971758874,-17.725264694016246,41.421507282271094
8623-3702,1-178790,4224,0,0.026936,9.719140619695214,0.500055,50.7426,3.88122,2.21019,True,0,78.15474700927734,62.11046290836519,0.3789049059375224,122,72,129.0,5.0,319.0,8.0,170.0,False,2.668424367904663,74.70596313476562,CR,1.4706132990228309,6.31497527774301,10.102675072338736,27.967259035702185,9.400264610355997,-2.929314590971047,8.44264243820932,6.1455278412180325,3.8484132442267343,-8.529887114793905,-7.759512839010829,-6.9891385632277645,79.04986636559812,116.20027290232552,1.8733552691937363,5.0,1.59979645651906,0.2686181932640856,59.77649058029154,9.630372304772212,55.339269058116905,8.005021684569328,5.139336143161349,32.45118622147532,9.07108515919263,39.850166343962535
8624-3701,1-595204,1024,0,0.0285298,10.624479082617682,0.488997,62.3859,4.56362,2.60427,True,0,82.62071990966797,62.907524901501226,0.4005565535532605,182,180,308.0,1.5,146.0,5.0,162.0,False,-0.0613501258194446,162.9783935546875,CR,1.8279878989267309,8.579696013998085,40.68067775252086,24.241195670286835,47.36428876659071,91.47325572480511,-52.16742759420679,-26.728757390845512,-1.2900871874842446,-69.56510775656402,-46.14935528698464,-22.73360281740522,189.10033177481748,255.6114922315132,2.212130032735577,23.0,4.741505723063948,0.7711323575700346,156.3554441760536,20.732870252619303,148.77488677852884,6.64041243190058,38.01362137522489,22.156242310011734,47.46092760716644,33.07970790351163
8652-3701,1-26390,4096,8,0.0631259,10.831748231572613,0.763952,116.032,4.95816,3.68261,True,1,175.44932556152344,41.1915947785098,0.8506023337366758,166,70,252.0,1.5,60.0,1.5,168.0,False,-0.7528769969940186,235.93331909179688,CR,4.217422467039837,8.990243088020044,66.47622219451061,-22.109590611216827,4.023109824492996,8.85928668838671,99.81970642965858,94.4949247654976,89.17014310133652,,,,395.3895595585972,459.8228824067066,2.3727892773667127,178.0,7.394263040906375,0.9555555555555556,153.78014853866642,9.116580674482865,70.27037082275054,,-83.21006078111822,,,
8652-3703,1-26587,1040,8,0.0426293,10.813083700297454,0.65888,168.688,4.55039,4.45641,True,0,121.38818359375,50.15315938039612,0.5885065213128612,194,73,189.0,2.5,3.0,3.0,174.0,False,-1.8616293668746948,205.7072906494141,CR,2.6779341895168307,8.360579707685824,43.42447392436215,19.616526834510832,22.67445402774409,-56.15522815912046,104.89274114121932,38.64780360585436,-27.59713392951063,117.86236901471658,51.89845764772246,-14.065453719271646,176.5691522044867,283.9672756800512,2.313249684172604,22.0,5.1939548981803645,0.7813975448536356,71.07853777768608,34.44292056590523,0.0,72.82742531070842,-27.362939621474975,29.079344064718754,-50.58688532754066,44.52355925428934
8652-6102,1-26197,2208,8,0.0636583,10.60876771644734,0.699415,50.4025,4.06462,4.63313,True,0,176.81846618652344,46.84061923992572,0.8572401148003045,250,138,139.0,15.5,312.0,1.0,173.0,False,-0.7710668444633484,195.24729919433597,CR,3.4843553154196134,5.904481962004302,12.107450941270557,216.40398813424645,190.1383955851128,65.13236407212136,190.1540022944776,86.43515062919514,-17.2837010360873,128.58980728742978,60.10179978931881,-8.386207708792123,47.29545063999791,236.2747629024131,2.290585035107038,3.0,2.05055261734776,0.2651440037771483,43.68405157676331,2.4162184882942213,28.61588319000501,10.03138573950704,-75.15028664481575,39.63105443053519,-58.79022746913701,56.301335883202135
8656-6101,1-600853,4160,0,0.0194424,10.030672570475328,0.652279,31.5944,6.44794,5.34507,True,0,56.92407989501953,50.67909282641551,0.2759757271767775,306,306,325.0,3.0,154.0,1.5,171.0,False,1.379830002784729,105.5754852294922,CR,1.7794749302922306,3.295315821433808,15.537128995129727,92.33139976849132,35.13883050241623,-7.376154172902436,30.30406007153245,17.68322666125072,9.09828302701908,-4.689299004789536,3.3687829496043835,11.426864903998316,117.58758858795916,162.90527187644983,2.0235630861377376,5.0,4.714913482365234,0.6047293043751967,49.68003863992668,13.818661978683156,74.35848884725173,4.085364988505901,-6.39836267687134,30.548761661381388,-2.0572106294225816,39.245567923281136
8711-1902,1-379008,1168,0,0.0231706,9.348039921041762,0.577731,149.144,2.59109,2.00994,True,0,67.53497314453125,56.41420649451808,0.3274187893383385,83,73,27.0,10.0,208.0,3.5,179.0,False,0.8150864839553833,83.56678009033203,CR,0.8483715508666755,3.938472234909301,12.035044934530193,,,,59.765232145256775,35.924922488412285,12.084612831567751,47.3771724536179,28.55900936021441,9.74084626681092,58.86921649611753,110.50578845823884,1.922033668698928,3.0,3.055764828771821,0.3998662259993705,50.004528099575055,2.3173245628548176,47.86404098526444,3.163707657931116,-24.640058504032904,25.13300771572488,-27.247437040032608,30.529196830718547
8715-3703,1-379124,2080,0,0.0545403,10.36406108258761,0.812346,83.2462,2.94652,4.06068,True,0,153.12741088867188,36.52698191916535,0.7423826375170945,181,58,280.0,5.5,125.0,8.5,155.0,False,-0.549690306186676,162.47837829589844,CR,2.1874452890968694,8.729581065697083,16.7143147755396,57.90848921150263,65.82280489135204,-13.341983781001096,79.8452656252826,19.1166914288896,-41.61188276750336,25.961500927848167,-18.58473953920156,-63.13098000625124,85.66359478228081,200.31942775866335,2.210795575705358,23.0,1.9146754752319732,0.4836323575700346,96.82663504323016,1.5643734428539715,77.76674101765155,75.01700890793887,-7.831827444510218,27.097523211152787,19.896311859383363,39.99092586508297
8937-1902,1-201392,1040,0,0.0226821,9.996942688106223,0.588133,157.066,2.92907,2.51036,True,1,66.15010833740234,55.63328148617932,0.3207047752885064,95,76,198.0,3.0,22.0,10.0,176.0,False,-0.6324552297592163,116.24015045166016,CR,0.9393667361543052,5.085400409200642,15.93069939720851,,,,62.05196106808666,98.71508441969024,135.3782077712938,-66.068888921212,-67.14341081009175,-68.21793269897148,117.31924555155572,180.27380139182225,2.065356163405274,4.0,3.132634230411093,0.4478320742839157,130.2108972006415,8.772136242403748,95.17292433493546,14.065152575631751,-87.43022043531086,16.8792845103378,68.45498313027355,22.036751133489496
8938-6102,1-146344,2336,0,0.0452691,9.82269689017419,0.521897,25.1316,2.71978,3.33592,True,0,128.50106811523438,60.52822491045072,0.62299075859454,163,91,150.0,10.0,318.0,11.0,168.0,False,3.1349446773529053,65.01378631591797,CR,1.694397805410258,3.9050550653036407,4.975064352768197,,,,14.651351817614026,3.60951481382449,-7.432322189965078,-21.397281321272363,-35.32222601560419,-49.24717070993601,59.06515267315056,96.19566870959652,1.8130054595054987,13.0,1.2740061969859462,0.3486268492288322,56.625572608433814,7.497863896468438,46.272891510176905,8.837271876062605,7.675349170554892,33.85700763531314,36.63379833578599,41.36562782280694
8946-6102,1-279532,1168,0,0.0247756,10.00850649029981,0.522688,167.899,5.82981,2.00745,True,0,72.0735092163086,60.470694003281466,0.3494222331364063,307,189,192.0,2.0,12.0,1.5,180.0,False,1.8729944229125977,86.82965087890625,CR,2.037065228960953,5.296733875073105,13.923411502760215,59.4930162474799,33.29918561059332,11.109779366303483,16.418962529957057,12.398710547878292,9.102284318709634,-23.39279544103092,-22.903826333398364,-22.41485722576582,166.91611572231267,191.18631485206623,1.9386680548327755,4.0,2.6286786973166643,0.3950542965061379,51.29202236125367,2.026630077234007,54.72445304609275,6.062501128156332,-1.1138465634989103,27.450923430881307,24.215398653580166,37.72276556972748
8980-1902,1-236099,1552,0,0.0204592,9.618199811654703,0.721158,3.20493,2.78822,3.70974,True,0,59.827545166015625,44.99589016393341,0.2900521240368306,93,51,179.0,4.500000000000006,5.0,3.000000000000008,174.0,False,3.8628275394439697,72.72612762451172,CR,0.8087291332819718,6.208981989743273,22.880297746829,,,,-6.170736737453104,-13.808875059220846,-21.447013380988587,-109.42027053022116,-118.52583438967864,-127.63139824913613,88.05116176557402,122.62138826166924,1.8616904637424927,2.0,3.68503206880377,0.4295955303745672,52.23745382143754,4.574196582242541,41.174471461309906,38.341719249103555,25.093739043600227,24.689539069400457,119.83740670986043,29.623907739237172
8981-1902,1-404060,1168,0,0.0223856,9.077244322745347,0.538724,72.4969,3.07009,2.2675,True,0,65.30874633789062,59.30029638366541,0.3166257372072168,91,64,289.0,11.5,93.0,11.5,164.0,False,3.5787911415100098,54.85663986206055,CR,0.9720695095425044,4.686956462703403,3.941421526985797,,,,-49.53856017252395,-70.23135982861363,-90.92415948470332,-60.2521439241551,-72.88083665222644,-85.50952938029779,59.48765277250687,85.3437825689431,1.739229202210224,3.0,0.8409341026207043,0.1470884482215927,30.534597819264384,1.5994434471932009,33.738041643771965,0.4594041328376484,81.51622381299302,27.382894637532594,74.19240897240823,32.082887236312246
8989-12701,1-174952,2208,0,0.1138,10.922784086385166,0.472851,87.5086,9.67466,6.0,True,0,298.2956237792969,64.06780545959899,1.4461779942330617,280,192,129.0,4.0,302.0,0.5,173.0,False,2.700109004974365,165.74769592285156,CR,13.99128039368683,5.673683534033671,41.4604327309108,80.64290245106784,67.7684944082108,36.310563921341206,94.17284174803736,62.67406417819143,31.17528660834551,,,,194.2206364338629,248.6039178448496,2.2194474999428957,12.0,7.307498291402721,0.761587189172175,58.69089854379541,130.69630276464733,68.65648361864704,,-51.389200193812044,104.86606856981139,,127.34283926917873
8991-6103,1-188177,1040,0,0.0272949,9.977218158219188,0.735691,101.939,5.4371,6.0,True,0,79.16192626953125,43.73184229089192,0.3837878487845312,305,234,66.0,7.5,265.0,2.0,161.0,False,-0.5331332683563232,123.2807159423828,CR,2.086692912626375,3.911262969395634,8.56380224089973,75.85745667264136,85.32906783907882,38.58614131545774,126.01639688635254,71.30178690837344,3.1856317673572203,113.6419445448102,35.49485625399797,-42.65223203681426,65.50587577261904,137.4467188518775,2.0908951478463407,1.0,2.1895235139924645,0.2008813345923827,31.625484687801666,1.8211541491458194,25.837119223211264,0.12151858770200531,-60.01692292399406,38.12123161701829,-34.18328393381617,47.30013942989838
8997-3704,1-149557,1168,0,0.0145049,9.026888562421457,0.839778,58.0673,2.89231,2.25044,True,0,42.72255706787109,33.65050532861295,0.2071248015848681,188,105,134.0,10.5,285.0,12.5,151.0,False,1.2895156145095823,51.98727798461914,CR,0.5990691348719299,6.184953207156599,4.252857767991574,-32.55106360450254,-76.75980300231993,-122.92215645915442,-73.29995624379625,-102.86602384976756,-115.64439631636276,-102.90729235838867,-99.9663511256382,-94.36644666939203,52.87674340862017,82.18606957884218,1.7158970786913703,31.0,0.6876135720914751,0.3993232609379918,41.97032145098047,1.4640944431063811,51.31327472722771,5.9207322754221785,114.15088783414694,21.87660861689399,101.27792344582,26.031371400032867
9025-3701,1-272473,2080,0,0.0444465,9.972771955950364,0.438096,155.876,4.58687,1.91562,True,1,126.2894287109375,66.55821456708169,0.6122684281856993,126,175,42.0,7.0,205.0,1.5,163.0,False,1.4273386001586914,130.6435546875,CR,2.8083956851921386,6.167739467031243,29.82458321284822,83.67145294525407,57.32659304756432,10.948997608945454,59.45786975327314,23.959834855129003,-11.538200043015117,58.13864378078936,38.92914996309074,19.71965614539206,139.1491904434833,210.1423387224911,2.116087988631272,10.0,4.835577665410676,0.6903131885426503,63.381399610579294,24.24504683090922,75.58583171623505,27.692080307203447,-12.674970870749622,32.361634396910745,-37.617577642908934,49.12109580652731
9026-3704,1-94690,4672,0,0.0314593,9.90640562239346,0.52005,58.5504,3.93232,2.53215,True,0,90.78463745117188,60.66249232175201,0.4401363427089728,157,140,294.0,12.0,118.0,2.0,176.0,False,2.3804736137390137,111.11012268066406,CR,1.730756943161348,3.49797061983848,16.47385958780951,,,,106.64578186890238,55.45342004643443,4.480619103203376,62.91339887972231,22.223481085543515,-18.466436708635296,56.23582655984725,133.13185755936448,2.0457536271144905,1.0,4.709547728725691,0.4411591123701605,44.511378188920844,7.003499286863186,47.9765454327579,9.467857398445405,-44.168556062055046,34.17939506038083,-20.911908765361712,42.868446126818846
9039-1902,1-263219,2080,0,0.0616178,10.533759352099317,0.672816,165.491,2.1218,5.90852,True,0,171.5615234375,49.03107388813181,0.831753737144943,83,78,13.0,3.0,165.0,3.5,152.0,False,-2.187065362930298,273.5128479003906,CR,1.7648150794741402,7.452139862880213,10.021122960257166,,,,-152.99555595636284,-248.6930714600644,-344.39058696376577,-250.7761351164873,-310.9995902933396,-371.22304547019183,232.4501858009031,426.1158169587797,2.436977731551316,11.0,1.3447309289206033,0.332908404154863,165.973389788115,15.739542782472794,106.77545782674494,7.545181873983418,259.9779354444438,,312.31116261352145,
9039-9102,1-593805,1040,0,0.0317065,10.61254863845982,0.754036,106.753,7.0015,5.07326,True,0,91.47088623046876,42.09620459487594,0.4434633706774512,470,107,262.0,1.0,102.0,0.5,160.0,False,0.2496446520090103,168.94427490234375,CR,3.104908789798175,3.2343061014999788,133.2977081459535,-179.4504911621529,-299.4897376113165,-410.2144595645713,1429.8903819158384,1426.2191385823244,1422.5478952488104,,,,255.2281288269979,298.7620172129857,2.227743479209769,13.0,41.21369590965241,0.8222379603399433,50.29570195118183,425.59619639747217,41.247704278859715,,-1414.934274597945,37.724335441221896,,51.112783504026545
9040-1901,1-296799,4096,0,0.0309552,9.376314111122856,0.699587,121.793,2.53536,6.0,True,0,89.38392639160156,46.82622833217821,0.4333455038593615,100,90,249.0,17.0,96.0,12.0,153.0,False,-0.3329921662807464,50.99934387207031,CR,1.0986868566648709,4.787917781615238,4.10489902173204,,,,-8.401799895889699,25.679058721282868,37.44144342176943,-3.320618703531217,14.013633960940837,12.74031446436375,41.98351716854496,42.68647083637732,1.7075645887533817,33.0,0.8573453448791728,0.4147662889518413,52.91745514031891,12.276058918635375,56.818230826939896,7.389652262695899,-14.394194736903486,27.08618418092383,-12.702061640759034,32.743470094606984
9046-12703,1-296301,2048,0,0.0994905,10.900435954780733,0.818004,115.252,11.7206,6.0,True,0,265.08746337890625,35.94963218702898,1.2851802893671689,304,129,102.0,0.5,264.0,0.5,162.0,False,-1.350777268409729,209.22740173339844,CR,15.063084099556836,4.829029792124163,180.08195239798303,223.13247207508556,160.56356070016147,96.71154836421532,1646.642302148995,1634.38318799795,1623.877598781506,-237.3561296876429,-247.76995315888004,-258.1837766301172,188.3202861301837,353.84753381877186,2.3206185618505835,3.0,37.29153891153977,0.6345884482215927,126.26111017861162,958.011685951349,40.25289594095744,390.25217150452846,-1623.0983240135706,106.51868960798217,249.08152547906184,134.75596719251337
9087-3702,1-317979,2080,0,0.037064,9.498481480516563,0.64236,64.3023,3.00608,2.69124,True,0,106.24352264404295,51.46307752989709,0.5150831330710282,121,52,125.0,11.0,306.0,10.5,179.0,False,1.264177680015564,60.92662048339844,CR,1.5483811046621565,6.54708078197868,11.943038296650004,,,,37.24603441720173,22.67411587319534,8.10219732918897,14.512548740600357,-0.1598616309876853,-14.83227200257574,63.7419110386839,89.92369122424346,1.7848070890695436,31.0,1.8241776288333105,0.4909899276046585,40.33049590155326,0.751597070978413,28.27567170267697,2.1961148043951066,-11.38925188881596,32.75081345530658,1.4714339511694872,39.63273714184081
9095-3703,1-318434,1152,0,0.0319131,10.253437358211718,0.806617,52.8568,4.25813,5.81156,True,0,92.04411315917967,37.1039407140698,0.4462424532516458,194,101,305.0,3.5,136.0,2.5,169.0,False,-2.228357076644897,168.67723083496094,CR,1.9001583774644308,8.010838001013344,17.781624215999983,122.5387750326556,100.90113175214488,53.175646920878926,69.48494972276144,30.19981154224532,-9.085326638270796,64.49282752000589,34.7294767040657,4.966125888125497,179.99809462819857,257.80581813176366,2.227056462612166,22.0,2.219695893706834,0.5300086559647467,43.392498768098974,32.49899277507001,50.61243234003069,4.600189602161162,-18.91494755786594,24.204847970562827,-33.4179043838839,34.9167517493042
9196-1901,1-24547,4288,0,0.0300519,10.169665618790413,0.570124,109.473,3.1957,3.62058,True,0,86.86972045898438,56.98203874932611,0.4211562895267658,93,67,249.0,3.0,47.0,10.0,158.0,False,-0.9468048214912416,161.40773010253906,CR,1.3458891544406857,8.851537561748632,13.405336109219546,,,,-45.40751770357111,-95.9539110656597,-146.50030442774826,-83.32927281996682,-119.00909732469886,-154.68892182943085,146.128406155798,232.78928548408604,2.207924330017317,31.0,1.5144641273567965,0.4396010387157696,90.29628257731002,13.63702562956488,87.33102096982228,2.944411724539223,107.23877505003908,17.18865361435535,120.32066964488065,24.57547599937894
9495-6101,1-298482,1168,0,0.0155937,9.247916828948654,0.638762,174.125,6.16673,1.68447,True,0,45.86890411376953,51.74566259017419,0.2223787225185694,290,85,358.0,8.000000000000007,160.0,10.0,162.0,False,2.0356380939483643,33.65694808959961,CR,1.3713495395169375,6.141060670637555,15.13512834263094,26.452657259476997,9.093078580721665,6.534763971569863,11.040948902094035,0.1954412334447338,15.923278181512751,,,,51.90599328092243,81.6118724303026,1.5270747329132086,121.0,2.4645788658296444,0.6900574441296821,59.60088518812071,3.986297704044836,,,11.089422750934647,31.226318560329503,,37.46064492691925
9502-3701,1-556703,4160,0,0.0184405,9.897411539786017,0.658912,153.225,4.54851,3.80801,True,0,54.05613327026367,50.1506013301568,0.2620715295730419,191,118,30.0,3.5,205.0,4.5,175.0,False,-0.8034688234329224,109.00879669189452,CR,1.1920349729782769,8.068582975614046,19.914110008025084,41.71693226432157,59.66901814527515,50.87978208452924,-39.830227462589626,-68.62149473003439,-97.41276199747912,-75.75249537075489,-97.80828228079298,-119.86406919083107,121.21143753827842,179.48726229250926,2.0374615456525405,10.0,2.468105002850213,0.4930909663204281,62.735250656796,2.0816139896334103,44.58555367109937,11.404606844732092,79.90635871441377,20.072614189120976,99.11985460097478,29.020753207467166
9506-1902,1-386154,4288,0,0.0271732,9.612486104064995,0.752072,142.56,3.01198,3.60625,True,0,78.82049560546875,42.273603064131045,0.382132546213653,99,75,23.0,7.5,205.0,7.0,178.0,False,1.585161209106445,73.97198486328125,CR,1.1509755865445987,5.336698535552446,9.807813127235493,2.0491438977057475,-45.67851539121312,-140.72167008150035,19.978714277828995,-4.749261300616534,-29.47723687906208,-2.702503875991394,-13.945883746686471,-25.18926361738155,53.8814400523784,107.42243906671814,1.869067272123636,3.0,1.8378053513604,0.2345884482215927,42.11420609540188,5.325829512145926,38.04611131873643,11.476428685239425,16.034125284995916,29.125484580943695,15.257456066868272,34.45798112179657
9513-1901,1-42626,1040,0,0.0207535,9.823972794656555,0.744576,30.6438,2.78476,3.45012,True,0,60.66658020019531,42.9455334095348,0.2941198806718357,96,82,149.0,5.5,339.0,5.5,170.0,False,-0.8215956687927246,107.94764709472656,CR,0.8190532788997013,6.129220182383156,8.060774447025754,,,,11.967076428714286,-15.134935597964278,-42.23694762464288,-11.27440744502542,-30.38486666637845,-49.49532588773148,75.84986969815154,146.8079637094216,2.03321318057564,0.0,1.3151386648165042,0.0411787850173119,76.26060699799027,3.986475951199857,63.67252469691344,2.0140704938291063,26.419799582343657,21.767432539075486,31.696438986560253,28.670150609104258
9513-6104,1-42583,1040,0,0.0323373,10.397195859345285,0.726547,60.608,6.05029,5.412,True,0,93.22018432617188,44.530240502238,0.4519442071688085,320,143,297.0,3.5,104.0,3.0,167.0,False,-1.857083082199097,169.93991088867188,CR,2.7343935171913705,8.13392119644972,17.159690363292817,92.59016648172978,93.68695728856105,51.96575395156046,109.82346741494511,65.25012560628772,20.67678379763033,78.08091565849031,28.532399148881343,-21.016117360727637,157.60235849859626,239.23060477689208,2.23029538618627,43.0,2.1096455139966994,0.5765659427132515,83.15909103755016,6.242339113252401,68.0530946835884,54.65399180946856,-53.96526162190834,32.532598690093195,-27.22082682869954,46.00093474956055
9514-12702,1-42078,2080,0,0.0995751,10.850138751445124,0.529843,158.151,5.21664,1.48693,True,1,265.287109375,59.94946852374414,1.2861482004700184,130,239,329.0,14.0,124.0,0.5,155.0,False,1.2245310544967651,158.54922485351562,CR,6.7093721484999165,7.340816021737875,63.26285430825136,-16.236436920537358,-149.77913919213398,-284.778079409469,-85.95149349821975,-97.14015458099048,-108.32881566376123,-200.9529731395967,-201.9440320659104,-202.9350909922241,87.06250000099227,216.3351954584621,2.200164123104427,175.0,8.617959382296906,0.9694169027384324,140.84552399052114,21.96793199307341,125.08561702974214,3.484269190584191,108.42501856536987,68.93243630624465,203.2556043860922,88.30743549577677
9866-3701,1-271717,2080,0,0.0493778,10.143058539941675,0.716497,28.0314,2.93538,3.77822,True,0,139.48239135742188,45.39583386240421,0.6762297160395263,158,90,329.0,3.0,151.0,2.0,178.0,False,-0.5538973212242126,111.4303741455078,CR,1.9849911838681047,5.239728458864272,11.18100349016068,,,,34.786484905768454,15.241176875675432,-4.304131154417605,10.875769375848334,2.7805246128894234,-5.314720150069514,120.48538027403671,184.428348387895,2.0470035887349343,8.0,2.133889871954204,0.4113589864652187,54.24400732315745,12.195621910032463,49.23849907808137,17.502077598227963,-3.956312891296051,29.076749753855726,-1.4689522927076215,38.435985833771156
9881-3703,1-458301,1168,0,0.0264207,10.037386652582375,0.724021,120.628,3.97837,3.17501,True,0,76.70713806152344,44.74894527556538,0.3718866997098457,189,137,55.0,2.5,248.0,3.0,167.0,False,0.6418703198432922,107.89625549316406,CR,1.479502889524659,7.22858008686512,9.185356705106008,28.55567143989637,-15.373605643826606,-55.139668515777785,-8.795860235132949,-20.024102146792128,-31.25234405845132,-22.940141855756973,-26.62294925958154,-30.3057566634061,152.7221584642189,197.5288106388527,2.033006372886111,20.0,1.2706999984404266,0.3791076487252124,56.57021569392987,26.805244009039424,53.74657356915918,11.697742917258086,31.30896613117151,19.5705324569591,27.93452157976334,27.864959332350058
9893-3703,1-326103,1040,0,0.0375402,10.707739603048942,0.630998,64.9333,4.4911,3.25621,True,0,107.54735565185548,52.35232687313683,0.521404293871725,198,68,295.0,1.5,120.0,5.0,175.0,False,-0.6050224900245667,270.7311706542969,CR,2.341678824207305,9.836814135125614,48.12150406903711,25.599443302873595,2.36818988856258,-58.52605006810021,-132.0846640361983,-185.65376107612573,-239.2228581160532,-304.53356173182686,-341.8679162936951,-379.20227085556337,204.88128550477205,367.58120823861776,2.4325382611780526,35.0,4.891980615675484,0.8177368586717029,188.72472535138894,12.228276429120083,166.60237096135862,13.362014831409144,196.9386250605051,,343.1794886138769,
