GalaxyID,N,clean,RT_additive_omega,RT_additive_Rt,RT_additive_chi2,RT_additive_BIC,Flow_A_omega,Flow_A_Rt,Flow_A_chi2,Flow_A_BIC,tour_RT_BIC,tour_NFW_BIC,tour_MondFree_BIC
CamB,9,False,1.113497362390463,8.949999999999998,40.9294591724962,45.32390832716864,1.1203884866968021,8.949999999999733,41.391929678683326,45.78637883335576,45.323908,47.177399,337.435036
D512-2,4,True,20.785482942423812,1.4275263878286764,0.1982861399592209,2.970874862199002,21.313009240233615,2.0713533657077683,0.23551496727520668,3.008103689514988,2.970875,3.399306,1.681473
D564-8,6,False,8.022626329453088,6.467550975378478,0.6988873856390478,4.282406324095158,8.023840783437358,9.693523963714451,0.720269673013953,4.303788611470063,4.282406,7.383651,10.794635
D631-7,16,False,6.801220138999979,35.949999999999974,44.43331095477179,49.978488399251354,7.168423739156052,35.949999999999996,49.925937169439656,55.47111461391922,49.978488,91.950549,210.378596
DDO064,14,True,25.713960192886233,1.5062919746339807,3.7810980764152102,9.059212735645726,25.23196506590817,2.3957742374371196,3.8241459246405434,9.102260583871061,9.059213,11.907687,6.344618
DDO154,12,True,15.52470450207121,3.2501035469590858,33.808446385290814,38.77825968486682,16.19489687341994,4.4713631901985105,43.52561859074856,48.49543189032456,38.77826,122.681894,109.406999
DDO161,31,False,4.745680693842887,18.75512741149601,13.206665416638696,20.07463982560899,4.762490948808735,28.31000368835116,13.386791262567188,20.25476567153748,20.07464,40.18705,102.023727
DDO168,10,False,9.783938001841713,20.599999999999998,51.98715731579183,56.59232750177993,10.338681898011357,20.599999999999998,54.061176623688034,58.66634680967613,56.592328,90.47254,134.051157
DDO170,8,True,14.008866120210502,2.912399519674457,16.23870027697593,20.397583360335602,15.03628231628527,4.0139224663307935,13.712377870342674,17.871260953702347,20.397583,17.128209,34.655882
ESO079-G014,15,True,13.729911145015732,9.303246493099337,29.5259854469812,34.94208584918562,13.673928848018983,14.602598520360768,29.446754181679776,34.86285458388419,34.942086,54.911497,48.104785
ESO116-G012,15,True,19.399322570972974,5.229063900056784,15.65238709167119,21.06848749387561,19.672636274011253,7.713565633339856,16.99954700506383,22.415647407268253,21.068487,35.814578,38.507494
ESO444-G084,7,True,34.386279386550605,2.0137214984805554,4.3997749658583105,8.291595263968937,39.303705019851584,2.28053008916356,2.8063117309955485,6.698132029106175,8.291595,7.240847,14.483201
ESO563-G021,30,True,19.132141773395535,10.739490510775136,362.4534289135317,369.255823676856,19.21009000237377,16.49625082411973,361.95477164077596,368.75716640410025,369.255824,584.507872,511.087666
F561-1,6,False,97.4976350939094,0.1000000000000004,2.7075825535734688,6.291101492029579,70.17546018070827,0.24947263812346307,2.595547133759708,6.179066072215818,6.291101,5.276993,51.688087
F563-1,17,False,31.294771216648755,2.7804559323193074,12.437310882084898,18.10373757019733,33.8692874095712,3.4606203991012654,12.722686919313908,18.38911360742634,18.103738,21.706661,26.475519
F563-V1,6,False,46.37831438941994,0.1000000051278215,1.0160924885282998,4.59961142698441,15.833022417797798,0.5488865248065444,1.0038162341116406,4.587335172567751,4.599611,4.586598,61.344316
F563-V2,10,False,45.75946444828182,2.129321714384658,4.161679917099627,8.76685010308772,47.615731375254015,2.869156325662846,4.202038603111689,8.807208789099782,8.76685,14.465576,13.243666
F565-V2,7,True,16.527421412400887,5.179474059642346,0.8216590232047513,4.713479321315377,16.96551645671019,7.205349714692167,0.8436834362522904,4.735503734362917,4.713479,5.765474,3.576356
F567-2,5,False,32.399446195655756,0.8267323315628091,2.6986261833283685,5.9175020081965695,32.81828973845359,1.2449425214227283,2.4346694849873085,5.6535453098555095,5.917502,5.113103,6.859572
F568-1,12,False,37.65943588911553,2.910637100554309,5.034536365643309,10.004349665219308,39.39070462016801,3.906658081681352,4.716626909022398,9.686440208598398,10.00435,13.347431,19.198298
F568-3,18,True,11.75729258438657,8.990064505016289,26.399799722321745,32.180543238114076,11.764446623505291,13.53697842763008,26.63415186486556,32.41489538065789,32.180543,57.320602,49.005992
F568-V1,15,True,66.70398504750388,1.3342116889814075,3.3590086747044507,8.77510907690887,72.01423453708479,1.6640590613503141,3.0591067255528004,8.475207127757221,8.775109,8.240021,39.229751
F571-8,13,False,8.908517320672885,77.74999999999987,217.25933357087902,222.3892322858021,9.403395834103396,77.74999999999923,221.65159589420247,226.78149460912556,222.389232,216.237945,516.651349
F571-V1,7,True,13.092491873208411,5.355164959884215,0.5346697935823962,4.426490091693022,13.62423869864831,7.522174592190823,0.6224401758336157,4.514260473944242,4.42649,5.485681,2.981293
F574-1,14,True,27.624982911658186,2.594935551543562,12.114617144381912,17.392731803612428,29.01619108908737,3.578955411887891,12.142477336727419,17.420591995957935,17.392732,25.002794,36.160638
F574-2,5,False,1.955976454288807,1.2798712574670812,0.15366293825396057,3.372538763122161,1.6810605294587575,2.7208386581953987,0.1519336658960683,3.3708094907642687,3.372539,3.350953,36.400012
F579-V1,14,False,167.17629930071,0.36776322247380155,2.637078339239508,7.915192998470024,154.77935995585196,0.5893157352416353,1.9538733774835875,7.231988036714104,7.915193,7.555692,40.534654
F583-1,25,True,21.932556532549697,3.1969245560851522,26.673895005861077,33.111646655597475,22.865959379935312,4.2960503126050105,24.46250122683011,30.900252876566512,33.111647,42.395288,76.020183
F583-4,12,True,20.771847455157292,2.239907159759712,2.2779581215897657,7.2477714211657664,21.21753426084759,3.2958435084105355,2.1184143355301286,7.088227635106129,7.247771,6.486942,3.734644
IC2574,34,False,4.611157233120079,34.027723343138746,60.559218234880426,67.61193928411275,4.615673000747177,51.14999999999738,60.560544898678984,67.6132659479113,67.611939,1156.686461,678.098586
IC4202,32,True,8.374405052558643,21.42938638004564,1144.8928504680712,1151.8243222736705,8.361658149150651,33.59517934273489,1143.379537159562,1150.3110089651614,1151.824322,1212.175376,1244.851184
KK98-251,15,False,6.583832105744673,10.194432459335996,2.8366467768001176,8.252747179004537,6.573911489098528,15.641380856359515,2.837374365027321,8.25347476723174,8.252747,29.610427,34.139962
NGC0024,29,True,72.45916865882158,1.0363960729886832,16.720433415322816,23.455025075295765,84.0398479186732,1.2305977175709166,12.857390590329564,19.59198225030251,23.455025,31.877065,53.532115
NGC0055,21,False,6.227806745496907,14.783641977987099,20.92846657239891,27.017511447845756,6.203582518125744,23.004686707845195,21.024001476167836,27.11304635161468,27.017511,62.493565,66.290978
NGC0100,21,False,10.088524491798282,13.383776428201976,2.4534913672609058,8.542536242707751,10.116049750230582,20.06230122625594,2.527328112221113,8.616372987667958,8.542536,20.454005,35.463526
NGC0247,26,True,28.55844598270998,1.9408123533566648,31.673598326777547,38.18979140282051,28.15104141893008,3.0263696720601727,32.21736917605114,38.73356225209411,38.189791,50.908881,113.216816
NGC0289,28,True,11.499307556236161,8.918124315532806,40.03432275837243,46.69873177872284,12.990618640335576,11.761646545733164,42.44439723084195,49.108806251192355,46.698732,57.431846,86.673325
NGC0300,25,True,17.98143735129378,4.76458842468187,11.359848724043129,17.79760037377953,18.813323499681008,6.5284731660710165,10.792803339338958,17.230554989075358,17.7976,21.325318,25.806194
NGC0801,13,True,5.462582491870124,18.3428110554193,91.37201140119573,96.50191011611881,5.888774609294044,26.60212398260702,90.41469817121063,95.5445968861337,96.50191,89.102285,99.382715
NGC0891,18,False,4.084394219025727,85.54999999999998,364.1409301095216,369.92167362531393,4.346306326333856,85.54999999999998,378.07667230285335,383.8574158186457,369.921674,296.866497,365.878436
NGC1003,36,True,7.749303386238074,14.075644393518514,98.5989875410996,105.76602541801182,8.656822414498242,17.124451846042323,83.9031522171446,91.07019009405681,105.766025,94.464965,194.342649
NGC1090,24,True,8.058653784434677,12.20929254137503,44.67483345851565,51.03094111921154,8.228347631332339,18.685689814046228,43.915496565736234,50.271604226432125,51.030941,59.552752,64.31503
NGC1705,14,False,105.87193949051807,0.5174744794439369,2.280669156378184,7.558783815608701,182.22533576655547,0.383360207229952,0.9396699137783181,6.217784573008835,7.558784,6.638273,15.111691
NGC2366,26,False,11.832101625981585,3.8564399777525185,35.11870098402304,41.63489406006601,11.748791789190326,6.0443963637324325,35.494562396545554,42.01075547258852,41.634894,89.314595,69.856421
NGC2403,73,True,19.369394420957622,4.892790419020332,899.1481061417605,907.7290250240574,20.369292636192732,6.957083103272152,891.5845357343168,900.1654546166136,907.729025,719.471787,949.062993
NGC2683,11,True,14.720802435252176,6.280367777698399,7.026289054939938,11.822079600536679,15.432901293200185,9.243325290242907,7.552607087927433,12.348397633524176,11.82208,12.433604,21.73634
NGC2903,34,False,7.620935718223749,25.977974080003055,504.38152329104537,511.4342443402777,7.595794797862984,40.39772194096705,507.10752263310826,514.1602436823406,511.434244,463.446442,511.457365
NGC2915,30,True,39.97875271617523,1.9089507601644755,30.885419251006862,37.687814014331174,49.18719634055207,1.944523749226393,34.35789776427735,41.160292527601655,37.687814,33.592715,52.798809
NGC2955,24,False,2.7670039842298495,177.14999999997997,107.90896636493457,114.26507402563047,2.9071420977871476,177.14999999998565,108.18599599473478,114.54210365543068,114.265074,106.008701,105.679096
NGC2976,27,False,13.630089038422762,11.349999999999488,8.6574432028749,15.249116934883558,14.375955784509014,11.34999999999999,8.834812714747793,15.426486446756451,15.249117,53.909863,34.282663
NGC2998,13,True,12.090209288377286,9.332317456394959,41.82934372734556,46.95924244226863,14.439427978547602,11.793656621989285,40.63085221883954,45.760750933762615,46.959242,32.144815,56.535353
NGC3109,25,False,12.759196239851088,8.895928034200608,6.609032423390088,13.046784073126489,12.825668852402405,12.949572605054776,6.8512972671500405,13.289048916886442,13.046784,207.079446,128.782649
NGC3198,43,True,11.790272584380428,8.664449570893424,55.86261540817607,63.38501563956319,12.449851384957485,12.155316789798906,74.84066837187193,82.36306860325905,63.385016,64.608482,204.588576
NGC3521,41,False,7.019777220223682,54.32103394226131,18.461341067011908,25.888485200420526,7.008283869661522,83.52081082994432,18.473498724288227,25.900642857696845,25.888485,20.17307,24.868604
NGC3726,12,False,2.971243661320538,162.59999999999928,19.69857281729752,24.66838611687352,3.125233204120537,162.6,20.267078691920858,25.236891991496858,24.668386,25.395364,34.650077
NGC3741,21,True,17.52152681967809,3.1050847135159496,5.290754037777139,11.379798913223986,18.816830068018707,3.8389194089000505,5.097635194772988,11.186680070219834,11.379799,12.626539,27.526011
NGC3769,12,True,8.091646612460426,12.342577783258834,11.888406901467247,16.85822020104325,8.407644314026555,17.38261440246018,13.058312318545365,18.028125618121365,16.85822,16.023117,15.682208
NGC3877,13,True,24.48485351444165,1.5563754926545377,72.19678374009904,77.32668245502211,23.21676909419027,2.8412564134843943,70.58631868451553,75.7162173994386,77.326682,67.099527,89.930381
NGC3893,10,True,9.732726832011128,15.78420089825476,6.7373907447038075,11.3425609306919,9.675653803726629,24.854591386279203,6.802449151138971,11.407619337127063,11.342561,13.475098,10.81242
NGC3917,17,True,18.112830597493293,4.647494482345733,28.10212812283897,33.7685548109514,18.051853250652552,7.32973875352217,27.876623723191724,33.54305041130416,33.768555,69.829123,50.699105
NGC3949,7,False,5.533029496708832,35.349999999999994,3.817730038479139,7.709550336589766,5.82896951769902,35.34999999999967,4.0845616434750465,7.976381941585673,7.70955,6.627982,6.076555
NGC3953,8,True,40.361975226829564,1.4541055668166791,2.3597037112980863,6.518586794657757,35.25765418918992,2.8970803911495753,2.257468993081158,6.4163520764408295,6.518587,5.761567,19.463889
NGC3972,10,True,18.64884571603544,4.807695768005957,9.387615956521746,13.992786142509837,18.700585445547155,7.49363393254159,9.148334823073924,13.753505009062016,13.992786,13.766508,14.385384
NGC3992,9,True,27.911008406960104,4.483815401645364,6.3959450386898204,10.79039419336226,37.2061020509961,5.0812601502633035,4.031336114975438,8.425785269647877,10.790394,7.300596,42.197391
NGC4010,12,False,7.4169181560458775,24.92377313665982,17.196633874838152,22.166447174414152,7.393947995177239,38.61361301827778,17.202506153349393,22.172319452925393,22.166447,27.364367,30.52618
NGC4013,36,False,3.9468489461303893,121.56810011826771,26.848391265748887,34.015429142661105,4.062116974662225,155.04999999999998,27.123350914988766,34.29038879190099,34.015429,40.960024,108.212181
NGC4051,7,False,21.1271167502893,1.353863626355707,5.492444457190941,9.384264755301567,18.36674539060488,2.7679553343388177,5.347381698278506,9.239201996389133,9.384265,7.85416,10.036333
NGC4068,6,False,7.11448456512224,11.649999999999999,2.0322470093975062,5.615765947853616,7.579448632123751,11.649999999999999,2.2985670339940407,5.882085972450151,5.615766,11.084454,12.348059
NGC4085,7,False,4.946292241575122,30.999999999999996,30.316381130298502,34.208201428409126,5.261571330637035,30.999999999999996,31.115553650085516,35.00737394819614,34.208201,37.244257,38.145928
NGC4088,12,False,1.8415021874578783,107.39999999999999,38.051412255551476,43.02122555512748,1.9486267864176965,107.39999999999999,39.98936611040591,44.959179409981914,43.021226,31.512442,51.028517
NGC4100,24,True,23.32561031396538,3.893779290962775,24.802060266229912,31.158167926925803,25.71774466373603,5.461269023916956,25.410100150373957,31.766207811069847,31.158168,25.23196,53.985495
NGC4138,7,True,19.998121400922237,3.9736050764882824,4.408223726214818,8.300044024325445,19.677122575782,6.478919183533978,4.551451961933243,8.44327226004387,8.300044,8.581241,9.346768
NGC4157,17,False,3.3077381902191942,148.04999999999998,9.781843109742043,15.448269797854476,3.504202573276197,148.04999999999998,11.52771392219351,17.194140610305944,15.44827,11.68275,25.69593
NGC4183,23,True,35.78137108999933,1.623097348150686,6.231086923786813,12.502075355645111,38.29598707234615,2.318876673260746,4.404979726818491,10.67596815867679,12.502075,9.826501,40.467705
NGC4214,14,False,41.80612965146744,1.7055248725812884,14.628235778868865,19.90635043809938,55.673748417174465,1.6310273401799145,13.450409493394341,18.728524152624857,19.90635,13.329251,14.59066
NGC4217,19,False,2.0910188368955254,83.59999999999998,693.88448736594,699.7733653242728,2.1702426427526422,83.59999999999955,700.1240031628812,706.012881121214,699.773365,653.244564,684.277138
NGC4389,6,False,1.3001639161789474e-14,0.10000000000000486,83.84210225036685,87.42562118882296,1.6687781459966654e-12,0.10000000000001164,83.84210225036735,87.42562118882346,87.425621,87.460134,157.777425
NGC4559,32,True,6.745704329220363,14.396966454760369,14.302606974345009,21.23407877994446,6.698936179672849,22.758279764932066,14.58543178931177,21.516903594911224,21.234079,18.643337,21.583797
NGC5005,18,False,4.789490985672174,57.34999999999998,12.929086613411188,18.709830129203517,5.035661575429633,57.349999999999994,13.534557139224425,19.315300655016756,18.70983,17.083171,16.414404
NGC5033,22,True,14.406755365709525,8.894985889230638,125.39703016789811,131.57911507461475,15.536782322173625,12.447673634719322,153.16746448528403,159.34954939200065,131.579115,114.373028,221.674266
NGC5055,28,False,2.407832593707247,171.56446894116183,1800.1299036698183,1806.7943126901687,2.406816832147893,261.1321899630916,1799.859168836889,1806.5235778572394,1806.794313,1643.964669,2683.953554
NGC5371,19,False,199.9999999999076,0.19955299436765658,196.1318344557164,202.02071241404926,199.9999999999946,0.3634290988372292,182.03372135220565,187.92259931053852,202.020712,155.810601,320.63978
NGC5585,24,False,9.647539890963925,11.43979196641189,128.75449110459385,135.11059876528975,9.619825584367083,17.50804138978914,130.0614386952192,136.4175463559151,135.110599,164.193602,385.457546
NGC5907,19,True,16.665135356217043,6.372435888044333,137.5443383721716,143.43321633050448,20.83689739944059,7.780874141533161,117.10940541129258,122.99828336962547,143.433216,102.957152,321.175988
NGC6015,44,True,36.42905507409061,2.1690145592146197,470.1242561526744,477.6926354205109,40.090457948121646,3.0248301411302423,386.0508604466637,393.6192397145002,477.692635,355.465279,886.091759
NGC6195,23,False,2.108993974557861,182.14999999999998,56.35121211654122,62.62220054839952,2.2421583143937487,182.14999999999998,61.1952977803371,67.4662862121954,62.622201,49.660721,69.127219
NGC6503,31,True,13.554954523689757,6.975512339875921,91.54044167935812,98.40841608832842,14.688627440375482,9.305174274409113,115.77479309141322,122.64276750038351,98.408416,63.071623,101.443027
NGC6674,15,True,14.542114364106977,10.618449146865105,156.49689404869463,161.91299445089905,22.541758346011978,9.482034031566169,113.12170004601693,118.53780044822135,161.912994,182.281643,216.689422
NGC6789,4,False,63.594425559323284,3.5499999999999994,0.6234949479640417,3.396083670203823,67.3399429646871,3.5499999999999994,0.741960643851636,3.5145493660914173,3.396084,6.83345,9.084736
NGC6946,58,False,4.998324011702299,43.04395487800822,118.8171048976242,126.93799091871705,4.990328019805199,66.38695406832656,118.73438683520347,126.85527285629631,126.937991,154.642746,159.247961
NGC7331,36,False,3.1381416543759952,181.54999999999998,317.0834954664176,324.25053334332983,3.3306753385733274,181.54999999999998,344.8798505736505,352.04688845056273,324.250533,211.683293,441.968508
NGC7793,46,True,22.405225930177323,2.3494917974211424,32.25373982062849,39.911022613606676,22.005309746516044,3.844909462816711,32.87252650462956,40.529809297607756,39.911023,46.897276,38.590684
NGC7814,18,False,10.602711364070407,21.487911098696667,23.959373903394617,29.740117419186944,10.614675348118801,33.03566269565584,24.079276276937083,29.86001979272941,29.740117,25.37045,33.772666
PGC51017,6,False,13.395609590666112,0.10000000000000019,6.91376962914718,10.49728856760329,25.84565650697123,0.10000000000000002,6.666248842847511,10.249767781303621,10.497289,6.235566,252.232733
UGC00128,22,True,46.29371310453508,1.7713366380578237,92.20984370328628,98.3919286100029,45.16768393935364,2.579479210497322,67.14990266774186,73.33198757445848,98.391929,68.111203,2070.078613
UGC00191,9,True,36.78755097793396,1.2740251723056144,19.679627948897835,24.074077103570275,37.242167960066986,1.9178956637610896,18.116167962247275,22.510617116919715,24.074077,29.488303,92.681883
UGC00634,4,True,13.7579350419691,6.749700074481318,1.4469352715306134,4.2195239937703946,15.08440125908256,8.725289975481147,2.6498702098197513,5.422458932059532,4.219524,9.177158,3.752669
UGC00731,12,True,81.25308819282475,0.5330147470585206,13.862802115627911,18.83261541520391,62.04311190820904,1.0255583182456398,5.859926367921808,10.829739667497808,18.832615,8.365727,196.284073
UGC00891,5,False,8.077017788044916,15.285640400242217,1.82481746531549,5.043693290183691,8.125246629924588,22.562235836434873,1.9346408346044741,5.1535166594726745,5.043693,12.559815,57.752711
UGC01230,11,False,37.78413577204711,1.7096329731533555,9.347553899383803,14.143344444980544,41.6645975648704,2.24283128400516,9.723385948430247,14.519176494026988,14.143344,14.609265,35.38007
UGC01281,25,True,16.372820429093238,3.8237767465333863,7.0985942361121745,13.536345885848576,15.791223189463613,6.2038868150142665,2.691123104215536,9.128874753951937,8.97429,30.640316,10.857096
UGC02023,5,False,6.708752929446971,18.899999999999995,1.04222249317244,4.2610983180406405,7.157950458580797,18.899999999999995,1.1701773031544274,4.389053128022628,4.261098,5.418852,3.932299
UGC02259,8,True,135.38959296648216,0.39359129423578426,4.459236018470573,8.618119101830246,127.76890586889228,0.601610062699187,3.6469383785013614,7.805821461861033,8.618119,8.395834,90.582458
UGC02455,8,False,1.3396074876755016e-14,0.10000000000003853,188.10450510133194,192.26338818469162,1.2408121256589365e-15,0.1000000124301447,188.10450510133194,192.26338818469162,192.263388,192.427317,455.535578
UGC02885,19,True,8.238159945783137,23.545622331849426,41.74883541005585,47.63771336838873,8.750681384295245,33.47365434243979,40.50678767717329,46.39566563550618,47.637713,50.075814,43.207212
UGC02916,43,False,3.098717256188451,189.99999999999997,2059.8288445968174,2067.3512448282045,3.1765726739810662,189.99999999999997,2070.3548664866034,2077.8772667179906,2067.351245,1856.581402,2003.63508
UGC02953,115,True,13.76818744716697,13.019008452135692,721.2288410563724,730.7187053130989,14.429002725406077,18.916226987294046,659.8254798747383,669.3153441314648,730.718705,700.434409,1384.835292
UGC03205,48,True,20.942712735827854,5.363661086880478,232.55626834286835,240.29867036468414,24.11677552102974,7.114171496909217,194.79637767930274,202.53877970111853,240.29867,194.313573,379.39358
UGC03546,30,True,6.656141587615277,26.025717143603554,111.16773061690958,117.9701253802339,6.621866740164468,40.99111408700437,111.11853314091618,117.9209279042405,117.970125,109.012386,107.738789
UGC03580,47,False,4.5970069838639445,62.911858406783416,1519.5557014246106,1527.2559966280307,4.580838868079204,96.59027241913947,1522.555602721969,1530.2558979253893,1527.255997,1398.342508,2457.56759
UGC04278,25,False,14.025466208411403,9.598404577374167,21.534655353887235,27.972407003623637,14.31568750392572,13.5373911809863,20.713900883292293,27.151652533028695,27.972407,36.015858,60.833306
UGC04305,22,False,35.320073300676995,0.10000000000022011,42.30712463631322,48.48920954302985,22.499502546687417,0.2990617823563098,41.86573364398277,48.047818550699404,48.48921,45.054986,426.058775
UGC04325,8,True,110.49492468516065,0.5032463475230545,13.519510017343126,17.6783931007028,105.9483719678169,0.7815167615814905,12.742031598427488,16.90091468178716,17.678393,21.367161,76.222242
UGC04483,8,True,29.054292083216975,0.560687144465803,1.925928365919244,6.084811449278916,28.85820460768186,0.8838617041195572,1.936145468431166,6.095028551790838,6.084811,7.717694,4.841433
UGC04499,9,True,17.38655180210228,2.786191637350191,4.846981633395353,9.241430788067792,17.421296942790356,4.307681835067474,4.909099170504411,9.30354832517685,9.241431,11.706595,11.528342
UGC05005,11,True,6.142196919805735,15.308949406945946,0.6118456576662673,5.407636203263008,6.210613277892472,22.52024931320147,0.6932899654081119,5.489080511004853,5.407636,6.757297,5.131544
UGC05253,73,True,7.3168874029792255,27.394782626694077,603.3587648538024,611.9396837360993,7.285996856988121,42.467056767450046,635.2853978854678,643.8663167677646,611.939684,440.219339,585.611245
UGC05414,6,False,10.463439365487258,7.411947302835153,0.3086423198560602,3.89216125831217,10.435196846859014,11.46743704538119,0.30872305243565806,3.892241990891768,3.892161,7.834979,6.947057
UGC05716,12,True,35.53745462963664,1.3637711850913043,22.040650975177403,27.010464274753403,36.46687934063828,1.9126821444074302,20.181029144752287,25.150842444328287,27.010464,23.038485,449.821656
UGC05721,23,True,77.44286601031916,0.7896004565270218,18.728827080986623,24.999815512844922,93.85635542270701,0.8747308780270672,23.209119545030116,29.480107976888416,24.999816,26.508527,48.514641
UGC05750,11,True,9.100532726245673,6.542677483612489,2.7427623396182894,7.538552885215031,9.174924452928208,9.804490719495233,2.8352324509583853,7.631022996555126,7.538553,13.840149,8.374571
UGC05764,10,True,133.12352936843223,0.28420460502688727,51.614023339435875,56.21919352542397,114.43995362621153,0.47337596669252957,46.26657756664355,50.87174775263164,56.219194,58.47727,376.981274
UGC05829,11,True,29.164729456411212,1.1713026736907248,0.7999410494345383,5.59573159503128,26.54893808204099,2.028633877049657,0.725692420236773,5.521482965833514,5.595732,5.563897,8.736712
UGC05918,8,True,40.830741742434576,0.7207805162870596,0.7895174154322316,4.948400498791903,40.682325003022626,1.0530528188164923,0.6104086682912582,4.76929175165093,4.9484,5.037407,7.700054
UGC05986,15,True,23.237501160451856,4.765631341840739,16.00984480731811,21.42594520952253,23.562451740377092,6.990379826752723,19.74363434056052,25.15973474276494,21.425945,80.954184,51.229421
UGC05999,5,False,9.959396626634751,8.171817177347972,7.523921735500233,10.742797560368434,10.091963739709913,12.184386544674311,7.420738978800406,10.639614803668607,10.742798,10.764854,12.61233
UGC06399,9,True,21.05451681701926,3.4242260420594888,1.20755603828632,5.602005192958759,21.443133538136085,5.016022183709632,1.3513337263445986,5.745782881017037,5.602005,9.000401,4.951024
UGC06446,17,True,71.26650650175803,0.7373803837835533,4.6598656199785795,10.326292308091013,72.51195403932462,1.041965875481999,3.7852884378713334,9.451715125983766,10.326292,8.886745,48.937936
UGC06614,13,False,2.5306100461969865,322.949999999978,15.006225682475643,20.136124397398717,2.6624518104119175,322.95,15.30143338332577,20.431332098248845,20.136124,14.845213,39.655381
UGC06628,7,False,48.191742318530956,0.10000000000000002,2.380738734951463,6.272559033062089,90.49249653961682,0.10000000000000081,2.2926706529153744,6.184490951026001,6.272559,5.226515,32.643717
UGC06667,9,True,46.77644871314389,1.4676078261988295,2.7066148393071816,7.10106399397962,43.964945259384734,2.1971467053657974,2.551353191755869,6.945802346428309,7.101064,13.541654,52.022571
UGC06786,45,True,16.898303278872806,11.424917332273894,63.66017701310005,71.27350199264069,17.615890482775807,16.11782210533348,74.91458466688006,82.5279096464207,71.273502,48.48835,109.509532
UGC06787,71,True,13.180040907451396,16.963879326650577,1955.9524957523956,1964.4778555064784,13.525748255598538,24.552064276188744,1923.9137196311674,1932.4390793852501,1964.477856,2022.140077,2104.598885
UGC06818,8,False,6.724823271808559,34.9,14.61987897244073,18.778762055800403,7.1374859756467455,34.9,15.821576952960605,19.980460036320277,18.778762,25.797641,34.879868
UGC06917,11,True,20.09098813658649,3.9227579148494875,5.858337008957644,10.654127554554385,20.235918083448574,5.953854730685903,6.108980356102192,10.904770901698933,10.654128,12.027197,12.994718
UGC06923,6,False,10.972581008066648,9.094628753655398,3.118230478088395,6.701749416544505,10.936696143786005,14.123823413904546,3.115886812187537,6.699405750643647,6.701749,7.40326,6.95233
UGC06930,10,True,29.216713531557456,1.9941507881301714,2.7129162652137455,7.318086451201838,30.10159724406193,2.9828511620702027,2.621004269089358,7.22617445507745,7.318086,6.824284,13.793127
UGC06973,9,False,0.4739615115105001,39.24999999999999,655.2974358787402,659.6918850334126,0.34327922502446295,39.24999999269431,656.0332199596072,660.4276691142796,659.691885,639.179927,660.433476
UGC06983,17,True,35.518432739341314,2.0159208943003684,10.420982686536005,16.087409374648438,38.76827491897575,2.6953290454134042,10.834635374752938,16.501062062865373,16.087409,14.617745,34.431517
UGC07089,12,False,5.713270743032016,21.100727115371598,1.2623512479213497,6.232164547497351,5.7034457011585245,32.45222091444154,1.2633345205048634,6.233147820080864,6.232165,7.853786,8.113963
UGC07125,13,True,9.965052258713765,2.975886096791396,15.439587523696742,20.569486238619817,9.83191337201807,4.865923546027729,14.413944898045214,19.54384361296829,20.569486,14.517959,159.838099
UGC07151,11,True,31.95652433694498,1.2977497061809264,14.12045318785178,18.91624373344852,31.60487258318366,2.070441837573785,14.191957436472473,18.987747982069216,18.916244,31.109654,31.335834
UGC07232,4,False,28.665020501278413,4.099999999999999,2.1332827644556964,4.905871486695478,30.656151025144,4.099999999999999,2.5164606351266277,5.289049357366409,4.905871,7.576306,7.83938
UGC07261,7,True,59.10149081375298,0.68593577603915,1.2021406788152664,5.093960976925893,62.105250430274324,0.9914432273599773,0.9634080747231957,4.855228372833822,5.093961,4.135449,6.259436
UGC07323,10,False,9.533861376716503,9.464159046598194,1.7476647547492945,6.352834940737386,9.484298121422722,14.827882162738225,1.7481286446809485,6.35329883066904,6.352835,10.294866,7.98405
UGC07399,10,True,66.6813051460013,1.2870079591085402,3.903209437993079,8.50837962398117,74.32499986416288,1.5563992862154559,5.190362216510662,9.795532402498754,8.50838,12.713403,167.960757
UGC07524,31,True,24.067452486332467,2.0474517240139316,18.10606369372264,24.97403810269293,23.965360829101407,3.1309781202747353,16.261096347369225,23.129070756339516,24.974038,30.268577,73.278672
UGC07559,7,False,8.69803478927418,4.413634574874291,1.0507505942500464,4.942570892360672,8.687323428304264,6.810154242587217,1.0454932558939727,4.937313554004599,4.942571,6.055502,6.381274
UGC07577,9,False,2.307247379880312,8.449999999999998,1.3440108820487702,5.738460036721209,2.4577386147836244,8.449999999999996,1.384585218336332,5.779034373008772,5.73846,5.798413,45.909724
UGC07603,12,True,27.748627047943266,2.4279047155884372,4.564202456896912,9.534015756472913,28.46363877158587,3.415750247880681,5.500166831720549,10.46998013129655,9.534016,20.116056,21.118178
UGC07608,8,False,24.01217145320777,3.0161359552699536,1.1127470535621449,5.271630136921816,24.344738066479362,4.306837552640531,1.1240473937211273,5.282930477080798,5.27163,6.785568,4.611401
UGC07690,7,True,59.6892642404615,0.47611300672165724,1.525223817994609,5.417044116105235,61.14293604446592,0.7317761510069566,1.7150333946926106,5.606853692803237,5.417044,5.570492,8.743928
UGC07866,7,False,23.824025771395192,0.7618452085725428,0.22216258472335274,4.113982882833979,23.342811674535927,1.2333718442000292,0.22038696517323028,4.112207263283857,4.113983,4.110219,2.265341
UGC08286,17,True,62.467347011154274,0.9188398329471094,20.99417853409291,26.66060522220534,68.89422487197973,1.1735470612566532,21.135299584102597,26.801726272215028,26.660605,42.446716,112.178749
UGC08490,30,True,61.18206073513693,0.910325694585273,4.216512437924112,11.018907201248423,77.71542318923004,0.9767690206752366,5.193108511417616,11.995503274741928,11.018907,9.950316,41.229763
UGC08550,11,True,42.208853339419434,0.9830852509216917,6.30342913449648,11.09921968009322,46.42189055777412,1.2617132214320208,5.047369936562225,9.843160482158966,11.09922,11.668318,24.989922
UGC08699,41,True,13.755214492320956,9.550232160585868,35.21917199346858,42.646316126877196,13.961726565454706,14.437178730187483,33.119727199363254,40.54687133277187,42.646316,45.285853,39.592977
UGC08837,8,False,4.9691370125403544,20.999999999999996,5.466783062490009,9.625666145849681,5.271751980874998,20.999999999999996,6.328243002462942,10.487126085822613,9.625666,29.854117,40.411124
UGC09037,22,False,2.4973724315927566,139.79999999999998,128.14654836160497,134.3286332683216,2.6277469297991924,139.79999999999998,132.7654063493835,138.94749125610014,134.328633,143.048614,181.299696
UGC09133,68,True,6.833267469077978,22.775224839898826,672.2122316654534,680.6512470758056,7.326733163333504,31.59869096698813,750.1356762637791,758.5746916741314,680.651247,631.759339,1016.99972
UGC09992,5,False,117.7730070156762,0.10000000000000002,0.23636626102203284,3.4552420858902333,190.5252799908379,0.10000000000000002,0.12967833063098735,3.348554155499188,3.455242,3.255638,5.847047
UGC10310,7,True,41.59962283308288,0.9495245521984911,2.3468520717744807,6.238672369885107,40.72048802641965,1.5008355178852084,2.189847248114996,6.0816675462256224,6.238672,6.73516,11.274289
UGC11455,36,False,4.308624382304168,65.24742106063313,119.51977703513262,126.68681491204484,4.30510882387685,100.98714694986535,119.38126666195846,126.54830453887068,126.686815,177.645902,187.779016
UGC11557,12,False,1.5662742145202277,52.8,12.821316169347824,17.791129468923824,1.6584104582662802,52.8,13.055288416969201,18.0251017165452,17.791129,20.019405,53.994322
UGC11820,10,True,18.911839733852272,2.6446825028787564,40.18937209344262,44.794542279430715,18.871675633722614,4.011357079624898,33.7845239279754,38.38969411396349,44.794542,15.257631,65.018737
UGC11914,65,True,58.465052169123005,1.3867871614400977,333.5752819832452,341.9240565230365,56.872678133875006,2.4175342531084234,333.93476786674677,342.28354240653806,341.924057,311.121317,518.609521
UGC12632,15,True,42.23742044163056,1.0120576255327138,7.119055085178886,12.535155487383307,40.86523844313293,1.5590924536011141,5.4143389160349145,10.830439318239335,12.535155,9.844016,59.897639
UGC12732,16,True,33.59158767690663,1.6985221303393503,1.5323188182256415,7.077496262705203,33.27047147848429,2.512252796803114,1.1571951138519625,6.702372558331525,7.077496,8.467058,55.471258
UGCA281,7,False,32.746570277076096,0.7362602507015698,0.7417386011218563,4.633558899232483,32.622298426261494,1.1480899545540026,0.7599990269294299,4.651819325040057,4.633559,6.62346,3.312849
UGCA442,8,True,13.574367496089543,5.06718626140341,3.511447689536733,7.6703307728964045,14.299075545326408,6.64618156726408,3.674225697406331,7.833108780766002,7.670331,16.451822,37.87749
UGCA444,36,True,24.54715294306758,1.0057403404664225,9.821482616459082,16.988520493371304,25.499109844866435,1.4487630291701028,9.315889224586293,16.48292710149851,16.98852,9.209872,11.974173
