plateifu,mangaid,mngtarg1,drp3qual,z,logMstar,ba,phi,Re_arcsec,sersic_n,dapdone,dapqual,adist_mpc,inc,kpc_per_arcsec,n_star,n_gas,pa_star,e_pa_star,pa_gas,e_pa_gas,dpa,merger,ttype,sig1re,group,Re_kpc,log_sig1re,Vs_1,Vc_star,D_lo_1.0,D_mid_1.0,D_hi_1.0,D_lo_1.5,D_mid_1.5,D_hi_1.5,s_D_lo_1.0,s_D_mid_1.0,s_D_hi_1.0,s_D_lo_1.5,s_D_mid_1.5,s_D_hi_1.5,twist,pred_n1,pred_n2,FS_1.0,GM1_1.0,GM2_1.0,FS_1.5,GM1_1.5,GM2_1.5
10218-1902,1-382697,4224,0,0.0364051,10.243181962438763,0.614132,19.9269,3.07868,5.11867,True,0,104.43698120117188,53.65637303640644,0.5063247730010754,98,75,158.0,3.5,341.0,2.5,177.0,False,-1.6885102987289429,145.90621948242188,CR,1.5588119521429509,2.164073804774372,124.44902011934388,217.59223381499896,40.57478784043252,-1.0085206282466512,-42.59182909692578,14.4829305386085,-9.633009228017182,-33.74894899464291,-22.59311103612317,-12.130473098966624,5.223185398494785,21.857807560143435,15.063065683870992,2.921892629350612,3.0,26.842179471968716,28.536270234066457,20.677578708577396,17.81025157308834,18.93282536024015,28.508267675879154,26.842179471968723,28.536270234066457
10220-1901,1-153127,1552,0,0.0175908,9.492831601897253,0.800838,24.8678,2.45927,4.00794,True,0,51.61838150024414,37.67852216068149,0.2502529754804973,103,100,145.0,16.5,329.0,3.0,176.0,False,-1.6164711713790894,109.27394104003906,CR,0.6154396350099227,2.038516606489112,47.6959829309689,129.3422892240122,126.72393386170025,91.10206827973144,55.48020269776268,107.5652417765078,70.09270216709075,32.620162557673666,-120.24359019481956,-118.53836442659278,-85.98384995061039,-119.96153394502144,-75.80373424484473,-35.87357071068725,5.0,26.19051140869056,30.913351354725577,19.616468770541125,19.65903612721782,23.011719941582175,25.916803290873013,26.190511408690558,30.913351354725577
10495-6101,1-548290,1040,0,0.0520024,10.805005793024174,0.845295,26.3664,6.79471,6.0,True,0,146.44061279296875,33.046365372749115,0.7099641255209539,326,120,110.0,1.5,274.0,0.5,164.0,False,-0.9645308256149292,182.4074249267578,CR,4.824000343318481,2.2610425123865285,349.7584361344988,393.250663007259,-129.93699199866518,-79.30993579659693,-28.68287959452861,416.2637312461564,412.6974407121575,409.1311501781585,179.44835995733555,110.82215974777112,42.19595953820658,-383.2333329487835,-388.4128738150182,-395.3638335913743,25.0,,,,,,,,
10510-3704,1-189376,1552,0,0.01941,9.562159581042156,0.844699,7.70407,4.09955,2.7579,True,0,56.83144378662109,33.112088768756806,0.2755266146496143,179,177,167.0,10.5,343.0,3.5,176.0,False,1.583787441253662,60.26576614379883,CR,1.1295351330868266,1.7800706820109276,59.25910867571445,92.26369831162914,65.47297393500888,48.760264793091565,32.047555651174285,37.99745846221153,24.99288191805269,11.988305373893857,-56.697621537916014,-45.87772096405574,-35.0578203901955,-9.758629619142564,-3.61521132364064,2.528206971861275,4.0,34.43129426078081,44.713960813537845,29.081674692150784,27.93588106629106,36.2551711692105,33.97347104377952,34.43129426078081,44.713960813537845
10511-3704,1-76425,1040,0,0.028474,10.29074893910876,0.784298,140.037,7.75593,4.96522,True,0,82.46465301513672,39.28491028231506,0.3997999198968903,184,109,42.0,5.0,232.0,1.0,170.0,False,3.214176177978516,137.42044067382812,CR,3.1008201927258883,2.138051336883576,120.76652408476816,195.02325202445945,116.35769344554387,86.93792301259134,73.8859673082232,,,,-82.82650591355927,-81.09376830698176,-85.87918272002165,,,,,52.78698193552083,57.599739936164696,37.60147217174469,37.00375334518427,39.698168261859045,54.10824172945488,52.78698193552083,57.599739936164696
10517-6101,1-78715,2080,0,0.0542183,10.340378668274829,0.683101,69.5691,2.46504,6.0,True,1,152.28126525878906,48.19206872482157,0.7382804077413122,141,172,294.0,4.0,116.0,3.0,178.0,False,-0.3872660100460052,222.53778076171875,CR,1.8198907362986445,2.3474037527706466,193.8314313273815,343.94384402232834,-9.96626018139288,-46.85912266168213,-83.75198514197142,-68.80891585243104,-81.83510376202497,-94.8612916716189,65.44375444512065,73.99605310213444,88.94255476576346,-2.9000602427683475,-46.557716488176425,-90.21537273358454,1.0,46.27319965016335,51.54491688855765,31.85346465520102,36.18858641283326,39.752564969351646,41.29227199630948,46.273199650163356,51.54491688855765
10517-9102,1-78858,1040,0,0.0230007,9.877922216272186,0.715064,141.713,6.96047,3.95591,True,0,67.05350494384766,45.51828506488821,0.3250845656312325,480,197,217.0,3.5,43.0,3.5,174.0,False,0.1280981004238128,75.755126953125,CR,2.262741366539225,1.8794120303374229,121.34389454679966,138.8393398545653,-40.91259433024102,-45.7906499113478,-44.59784101461265,-51.22938273304182,-49.49387095609629,-47.758359179150766,53.174883720350536,46.231159441948165,50.1992048684905,63.634357445849474,75.23773801363677,68.49315497317727,38.0,51.78386079398602,60.95129269908943,39.50756361847047,41.72617268159443,48.933720506069605,49.10939277582485,51.78386079398602,60.95129269908943
11012-6104,1-245301,4288,0,0.039540492,10.430371877942076,0.58037686,179.17375,5.7637296,5.381576,True,0,113.0078125,56.21607061183848,0.5478773357226123,312,216,180.0,9.500000000000004,6.0,0.5,174.0,False,-0.4306782186031341,168.0951690673828,CR,3.1578168170735577,2.225555232312012,66.84013224051459,197.42872078870303,168.09351070220336,99.56580578940743,31.038100876611512,124.82169425146832,17.456613389767394,-89.90846747193359,-116.13846404902986,-73.69517041495254,-31.25187678087521,-91.48490519119792,4.362830038322102,96.66345351052074,0.0,52.94906055909516,57.73497556961037,37.70968574786397,36.9144890470441,39.566380216489875,54.44205518961422,52.94906055909516,57.73497556961037
11017-3704,1-319646,4288,0,0.02890861,9.958698068562567,0.46455252,90.770134,4.087705,2.6695607,True,0,83.67964935302734,64.66297014008688,0.4056903883679639,140,151,269.0,4.0,92.0,2.0,177.0,False,1.3928718566894531,118.74398803710938,CR,1.6583426289836678,2.074611630689294,127.165484891998,188.74493764665115,13.885379982395827,-6.899448116579288,-27.68427621555441,7.017552473235023,-3.1156894298028828,-13.248931332840828,-10.786203165882702,-1.3889180615339054,1.5161878955854888,-18.81040059251988,-22.24241184076717,-22.451704042890583,3.0,32.37348379148235,34.813900696268774,23.230072170229683,22.254681112177597,23.830195347324032,31.96002208429934,32.37348379148235,34.813900696268774
11020-1901,1-244115,1168,0,0.025058512,9.826533467077876,0.47738665,106.791794,3.537801,2.4866,True,0,72.8716812133789,63.74221465582173,0.3532918801769884,95,81,260.0,15.0,73.0,2.0,173.0,False,0.0169518291950225,133.68263244628906,CR,1.24987636698203,2.1260749889921637,45.83772355472325,150.24323323974804,133.67051741776473,53.66530928399935,-35.92630154016232,79.33543036365717,-1.6789399740419164,-82.69331031174106,-96.94097067927274,-30.95818492014124,44.61100352938655,-65.19669162739594,-8.253482038697603,37.62234576361635,1.0,36.08568737716832,41.14283525834643,28.019240337207258,29.575917044579857,33.76001232904307,35.07113555117375,36.08568737716833,41.142835258346445
11020-3703,1-244629,1168,0,0.03741112,10.482975530843389,0.43340355,77.600174,4.4791923,5.0160856,True,0,107.19407653808594,66.89443040025022,0.5196915483956679,159,71,283.0,2.0,113.0,2.0,170.0,False,3.954944133758545,144.63282775878906,CR,2.327798381948953,2.160266877304328,150.382043755464,216.96738223224813,-33.316816915122274,-26.40859329020093,-19.50036966527958,25.57070593275715,26.75961762557351,27.948529318389845,23.926979898132814,0.1035494878825851,-23.719880922367626,-20.802334894349904,-30.828547523816358,-40.85476015328277,13.0,38.53363363737304,41.09827058379701,28.38450175886769,26.720586826542995,28.40614461807895,42.37785354003412,38.533633637373036,41.09827058379701
11750-3703,1-283580,1168,0,0.023385841,9.577346826987402,0.370143,37.095688,4.8529634,1.2184758,True,0,68.1446533203125,71.46523005399605,0.3303746022415386,152,81,327.0,7.0,143.0,3.5,176.0,False,3.866008758544922,57.02035140991211,CR,1.603295852967745,1.7560298894889697,96.00763353708832,116.71053265653198,19.58208627200049,17.305421827882224,16.05658727724022,15.073153465400528,18.373324260087365,21.67349505477422,-14.677179703189305,-23.2727216604116,-32.896093511110166,-9.704906504853849,-19.21803711990735,-28.73116773496088,38.0,43.43508967491034,53.80350385578798,33.59145109771385,35.1806519740668,43.439745177354354,41.579339298321685,43.43508967491034,53.80350385578798
11758-6101,1-319587,1040,0,0.03048668,10.486966887255438,0.842698,76.90947,7.3769364,6.0,True,0,88.08055877685547,33.33192729283292,0.4270265993479215,319,295,316.0,2.0,139.0,4.5,177.0,False,0.6390584707260132,139.54563903808594,CR,3.1501480644978987,2.1447162688340464,230.35150315550945,274.69118994174875,-185.8464167793072,-222.5298350974653,-259.21325341562346,47.57352604113454,13.11099087259214,-21.351544295950244,215.2570614159748,237.28290280366392,259.30874419135307,-41.78415606367511,-14.23078494504173,13.322586173591596,68.0,48.52789178956308,51.91475828976478,33.81666316152805,30.924279002318936,32.32387727524274,50.50505137254532,48.52789178956308,51.91475828976478
11759-1902,1-225,4288,4096,0.026602052,9.608643683632732,0.4516902,4.4235535,3.6276271,2.997066,True,0,77.21681213378906,65.5845376239682,0.3743576693412576,90,52,356.0,6.500000000000005,169.0,7.5,173.0,False,1.893139600753784,68.87789154052734,CR,1.3580300263951852,1.8380798442189792,79.8948730436985,104.3734724039158,5.497202576863998,-9.2772485431599,-22.277242995247256,-4.768976535485876,-11.681466880054362,-18.59395722462288,25.53084627203612,33.18549601657574,39.06568909317885,47.7210744669375,37.46714534391819,19.971151879611007,28.0,38.92617750911334,49.206755342611565,31.353624266397183,31.705990231486762,39.94430829865997,37.992098807366744,38.92617750911334,49.206755342611565
11838-3704,1-586725,1040,4096,0.0234129,10.056067837910955,0.6219516,173.65297,3.7882662,2.737856,True,0,68.22127532958984,53.05404863737036,0.3307460762252562,184,180,0.0,8.499999999999996,187.0,1.0,173.0,False,-1.2185747623443604,139.71253967285156,CR,1.2529541813467615,2.145235387261802,51.3781789738486,149.69636949561217,157.19077786037766,86.29331221900806,11.221826160026756,97.19303351231753,20.600398897880964,-55.99223571655559,-108.09949989248526,-35.75408088052152,40.76535854905391,-43.15513864227309,11.4463289769349,66.04779659614289,2.0,36.13685184972159,41.2033901466207,28.872576168792182,29.637151163589085,34.16647338116749,35.11070339234876,36.13685184972159,41.2033901466207
11942-3702,1-135190,4288,0,0.03049852,10.15424973342847,0.6792144,69.40367,5.108996,3.648158,True,0,88.11351013183594,48.51025345617378,0.4271863520249778,185,162,293.0,4.0,108.0,2.0,175.0,False,-1.1330783367156982,105.08323669433594,CR,2.182493363750204,2.0215334411300314,120.08526205370536,173.87594206341967,44.49417704115854,19.733187410693148,-5.027802219772215,25.87754017139717,12.150744603329352,-1.576050964738484,-33.25595866335,-15.83564689715534,-3.726641976810096,-24.962938611524,-18.172441014725084,-11.381943417926152,2.0,43.55358437531071,47.87981789426545,31.858508198049574,32.33563014810121,35.28958046606524,44.80548192832638,43.55358437531071,47.87981789426547
11946-3701,1-211561,4672,0,0.03047918,9.94750410522138,0.561535,61.955704,3.8572702,3.8185256,True,0,88.05967712402344,57.6200807096603,0.42692536223815,172,137,299.0,6.5,118.0,3.0,179.0,False,0.3277550339698791,102.95263671875,CR,1.6467664773854211,2.012637473807276,91.34688281349923,155.14902804628952,2.729915409016107,-9.679251770064193,-22.08841894914447,-19.86394392990773,-18.68591409106177,-17.507884252215806,-16.776525646449336,-4.375028733353148,13.988552211476083,-37.56839391846765,-39.774889843388806,-41.981385768310005,3.0,39.59723289306324,44.75565615307754,29.487785133153785,30.989736797993466,35.2121519170472,37.801154704900824,39.59723289306324,44.75565615307754
11974-3704,1-337237,2080,4096,0.039766036,9.598427790551476,0.83241284,174.61884,2.4972968,4.150327,True,0,113.62186431884766,34.44279200941583,0.5508543429494878,150,112,349.0,8.5,156.0,3.5,167.0,False,-0.1693063527345657,53.90144729614258,CR,1.3756467879138583,1.7316004264908158,58.59526189580634,92.64727229775298,-26.849191210563845,-42.72530703354235,-56.82800508628457,-41.78559186550139,-44.188130244521446,-46.590668623541504,37.96080236194008,53.83691818491859,46.7132827661821,94.58399625368315,99.09328841685884,103.6025805800345,12.0,38.15595138930716,49.46862572185236,31.197430812721063,31.00923080429927,40.176813780350344,37.753163219945556,38.155951389307155,49.468625721852355
12071-1901,1-551121,4288,4096,0.0421037,10.443503512159518,0.8669529,52.552643,3.6986763,4.002168,True,0,119.966552734375,30.57509615518464,0.5816142604117361,93,93,311.0,3.5,139.0,2.5,172.0,False,1.8040803670883176,142.04051208496094,CR,2.151202880726917,2.152412229352416,191.06659683498577,243.1727770415729,-138.9585988433596,-111.33173109126749,-83.70486333917535,7.284721482340613,32.13570287371187,56.98668426508312,167.15599186738453,128.26805163438448,90.03398130470343,-9.801965888615657,-45.64948521962504,-80.3239243601363,123.0,34.68225060621728,36.84494220824485,25.068433626741374,23.357937268577597,24.722803255263432,37.14343474876949,34.68225060621728,36.84494220824485
12075-12705,1-34036,1168,4096,0.020970145,9.516879196346682,0.59190387,158.36078,3.4808457,4.5206475,True,0,61.28384399414063,55.34884415227046,0.2971124599934184,306,138,209.0,12.5,23.0,5.5,174.0,False,0.660550594329834,58.54777908325195,CR,1.0342026287845127,1.7675104254513845,41.221148204039736,84.63659908931027,52.7027605941621,57.7336484626736,62.7645363311851,18.234124736223137,16.33514679414747,14.436168852071798,-53.62138524048618,-52.171380821298655,-77.4664838157849,-3.5455740468701524,-17.52039754490818,-24.712180453036563,3.0,32.788031883242446,42.91830813062095,28.037075610135123,26.599250925552447,34.769345575254434,32.819885041817344,32.788031883242446,42.91830813062095
12089-3703,1-118369,2080,4098,0.04199946,9.799222488031424,0.5817635,53.50135,2.7393498,1.7939717,True,0,119.68439483642578,56.11209741723172,0.5802463203201472,118,123,127.0,5.5,313.0,6.0,174.0,False,3.014044046401977,77.64849090576172,CR,1.589497641519731,1.8901330196567336,100.97879355453269,138.00615868674214,-85.35512900162358,-78.20521617100677,-71.05530334038997,-43.320644344550985,-33.62296872895009,-23.925293113349216,99.8622094769678,85.23379343164873,70.60537738632969,45.30078037682348,35.333754207294135,29.386144337640637,42.0,42.96953570364733,50.681174781766416,32.68301179038117,34.7213232590197,40.840649012918604,40.69264779820296,42.96953570364733,50.681174781766416
12484-1901,1-409368,4240,4160,0.02615431,9.659281495497142,0.45237347,114.352104,3.694008,2.888184,True,0,75.95806884765625,65.53559849628847,0.3682551096800379,92,84,255.0,9.0,85.0,7.5,170.0,False,4.313611030578613,73.35163879394531,CR,1.3603373211989376,1.865409821127044,77.5639508630597,113.93739236554435,-28.150896971896373,-42.33168636765931,-56.51247576342223,-38.016670614832464,-39.1222651847795,-40.22785975472653,28.16372518534995,37.19232690878268,41.76206099992144,31.64344795179464,34.17137245856345,39.189578783761,14.0,39.58204838447799,49.24727382016475,31.417451145525312,32.052214644797225,39.88634816140532,38.18652627900522,39.582048384477986,49.24727382016475
12512-9102,1-92,4096,4096,0.021608172,10.287713003907111,0.5679686,59.413742,7.8177795,2.9625907,True,0,63.09981155395508,57.14245510661523,0.3059165191679099,473,246,127.0,1.5,284.0,3.0,157.0,False,0.5079051852226257,132.70687866210938,CR,2.391587892262243,2.122893434451269,170.67854859597915,219.08176876725275,-121.49381600204372,-125.538648968839,-129.58348193563432,-184.4133183039023,-187.91946065520304,-191.4256030065038,154.63707860620764,134.0986027241469,113.56012684208622,192.56273152638371,170.20082035290736,136.55200617856954,69.0,39.78473616492327,42.46129118746202,28.97219522022631,26.898137991200258,28.547331679480852,43.797724977234424,39.78473616492327,42.461291187462024
12518-1901,1-2668,4672,4096,0.028495844,9.435650577746395,0.5138447,134.71896,3.1952655,2.110517,True,0,82.5257568359375,61.11290989006556,0.4000961595798131,71,76,25.0,18.5,180.0,0.5,155.0,False,0.6418249607086182,60.6104621887207,CR,1.2784134553878712,1.7825475957613,58.35490876991859,74.02442788039622,-34.32952352042656,-23.121608946607218,-35.09569820312947,-12.860121116019023,-24.27200053312908,-35.68387995023914,49.81852499269242,30.390227810768017,34.14393445918522,19.9198280055886,26.48980207294897,33.05977614030935,171.0,35.56138404059709,47.34876277215017,30.078949838027274,29.12982340685592,38.52860677023507,35.48260875649773,35.56138404059709,47.34876277215017
12624-3701,1-415754,2336,4098,0.043922607,9.692226042406052,0.56811094,27.931915,4.847346,0.5,True,0,124.8786163330078,57.13186772200284,0.6054286167627094,114,81,68.0,4.0,261.0,4.0,167.0,False,-0.2820036113262176,75.72970581054688,CR,2.9347219837502525,1.8792662697111269,103.21611458168074,130.60381247453492,-16.37345563279423,-28.949608381139765,-39.12616610173038,-56.13480492062599,-53.8192145953072,-51.503624269988414,34.16051133293914,32.38722752328226,28.21434868587044,65.72489447395594,56.46465260236484,47.20441073077372,140.0,59.21713637902215,72.06501455918031,46.380927947620854,47.89135276866657,57.386467685555445,55.781208482663345,59.21713637902215,72.06501455918031
7957-6102,1-561039,1168,0,0.0256566,9.969858369034853,0.375966,36.334,5.6189,1.21981,True,0,74.5572509765625,71.03923801600796,0.3614637529935481,213,135,326.0,4.0,143.0,1.5,177.0,False,3.7531001567840576,79.07083129882812,CR,2.0310286816954477,1.8980163047086696,120.58176881081113,147.35179958911144,37.71706988200929,27.66470658783301,18.19715699945441,7.815664874675015,-0.1370971979280577,-8.089859270531116,-32.27770398469302,-32.36010639191588,-33.027322504936414,13.43357585921914,18.59476920461556,23.75596255001195,55.0,48.12785834716514,55.22668020864967,37.3582259232565,38.51653952544286,44.042499482081986,46.0718778251836,48.127858347165144,55.22668020864967
7960-3703,1-547295,2080,0,0.0405781,9.533583967386882,0.714246,125.614,2.98015,5.552,True,1,115.8299560546875,45.58807812072831,0.5615594737762883,127,86,245.0,19.0,54.0,5.5,169.0,False,1.5184046030044556,76.47321319580078,CR,1.6735314657744058,1.8835093384416848,61.81255964236995,104.91416231909557,13.37040604414202,-5.060298450938577,-15.6411780398971,-45.18016731733663,-35.277509806135825,-25.374852294935028,16.534153146267222,15.455848269401953,6.069192531661985,60.25520508086349,49.87104660106982,26.13111552677281,4.0,42.98172082537567,54.7375277257821,33.95321027462592,35.18429942227688,44.40805590373199,41.81747943812262,42.98172082537567,54.7375277257821
7972-3704,1-113405,2080,2,0.0424723,9.790449840925929,0.591441,28.8634,2.43736,3.80674,True,0,120.96371459960938,55.3837982067659,0.5864486375571993,115,90,157.0,13.0,328.0,3.5,171.0,False,1.614134430885315,80.49888610839844,CR,1.4293864512364154,1.9057898709228631,47.75594070854777,104.62826605941432,74.99361833229811,54.62583975260699,34.25806117291587,46.360084843662094,26.48078896254996,6.601493081437836,-38.52717266423829,-30.98692392716921,-23.446675190100123,-34.156613059719675,-22.97662731463067,-11.796641569541697,1.0,39.89431939069239,50.50272165977257,31.933901781817905,32.52760528995917,40.99341800751974,38.87133801973122,39.89431939069239,50.50272165977257
7977-3701,1-115097,4288,0,0.0274473,9.909029957699213,0.528689,59.06,4.65282,2.69354,True,0,79.5893325805664,60.033638425710784,0.3858599730543552,183,95,301.0,6.0,112.0,5.0,171.0,False,-0.8561398386955261,111.58621215820312,CR,1.7953369998267654,2.047610535519671,55.7511545385257,145.80704566578038,68.15396298908497,26.888259350353373,-14.377444288378216,59.9225482410579,41.65117959612266,23.379810951187405,-30.56501589417435,-6.531810577126947,8.882884921375497,-36.9210582083051,-36.8743650089528,-38.08465486425942,59.0,45.08039560637709,51.61143469658487,35.243602822285986,35.925799005492316,40.892005224410134,43.47470654511727,45.08039560637709,51.61143469658487
7980-1902,1-115650,1552,2,0.0268433,10.135612814169132,0.797075,102.31,3.34116,6.0,True,0,77.89446258544922,38.04882595099017,0.3776430114410066,92,59,81.0,4.5,250.0,6.0,169.0,False,-0.9951125383377076,104.7045669555664,CR,1.2617657241062334,2.0199656249486164,132.38308030194742,182.77011074776888,-103.48617241706378,-112.8083593796581,-118.2068779437668,-118.00839394072106,-56.03039218995734,5.947609560806386,141.6523134902488,155.30195364745134,165.02792540616826,115.8824648105137,43.82788977138043,-28.226685267752835,7.0,28.89454406855573,31.256650292161613,20.438222954175437,20.223243507471164,22.00529257792925,29.62662614811549,28.894544068555735,31.256650292161613
7992-3701,1-22347,2080,0,0.0437936,9.955318707771449,0.867903,157.323,2.35543,2.42972,True,0,124.53093719482422,30.462659832580275,0.6037430207344315,160,67,26.0,5.5,230.0,14.5,156.0,False,-1.2122892141342163,101.22352600097656,CR,1.422074423328502,2.0052814613673164,90.63278691170116,158.9125496952129,248.31899346847737,309.33606771549523,370.3531419625132,71.01421343160163,66.40152981917755,61.78884620675351,-213.933219361356,-292.3007450214706,-354.2465545765128,-70.61315261232424,-67.47154203161129,-64.32993145089839,85.0,35.543779976548045,39.982892439760406,27.094971496130007,27.926042401060354,31.73880379652973,34.14630042782798,35.543779976548045,39.982892439760406
7993-9101,1-41752,2080,0,0.0649659,10.551265749718675,0.708461,111.899,4.23408,6.0,True,0,180.1737823486328,46.07950569949086,0.87350714659869,335,166,60.0,5.0,255.0,1.0,165.0,False,0.8354498147964478,172.2135467529297,CR,3.698499139270581,2.236067311163177,95.22446890338414,212.5696847160837,131.07153922190514,89.83536540785619,48.599191593807234,9.17913206889222,-33.854052314121546,-76.88723669713531,-113.15860519356,-104.11934954485156,-104.0933757257475,-44.38369049922189,1.0558318679983143,46.4953542352185,6.0,58.71663978084151,64.02554405404574,44.37943355731333,40.608388816818604,43.3283314852428,61.34069623955049,58.71663978084151,64.02554405404574
8075-3704,1-119687,2080,4096,0.0399585,9.78454312106777,0.765275,152.455,3.05018,1.21671,True,0,114.14558410644533,41.06973595893714,0.5533934081304389,169,52,204.0,6.5,45.0,1.5,159.0,False,0.3470655977725982,53.58577728271485,CR,1.6879495056113023,1.7290495347060086,97.1079866387164,110.837726334717,-14.021140502143306,-28.2126983201664,-25.637492180605065,-22.48008091888245,-36.74309147852681,4.017047440704883,57.118257552591125,51.69313270908352,37.29265963931373,37.21103778617253,47.87045315036672,-5.4957049672065725,22.0,43.37901309255483,54.91751296201691,34.01741838981784,35.34932396690439,44.417131882904826,42.15059230671517,43.37901309255483,54.91751296201691
8093-3704,1-40992,1040,4096,0.0236139,10.153253728763753,0.676102,168.699,3.87641,3.47934,True,0,68.790283203125,48.764057515038026,0.3335047042427451,199,83,24.0,4.5,193.0,4.5,169.0,False,-0.3821566104888916,176.83238220214844,CR,1.2928009705736194,2.247561797577248,96.52292325420449,231.81231304081504,98.97081576790232,69.07518760781304,39.17955944772381,-8.461474344068932,-28.67693449441127,-48.89239464475361,-111.74308775322774,-100.47987373326023,-90.85474244280934,-8.050168583181268,-24.34447331287099,-40.6387780425607,51.0,22.2960363155838,23.690662260099717,17.158704304981836,15.3376437498298,16.445907189090438,24.171195640131803,22.296036315583798,23.690662260099714
8146-1902,1-201364,4288,0,0.0277225,9.638564128859295,0.686904,3.00069,3.25005,1.98051,True,0,80.36074829101562,47.87935645055333,0.3895999019568413,93,90,179.0,5.500000000000001,355.0,4.500000000000004,176.0,False,0.1905198097229004,75.32075500488281,CR,1.266219161354832,1.8769146646745665,81.93953213677177,121.15435039308522,21.406540949422364,10.940510474383336,0.474479999344287,-3.352088088439101,-7.824054510367331,-12.296020932295573,3.5028360760570934,2.3195891935194446,3.7798940386189743,13.907352856960363,9.135626830549132,5.424268570072746,10.0,38.57884619903546,47.288425912875496,30.732505844305063,31.169186479614797,38.15421778528934,37.20692202887248,38.57884619903546,47.288425912875496
8149-3703,1-145920,4672,4096,0.0266886,9.392593202509865,0.7048,108.43,3.03509,4.22596,True,0,77.4599609375,46.388591224908176,0.3755364880071024,198,81,74.0,7.5,239.0,9.5,165.0,False,0.1060246378183364,53.0291862487793,CR,1.1397870393854763,1.7245149627705263,60.50181526146922,87.36288013712789,-54.39484759860977,-81.90161818024971,-93.35827630290184,-88.8981867069653,-94.67710897523494,-85.13483072718704,52.4034539264104,72.28864395674276,76.12372152808732,85.7349322851548,86.45222173401582,71.84831066655929,26.0,34.6004919655853,45.0426379527137,29.11915538771947,28.12363298581699,36.550250395933794,34.11625640226975,34.6004919655853,45.042637952713704
8247-6103,1-217050,1024,64,0.0273577,10.506291214893626,0.766516,59.3991,6.40087,3.35213,True,0,79.33806610107422,40.95517313376302,0.3846417987857348,332,241,118.0,1.0,301.0,1.5,177.0,False,-2.053615093231201,175.38731384277344,CR,2.4620421505936467,2.2439981766735024,255.9046294132307,316.8546607125444,61.32889739337326,37.77476150564458,14.220625617915914,7.041702807773552,-22.265616661406103,-51.57293613058576,71.2106170156899,49.17678589171604,31.00085550741963,319.7503263119377,321.06701439429685,322.3837024766559,5.0,44.00452252828751,47.774651545232615,30.96009646957437,28.366404174105412,30.29547297779744,44.60270661504961,44.00452252828751,47.774651545232615
8252-3704,1-138140,2080,0,0.0467992,10.184640334343406,0.869377,138.468,3.05485,3.54255,True,0,132.60325622558594,30.287491624058283,0.6428787277783732,175,98,40.0,5.5,217.0,17.0,177.0,False,-0.85483717918396,84.64790344238281,CR,1.9638980815537637,1.9276162059809263,119.51300482384794,152.5712756398419,-75.03548088213348,-51.99882335704153,-28.9621658319496,-121.22530583450624,-97.08311324855404,-72.94092066260184,113.17248753320494,79.0983572781175,45.02422702303009,126.81625347221105,103.3012480755538,65.25567398837492,7.0,45.32058841271616,51.561372724949926,34.69282543548912,35.52761636260331,40.28041125323219,44.24128224575788,45.320588412716184,51.56137272494993
8256-12704,1-558912,1024,0,0.12611,11.211286107836402,0.510732,175.094,8.60511,6.0,True,0,325.9813842773437,61.3384742750216,1.5804023488468124,298,89,19.0,0.5,202.0,0.5,177.0,False,-1.1886872053146362,240.57167053222656,CR,13.599536056085194,2.381244483951812,150.65299280701623,303.1390368682434,107.70724227375034,-16.47009035182983,-140.64742297740997,,,,-88.33786009171448,15.721762529772862,119.78138515126014,,,,,134.1007177645387,157.76889972366052,101.18594622702834,106.08880014444807,120.2177513144622,126.92742951386197,134.1007177645387,157.76889972366052
8258-6104,1-256283,2080,0,0.061473,10.552350590580089,0.580616,109.702,3.95189,6.0,True,0,171.1875,56.19814602839641,0.8299404203493869,137,69,76.0,4.0,264.0,0.5,172.0,False,-1.5116993188858032,253.073486328125,CR,3.2798332477745387,2.4032466479454926,132.4867388368643,308.1140276395532,199.492872197378,126.48743432289358,53.83498857441749,231.4158458201688,206.96595120873408,182.51605659729944,-174.16636162547988,-109.0894912018558,-81.38443393984427,-246.9514970792899,-272.92294975094296,-298.89440242259604,27.0,53.76374926959791,58.58276549908603,37.82660122353294,36.979347636845354,39.704798827587716,52.951935189921684,53.76374926959791,58.58276549908603
8311-1901,1-523154,4224,0,0.0281846,9.884489494829577,0.84485,26.225,3.23161,4.3151,True,0,81.65489959716797,33.09544805301759,0.3958741245433256,99,69,336.0,4.5,154.0,7.5,178.0,False,-1.3576027154922483,98.91642761230467,CR,1.2793107796154566,1.995268423335451,126.40833784045616,176.10418740462822,11.273265692857091,-3.663526487846248,-18.600318668549587,-33.21822884396133,-40.24048810675141,-47.26274736954152,33.43076086674333,43.983238947111495,54.53571702747969,56.5854841726517,59.24829742722469,62.92006818913457,20.0,29.636674427140285,32.2711199111324,21.083469347877536,20.635494214515703,22.550231227934265,30.04829244736634,29.636674427140285,32.2711199111324
8314-3702,1-199775,4288,0,0.0301584,9.905111259788317,0.764885,161.036,4.08416,3.50664,True,0,87.16643524169922,41.10568731732307,0.4225948033872418,186,171,16.0,7.0,190.0,4.0,174.0,False,-0.8224405646324158,78.59479522705078,CR,1.7259447922020377,1.895393786764408,57.11918221235195,122.31334260492105,45.22886645856619,18.5365636927613,-8.155739073043613,29.04011593353433,19.66220828013256,10.284300626730785,-29.89567961157944,-21.016604378353023,-2.53962665370228,-12.801067514087684,-10.98276365374512,-9.164459793402548,9.0,45.43493271365983,55.69094522230338,34.82346133581422,36.75569961917083,44.91026824119739,43.335050309871335,45.43493271365983,55.69094522230338
8318-1901,1-284321,1168,0,0.0244567,9.792538764335696,0.600477,117.086,2.86511,4.52246,True,0,71.17314910888672,54.69936909068336,0.3450571641563726,91,66,244.0,4.0,50.0,0.5,166.0,False,-0.8822381496429443,130.53128051757812,CR,0.9886267315960648,2.1157145984811634,108.79082076495364,199.619507412351,10.746713105211152,-24.482320410873267,-59.7113539269577,-12.802698920178468,-27.373428087215792,-41.94415725425311,38.15887768775919,68.13297293295467,98.10706817815016,45.418998000300846,52.0092955847914,58.59959316928193,7.0,16.742387367988858,17.661933687876928,12.756507557860166,10.798725778718884,11.4837274985947,18.920890036627537,16.74238736798886,17.66193368787693
8318-3704,1-575704,1168,0,0.0247632,9.91895144829258,0.620028,62.4558,4.06623,3.76429,True,0,72.03851318359375,53.20257445994304,0.3492525675819592,167,99,114.0,3.5,299.0,0.5,175.0,False,0.5456040501594543,95.71142578125,CR,1.42014126787879,1.9809637858181397,110.15171890863988,165.60744534123947,62.18532291980959,69.14395345693458,76.10258399405956,-60.2575910491908,-54.29644706367144,-48.33530307815207,-47.589294592835486,-66.36865845554254,-85.14802231824959,74.04078493156796,62.00261752856391,46.584436403801774,2.0,33.55000870505462,37.09341824547669,24.60102421986815,25.09319461674514,27.93248189034623,32.63494468629311,33.55000870505462,37.093418245476684
8323-6103,1-405760,1040,0,0.0232315,9.8576376017441,0.370433,122.821,5.6741,1.3499,True,0,67.70751190185547,71.44397587969449,0.3282552808390627,220,220,242.0,2.5,38.0,3.5,156.0,False,3.4595327377319336,98.39724731445312,CR,1.8625532890089256,1.9929829491136064,140.67008269556618,170.9712398588217,3.0577292513339493,17.83301944684433,32.60830964235471,-82.81867328804312,-84.73586396401208,-86.6530546399811,23.809146559604187,-5.476692050923532,-34.76253066145123,109.9266662264526,102.82883683451904,95.25186441997867,29.0,39.17387159533311,43.02315482976313,29.60147622490764,29.021857899958125,31.580348951921117,39.10141854193356,39.17387159533311,43.02315482976313
8332-3704,1-251198,2336,0,0.0427671,9.782621663362733,0.529183,57.59,2.72026,1.66615,True,0,121.7605972290039,59.9976122872161,0.5903120335668895,99,80,304.0,8.0,136.0,0.5,168.0,False,1.8284268379211424,114.9441375732422,CR,1.605802212430667,2.0604868261097176,91.88603512692102,186.35239363670777,35.487306717373684,-0.8811038740941526,-37.24951446556199,-1.8682138365242469,-18.07942957670809,-34.29064531689193,7.407889213509158,26.343328854155786,27.639275932109754,56.25780569127748,17.836990903483034,7.597305553471482,15.0,31.960977891463013,34.403650974815406,22.77179819666428,21.650828888548922,23.177112342985094,31.923049423157398,31.960977891463013,34.403650974815406
8334-3703,1-261224,1168,2,0.0250682,9.794006779788786,0.456411,99.3748,4.74091,3.4938,True,0,72.89900207519531,65.24638469239271,0.3534243354528714,161,53,84.0,5.5,272.0,7.5,172.0,False,3.345247268676758,87.4533462524414,CR,1.6755529661918729,1.9417764316668025,103.6659671405535,143.86664384845687,-20.271835653652644,-18.75130703092537,-17.230778408198084,-85.9708666865475,-96.6996303197371,-107.4283939529267,30.2701684039372,27.55299609709945,21.579736634853838,77.2748120599433,79.97946010955067,86.2656927934843,45.0,43.86613855743721,50.25820570186205,32.98235832023239,35.38689243480505,40.647483359017436,41.47349365859693,43.86613855743721,50.25820570186205
8444-3701,1-419257,1040,0,0.0231736,9.994122622623689,0.536161,75.0134,5.27503,1.82791,True,0,67.5434799194336,59.487907045945306,0.3274600313468862,191,181,99.0,6.0,285.0,1.5,174.0,False,2.0770819187164307,118.00371551513672,CR,1.7273614891557654,2.0718956819020358,60.44769974024681,168.63644617979995,81.07937444386886,18.83334461994601,-43.41268520397684,16.865022416694988,-7.185670966596851,-31.236364349888703,-53.438082476389226,-0.6093847033289279,-23.37834907726073,-23.489426298810987,-53.20180181623617,-82.91417733366131,5.0,37.31887781571586,41.01972123771088,26.348160316462206,27.010290512354118,29.59988795707506,36.38515985347917,37.31887781571586,41.019721237710876
8446-1902,1-418253,1552,0,0.0266073,10.182503100253506,0.725481,53.6168,3.64385,4.87074,True,0,77.23155212402344,44.62263183964132,0.374429130830508,99,91,299.0,4.0,108.0,2.5,169.0,False,-2.3353819847106934,148.55287170410156,CR,1.3643635883767469,2.1718810516508933,112.40865060117552,203.47607568983008,60.60184091992183,5.808067933499724,-48.985705052922384,-4.388864469426006,-56.602144461577616,-108.81542445372924,-40.72809381132912,-24.80001549606651,12.833688246876676,6.675634440477242,54.99114197796201,103.30664951544678,3.0,23.93227219810311,25.32228011223596,16.99292640176468,15.339860593742223,16.21625515682845,25.33980960034774,23.93227219810311,25.322280112235962
8465-12704,1-576537,2336,0,0.0558079,10.33697177927909,0.34077,93.2834,5.29701,2.04436,True,0,156.4520263671875,73.64454684782132,0.7585008282012236,239,228,266.0,5.0,92.0,2.0,174.0,False,2.5390396118164062,124.79595184326172,CR,4.017786471990164,2.0962004978412154,171.5536361202642,222.09210130081647,-23.95310396833469,-41.52021579632122,-59.08732762430773,-22.75224886975408,-32.15931800090797,-41.566387132061855,27.65971001026023,34.48570797272247,41.31170593518471,31.445753755081927,35.26129919272204,39.07684463036215,35.0,62.63687598085556,68.61692341265797,47.3254825309764,43.75041304493651,46.842358677625576,64.22367766211825,62.63687598085558,68.61692341265798
8546-3704,1-91923,2080,0,0.0444204,9.92571834329714,0.748684,50.8059,3.12579,5.57885,True,0,126.2191925048828,42.57829600038772,0.6119279134496539,171,80,136.0,5.0,310.0,5.0,174.0,False,-0.6544746160507202,83.64485168457031,CR,1.9127581525817936,1.922439215426449,141.5677950186656,176.86883254479827,-17.385378105659377,-17.004584933038032,-16.62379176041669,-13.75827925591102,-6.515946040881966,0.7263871741470834,34.03681353376774,16.456281487540092,2.572210714973407,35.56839080054864,30.411577415032696,12.924631375900312,2.0,39.94826665323407,43.90621041442689,29.999471784429243,29.569072775000837,32.19513778553867,39.801648990776016,39.94826665323407,43.90621041442689
8554-3701,1-419380,1168,0,0.0235125,9.656898942807697,0.684283,71.0088,4.84438,2.66647,True,0,68.50326538085938,48.09502231776834,0.3321132025731787,190,152,111.0,4.5,285.0,5.0,174.0,False,1.9977260828018188,63.93941879272461,CR,1.6088825562814555,1.8057686842306369,98.1579872687699,119.77161981011142,-37.97225873746287,-45.25066524648532,-48.12979071777705,-48.317147073655065,-48.89715911574396,-49.47717115783285,54.73259430039124,51.01462979684997,42.80274833885184,46.112101346499706,43.34937894491726,40.586656543334826,10.0,43.51461782125692,53.83623201818204,33.62045209894762,35.226544672468734,43.43051760460488,41.648103959838025,43.51461782125692,53.83623201818204
8562-3704,1-92908,1040,0,0.0473438,10.707342750626136,0.804927,87.9134,4.37835,6.0,True,1,134.0596923828125,37.27272450123256,0.6499397295252335,166,89,183.0,6.999999999999997,356.0,2.500000000000004,173.0,False,-1.2437061071395874,216.4429168701172,CR,2.845663614766806,2.335343378023714,125.63494092914938,277.884556867346,173.827022340901,96.63069192055656,19.434361500211995,92.18689869423837,8.315221484776561,-75.55645572468526,28.042028329953865,31.46569412289483,34.88935991583601,-43.23082687716639,-74.97753989283716,-106.72425290850794,5.0,44.1156021694575,46.967421043109816,30.62444880985002,27.718805155050998,28.916316141435406,46.9593753591753,44.1156021694575,46.967421043109816
8600-1902,1-210611,1168,0,0.0269555,9.980797563041955,0.696531,136.154,2.91409,3.1558,True,0,78.2094955444336,47.08146270522278,0.379170334326167,107,92,41.0,5.5,219.0,3.0,178.0,False,-0.5376401245594025,111.60894775390624,CR,1.10493647955654,2.04769901363716,74.10345562137498,152.11674860335455,82.96225338963245,43.91687682338804,4.871500257143606,28.843638635413928,1.840321615836044,-25.16299540374183,-28.34177750811699,-1.051993610078057,26.23779028796089,10.263221045691882,23.46013400838494,36.65704697107796,1.0,33.34955471672315,38.252725525446,25.535725062292116,26.46732464830797,30.03879953318251,31.22775557038208,33.34955471672315,38.252725525446
8619-6104,1-114124,2080,0,0.0772846,10.700504692004628,0.684858,34.3697,6.03248,4.88053,True,0,211.27484130859372,48.047765090200585,1.024289335406524,321,93,302.0,2.5,93.0,2.0,151.0,False,-0.6709116101264954,159.91917419433594,CR,6.179004930053146,2.2039005384651817,45.63542835009462,190.91298446917824,-78.20555311671409,-285.82226579677945,-478.632891406742,,,,121.14994810235922,294.6310156291808,481.0982980160751,,,,90.0,88.0618682131866,100.66178297160438,66.40234838569742,66.97481098079847,74.44274841122999,85.64544719489761,88.0618682131866,100.66178297160438
8622-3704,1-118383,2080,0,0.0402731,9.734989342179276,0.616459,175.442,2.83003,5.71928,True,0,115.00112915039062,53.47752774703645,0.5575412075515405,142,79,349.0,12.000000000000004,191.0,5.5,158.0,False,-1.057821273803711,85.5062026977539,CR,1.577858343607086,1.9319976199878195,53.59468045277233,122.32182624048154,-6.481557141838563,-8.097588658294363,-9.713620174750178,10.973337864125297,19.03683701419805,27.10033616427076,-13.1102509116289,12.559157602014595,38.22856611565812,-24.203584121440883,-6.375960028437154,12.36946179988356,3.0,43.385031609265575,53.21844468579692,33.49470971758874,35.033126048185494,42.76655636264639,41.421507282271094,43.38503160926559,53.218444685796925
8623-3702,1-178790,4224,0,0.026936,9.719140619695214,0.500055,50.7426,3.88122,2.21019,True,0,78.15474700927734,62.11046290836519,0.3789049059375224,122,72,129.0,5.0,319.0,8.0,170.0,False,2.668424367904663,74.70596313476562,CR,1.4706132990228309,1.8733552691937363,79.04986636559812,116.20027290232552,8.44264243820932,6.1455278412180325,3.8484132442267343,-8.529887114793905,-7.759512839010829,-6.9891385632277645,14.50603062316143,-1.824420318794396,-18.154871260750216,24.50559521847624,6.636555995476376,-9.482507999679685,5.0,41.54540472203197,51.36198056354213,32.45118622147532,33.650810811867075,41.52474295857257,39.850166343962535,41.54540472203197,51.36198056354213
8624-3701,1-595204,1024,0,0.0285298,10.624479082617682,0.488997,62.3859,4.56362,2.60427,True,0,82.62071990966797,62.907524901501226,0.4005565535532605,182,180,308.0,1.5,146.0,5.0,162.0,False,-0.0613501258194446,162.9783935546875,CR,1.8279878989267309,2.212130032735577,189.10033177481748,255.6114922315132,-52.16742759420679,-26.728757390845512,-1.2900871874842446,-69.56510775656402,-46.14935528698464,-22.73360281740522,96.68635395103476,66.21888916846741,35.751424385900094,79.80593252454497,43.94242266745992,8.078912810374828,23.0,29.992154398058723,32.05537157199809,22.156242310011734,20.445906954911713,22.08363522462983,33.07970790351163,29.992154398058723,32.05537157199809
8652-3701,1-26390,4096,8,0.0631259,10.831748231572613,0.763952,116.032,4.95816,3.68261,True,1,175.44932556152344,41.1915947785098,0.8506023337366758,166,70,252.0,1.5,60.0,1.5,168.0,False,-0.7528769969940186,235.93331909179688,CR,4.217422467039837,2.3727892773667127,395.3895595585972,459.8228824067066,99.81970642965858,94.4949247654976,89.17014310133652,,,,-102.74996547247665,-177.79908926471987,-242.65793036510388,,,,178.0,,,,,,,,
8652-3703,1-26587,1040,8,0.0426293,10.813083700297454,0.65888,168.688,4.55039,4.45641,True,0,121.38818359375,50.15315938039612,0.5885065213128612,194,73,189.0,2.5,3.0,3.0,174.0,False,-1.8616293668746948,205.7072906494141,CR,2.6779341895168307,2.313249684172604,176.5691522044867,283.9672756800512,104.89274114121932,38.64780360585436,-27.59713392951063,117.86236901471658,51.89845764772246,-14.065453719271646,6.243833599474769,-3.8489055437335367,16.269627234502035,-44.43914900433269,-45.919228908436175,-47.3993088125397,22.0,42.1459058007213,44.93057496563339,29.079344064718754,26.815178331107795,28.08458424655525,44.52355925428934,42.1459058007213,44.93057496563339
8652-6102,1-26197,2208,8,0.0636583,10.60876771644734,0.699415,50.4025,4.06462,4.63313,True,0,176.81846618652344,46.84061923992572,0.8572401148003045,250,138,139.0,15.5,312.0,1.0,173.0,False,-0.7710668444633484,195.24729919433597,CR,3.4843553154196134,2.290585035107038,47.29545063999791,236.2747629024131,190.1540022944776,86.43515062919514,-17.2837010360873,128.58980728742978,60.10179978931881,-8.386207708792123,-129.7375364591035,-41.05507018060278,18.65750636952696,-114.58476185996174,-70.64352343894342,-26.70228501792513,3.0,55.04034481858738,59.69473257092166,39.63105443053519,37.55678715205201,39.955990888500125,56.301335883202135,55.04034481858738,59.69473257092166
8656-6101,1-600853,4160,0,0.0194424,10.030672570475328,0.652279,31.5944,6.44794,5.34507,True,0,56.92407989501953,50.67909282641551,0.2759757271767775,306,306,325.0,3.0,154.0,1.5,171.0,False,1.379830002784729,105.5754852294922,CR,1.7794749302922306,2.0235630861377376,117.58758858795916,162.90527187644983,30.30406007153245,17.68322666125072,9.09828302701908,-4.689299004789536,3.3687829496043835,11.426864903998316,15.991033061207675,30.163602634448036,21.285515386326807,13.47135556321752,4.3509771472525145,-4.769401268712516,5.0,40.04340248298645,44.52279697901203,30.548761661381388,30.76395765302877,33.95599490802815,39.245567923281136,40.04340248298645,44.52279697901203
8711-1902,1-379008,1168,0,0.0231706,9.348039921041762,0.577731,149.144,2.59109,2.00994,True,0,67.53497314453125,56.41420649451808,0.3274187893383385,83,73,27.0,10.0,208.0,3.5,179.0,False,0.8150864839553833,83.56678009033203,CR,0.8483715508666755,1.922033668698928,58.86921649611753,110.50578845823884,59.765232145256775,35.924922488412285,12.084612831567751,47.3771724536179,28.55900936021441,9.74084626681092,-30.335865106228376,-28.463883823216342,-25.72214674864253,-11.672504514254264,-4.634196127965247,2.4041122583237566,3.0,30.62319245611274,38.412305403954775,25.13300771572488,24.891525794267967,30.96720729460557,30.529196830718547,30.62319245611274,38.412305403954775
8715-3703,1-379124,2080,0,0.0545403,10.36406108258761,0.812346,83.2462,2.94652,4.06068,True,0,153.12741088867188,36.52698191916535,0.7423826375170945,181,58,280.0,5.5,125.0,8.5,155.0,False,-0.549690306186676,162.47837829589844,CR,2.1874452890968694,2.210795575705358,85.66359478228081,200.31942775866332,79.8452656252826,19.1166914288896,-41.61188276750336,25.961500927848167,-18.58473953920156,-63.13098000625124,55.84788366750354,60.88222228643859,102.75373115579012,26.60242593180182,41.27253641228752,55.94264689277313,23.0,37.31732430806164,39.826784067009385,27.097523211152787,26.04240255495007,27.63263648578371,39.99092586508297,37.317324308061636,39.826784067009385
8937-1902,1-201392,1040,0,0.0226821,9.996942688106223,0.588133,157.066,2.92907,2.51036,True,1,66.15010833740234,55.63328148617932,0.3207047752885064,95,76,198.0,3.0,22.0,10.0,176.0,False,-0.6324552297592163,116.24015045166016,CR,0.9393667361543052,2.065356163405274,117.31924555155572,180.27380139182225,62.05196106808666,98.71508441969024,135.3782077712938,-66.068888921212,-67.14341081009175,-68.21793269897148,-21.27062119005701,-79.83395269286261,-136.28957286772018,80.7943847242426,63.9610693525746,45.55171021583398,4.0,22.06379432757641,24.017955238456963,16.8792845103378,16.11238870706634,17.541759423358947,22.036751133489496,22.063794327576407,24.017955238456963
8938-6102,1-146344,2336,0,0.0452691,9.82269689017419,0.521897,25.1316,2.71978,3.33592,True,0,128.50106811523438,60.52822491045072,0.62299075859454,163,91,150.0,10.0,318.0,11.0,168.0,False,3.1349446773529053,65.01378631591797,CR,1.694397805410258,1.8130054595054987,59.06515267315056,96.19566870959652,14.651351817614026,3.60951481382449,-7.432322189965078,-21.397281321272363,-35.32222601560419,-49.24717070993601,-4.902666881790752,1.5369592091787738,7.976585300148333,24.31487851044887,30.37463632560607,42.09502566437635,13.0,42.14455391752904,54.928076088046,33.85700763531314,34.54006459515492,44.747041827006136,41.36562782280694,42.14455391752904,54.928076088046
8946-6102,1-279532,1168,0,0.0247756,10.00850649029981,0.522688,167.899,5.82981,2.00745,True,0,72.0735092163086,60.470694003281466,0.3494222331364063,307,189,192.0,2.0,12.0,1.5,180.0,False,1.8729944229125977,86.82965087890625,CR,2.037065228960953,1.9386680548327755,166.91611572231267,191.18631485206623,16.418962529957057,12.398710547878292,9.102284318709634,-23.39279544103092,-22.903826333398364,-22.41485722576582,5.528208038203328,9.254381930783673,2.3749525443558426,43.48779636624364,39.46884596478387,35.4498955633241,4.0,37.58426865397952,40.42780891888288,27.450923430881307,26.962043633382027,28.813106063962678,37.72276556972748,37.58426865397952,40.42780891888288
8980-1902,1-236099,1552,0,0.0204592,9.618199811654703,0.721158,3.20493,2.78822,3.70974,True,0,59.827545166015625,44.99589016393341,0.2900521240368306,93,51,179.0,4.500000000000006,5.0,3.000000000000008,174.0,False,3.8628275394439697,72.72612762451172,CR,0.8087291332819718,1.8616904637424927,88.05116176557402,122.62138826166924,-6.170736737453104,-13.808875059220846,-21.447013380988587,-109.42027053022116,-118.52583438967864,-127.63139824913613,15.54585133624128,15.327123769243917,13.963883059778784,113.41118394282522,111.70553095464506,109.99987796646492,2.0,30.46337764767161,37.04051316504172,24.689539069400457,24.319761675109973,29.30425720626885,29.623907739237172,30.46337764767161,37.04051316504172
8981-1902,1-404060,1168,0,0.0223856,9.077244322745347,0.538724,72.4969,3.07009,2.2675,True,0,65.30874633789062,59.30029638366541,0.3166257372072168,91,64,289.0,11.5,93.0,11.5,164.0,False,3.5787911415100098,54.85663986206055,CR,0.9720695095425044,1.739229202210224,59.48765277250687,85.3437825689431,-49.53856017252395,-70.23135982861363,-90.92415948470332,-60.2521439241551,-72.88083665222644,-85.50952938029779,60.703938695436335,72.55956696781985,72.94791009144276,80.34140238685319,73.55339936322088,66.76539633958858,3.0,31.89296472939606,41.65404174734385,27.382894637532594,25.932625254737758,33.76421314527136,32.082887236312246,31.89296472939606,41.65404174734385
8989-12701,1-174952,2208,0,0.1138,10.922784086385166,0.472851,87.5086,9.67466,6.0,True,0,298.2956237792969,64.06780545959899,1.4461779942330617,280,192,129.0,4.0,302.0,0.5,173.0,False,2.700109004974365,165.74769592285156,CR,13.99128039368683,2.2194474999428957,194.2206364338629,248.6039178448496,94.17284174803736,62.67406417819143,31.17528660834551,,,,-83.28551773479138,-55.92854644529151,-28.571575155791624,,,,12.0,134.67299164528032,162.32499043759532,104.86606856981139,109.25533055322869,126.77493183344605,127.34283926917873,134.67299164528032,162.32499043759532
8991-6103,1-188177,1040,0,0.0272949,9.977218158219188,0.735691,101.939,5.4371,6.0,True,0,79.16192626953125,43.73184229089192,0.3837878487845312,305,234,66.0,7.5,265.0,2.0,161.0,False,-0.5331332683563232,123.2807159423828,CR,2.086692912626375,2.0908951478463407,65.50587577261904,137.4467188518775,126.01639688635254,71.30178690837344,3.1856317673572203,113.6419445448102,35.49485625399797,-42.65223203681426,-60.44415182201945,-20.83489062544551,32.17591573416552,-104.31555568362892,-26.23651248159282,46.66806948127776,1.0,49.35034792343957,58.16043172885424,38.12123161701829,39.94621918999221,46.970398160061876,47.30013942989838,49.35034792343957,58.16043172885424
8997-3704,1-149557,1168,0,0.0145049,9.026888562421457,0.839778,58.0673,2.89231,2.25044,True,0,42.72255706787109,33.65050532861295,0.2071248015848681,188,105,134.0,10.5,285.0,12.5,151.0,False,1.2895156145095823,51.98727798461914,CR,0.5990691348719299,1.7158970786913703,52.87674340862017,82.18606957884218,-73.29995624379625,-102.86602384976756,-115.64439631636276,-102.90729235838867,-99.9663511256382,-94.36644666939203,72.59283868557182,94.68667730233771,102.79114821021076,102.44192475318688,95.89076584306244,58.739806483036446,31.0,24.723445617838777,32.32262118958826,21.87660861689399,20.326991505968202,26.285834261358065,26.031371400032867,24.723445617838777,32.32262118958826
9025-3701,1-272473,2080,0,0.0444465,9.972771955950364,0.438096,155.876,4.58687,1.91562,True,1,126.2894287109375,66.55821456708169,0.6122684281856993,126,175,42.0,7.0,205.0,1.5,163.0,False,1.4273386001586914,130.6435546875,CR,2.8083956851921386,2.116087988631272,139.1491904434833,210.1423387224911,59.45786975327314,23.959834855129003,-11.538200043015117,58.13864378078936,38.92914996309074,19.71965614539206,-84.44626966735156,-70.05683295562716,-54.49231430486,-52.26513723319188,-35.839607032446374,-19.41407683170079,10.0,45.73476926193327,49.08324400557318,32.361634396910745,31.152721686951892,32.988882868424255,49.12109580652731,45.734769261933266,49.08324400557318
9026-3704,1-94690,4672,0,0.0314593,9.90640562239346,0.52005,58.5504,3.93232,2.53215,True,0,90.78463745117188,60.66249232175201,0.4401363427089728,157,140,294.0,12.0,118.0,2.0,176.0,False,2.3804736137390137,111.11012268066406,CR,1.730756943161348,2.0457536271144905,56.23582655984725,133.13185755936448,106.64578186890238,55.45342004643443,4.480619103203376,62.91339887972231,22.223481085543515,-18.466436708635296,-91.6688885544944,-54.73908495335058,-18.02884223144366,-57.48497961841088,-25.044053885899487,2.197254148721715,1.0,45.07053918475179,53.70591559822116,34.17939506038083,36.433105490806454,43.3169040093028,42.868446126818846,45.07053918475179,53.70591559822117
9039-1902,1-263219,2080,0,0.0616178,10.533759352099317,0.672816,165.491,2.1218,5.90852,True,0,171.5615234375,49.03107388813181,0.831753737144943,83,78,13.0,3.0,165.0,3.5,152.0,False,-2.187065362930298,273.5128479003906,CR,1.7648150794741402,2.436977731551316,232.4501858009031,426.1158169587797,-152.99555595636284,-248.6930714600644,-344.39058696376577,-250.7761351164873,-310.9995902933396,-371.22304547019183,238.97317037671667,304.94166711229883,370.9101638478808,283.70970659319124,311.4637607595058,339.21781492582033,11.0,,,,,,,,
9039-9102,1-593805,1040,0,0.0317065,10.61254863845982,0.754036,106.753,7.0015,5.07326,True,0,91.47088623046876,42.09620459487594,0.4434633706774512,470,107,262.0,1.0,102.0,0.5,160.0,False,0.2496446520090103,168.94427490234375,CR,3.104908789798175,2.227743479209769,255.2281288269979,298.7620172129857,1429.8903819158384,1426.2191385823244,1422.5478952488104,,,,-1317.631050055528,-1365.2929338527738,-1412.9548176500198,,,,13.0,52.798234677037705,57.61270651625363,37.724335441221896,38.28383081230017,41.36371442123546,51.112783504026545,52.798234677037705,57.61270651625363
9040-1901,1-296799,4096,0,0.0309552,9.376314111122856,0.699587,121.793,2.53536,6.0,True,0,89.38392639160156,46.82622833217821,0.4333455038593615,100,90,249.0,17.0,96.0,12.0,153.0,False,-0.3329921662807464,50.99934387207031,CR,1.0986868566648709,1.7075645887533817,41.98351716854496,42.68647083637732,-8.401799895889699,25.679058721282868,37.44144342176943,-3.320618703531217,14.013633960940837,12.74031446436375,15.679070223952955,-28.81985171063628,-52.9627784295168,-2.505265398571691,-28.661151228929267,-30.02271554112069,33.0,31.87460263084024,43.32826594316917,27.08618418092383,25.685320616993508,34.95963857220565,32.743470094606984,31.87460263084024,43.32826594316917
9046-12703,1-296301,2048,0,0.0994905,10.900435954780733,0.818004,115.252,11.7206,6.0,True,0,265.08746337890625,35.94963218702898,1.2851802893671689,304,129,102.0,0.5,264.0,0.5,162.0,False,-1.350777268409729,209.22740173339844,CR,15.063084099556836,2.3206185618505835,188.3202861301837,353.84753381877186,1646.642302148995,1634.38318799795,1623.877598781506,-237.3561296876429,-247.76995315888004,-258.1837766301172,-1567.525289700265,-1631.9345310069805,-1643.5969585692912,200.01658735296624,200.3883289648832,223.35428864562996,3.0,140.16316586051497,161.7108804979452,106.51868960798217,108.67504037888307,120.79702246345829,134.75596719251337,140.16316586051497,161.7108804979452
9087-3702,1-317979,2080,0,0.037064,9.498481480516563,0.64236,64.3023,3.00608,2.69124,True,0,106.24352264404295,51.46307752989709,0.5150831330710282,121,52,125.0,11.0,306.0,10.5,179.0,False,1.264177680015564,60.92662048339844,CR,1.5483811046621565,1.7848070890695436,63.7419110386839,89.92369122424346,37.24603441720173,22.67411587319534,8.10219732918897,14.512548740600357,-0.1598616309876853,-14.83227200257574,-8.726091918102398,1.374184114079018,-0.9642917488217702,2.5682321799172403,-3.071824006836926,-8.71188019359108,31.0,40.00547282672499,52.38643460917361,32.75081345530658,32.83764055266914,42.728732546268986,39.63273714184081,40.005472826725,52.38643460917361
9095-3703,1-318434,1152,0,0.0319131,10.253437358211718,0.806617,52.8568,4.25813,5.81156,True,0,92.04411315917967,37.1039407140698,0.4462424532516458,194,101,305.0,3.5,136.0,2.5,169.0,False,-2.228357076644897,168.67723083496094,CR,1.9001583774644308,2.227056462612166,179.99809462819857,257.80581813176366,69.48494972276144,30.19981154224532,-9.085326638270796,64.49282752000589,34.7294767040657,4.966125888125497,99.22713130696025,119.43847509578458,139.64981888460895,84.27313406452474,107.23483756548217,125.71120759091724,22.0,32.31860032712166,34.66773242557856,24.204847970562827,22.859545948589624,24.768482087787948,34.9167517493042,32.31860032712166,34.66773242557856
9196-1901,1-24547,4288,0,0.0300519,10.169665618790413,0.570124,109.473,3.1957,3.62058,True,0,86.86972045898438,56.98203874932611,0.4211562895267658,93,67,249.0,3.0,47.0,10.0,158.0,False,-0.9468048214912416,161.40773010253906,CR,1.3458891544406857,2.207924330017317,146.128406155798,232.78928548408604,-45.40751770357111,-95.9539110656597,-146.50030442774826,-83.32927281996682,-119.00909732469886,-154.68892182943085,31.353805615859507,57.14974963360937,82.94569365135918,61.36786110579146,83.74059310604447,106.11332510629744,31.0,22.671068990083068,24.04391559178737,17.18865361435535,15.01315549342261,16.002180604026606,24.57547599937894,22.671068990083068,24.043915591787375
9495-6101,1-298482,1168,0,0.0155937,9.247916828948654,0.638762,174.125,6.16673,1.68447,True,0,45.86890411376953,51.74566259017419,0.2223787225185694,290,85,358.0,8.000000000000007,160.0,10.0,162.0,False,2.0356380939483643,33.65694808959961,CR,1.3713495395169375,1.5270747329132086,51.90599328092243,81.6118724303026,11.040948902094035,0.1954412334447338,15.923278181512751,,,,-16.839872240097016,-6.1684926998699,-22.070457776360104,,,,121.0,37.6842488779442,49.5684017077077,31.226318560329503,30.771993827091265,40.25865630083749,37.46064492691925,37.6842488779442,49.5684017077077
9502-3701,1-556703,4160,0,0.0184405,9.897411539786017,0.658912,153.225,4.54851,3.80801,True,0,54.05613327026367,50.1506013301568,0.2620715295730419,191,118,30.0,3.5,205.0,4.5,175.0,False,-0.8034688234329224,109.00879669189452,CR,1.1920349729782769,2.0374615456525405,121.21143753827842,179.48726229250926,-39.830227462589626,-68.62149473003439,-97.41276199747912,-75.75249537075489,-97.80828228079298,-119.86406919083107,99.90110730254348,102.21730986281148,107.23384111003428,120.79029055878476,128.8677970766484,136.945303594512,10.0,28.20998810937713,30.668391720282244,20.072614189120976,19.514853588554505,21.31380846989503,29.020753207467166,28.209988109377132,30.668391720282244
9506-1902,1-386154,4288,0,0.0271732,9.612486104064995,0.752072,142.56,3.01198,3.60625,True,0,78.82049560546875,42.273603064131045,0.382132546213653,99,75,23.0,7.5,205.0,7.0,178.0,False,1.585161209106445,73.97198486328125,CR,1.1509755865445987,1.869067272123636,53.8814400523784,107.42243906671814,19.978714277828995,-4.749261300616534,-29.47723687906208,-2.702503875991394,-13.945883746686471,-25.18926361738155,5.809803676054578,20.86337169476885,34.621489126618215,17.946038075441088,25.881722333160003,29.05664842744564,3.0,35.79684401141006,45.20261710654551,29.125484580943695,29.098089460807927,36.58268213424351,34.45798112179657,35.79684401141006,45.20261710654551
9513-1901,1-42626,1040,0,0.0207535,9.823972794656555,0.744576,30.6438,2.78476,3.45012,True,0,60.66658020019531,42.9455334095348,0.2941198806718357,96,82,149.0,5.5,339.0,5.5,170.0,False,-0.8215956687927246,107.94764709472656,CR,0.8190532788997013,2.03321318057564,75.84986969815154,146.8079637094216,11.967076428714286,-15.134935597964278,-42.23694762464288,-11.27440744502542,-30.38486666637845,-49.49532588773148,34.286595324062084,54.14710949682716,74.00762366959232,38.81393438063483,46.33872146612917,53.86350855162349,0.0,30.289225101379596,34.69425729788121,21.767432539075486,23.327281899290096,26.12375310623001,28.670150609104258,30.289225101379593,34.69425729788121
9513-6104,1-42583,1040,0,0.0323373,10.397195859345285,0.726547,60.608,6.05029,5.412,True,0,93.22018432617188,44.530240502238,0.4519442071688085,320,143,297.0,3.5,104.0,3.0,167.0,False,-1.857083082199097,169.93991088867188,CR,2.7343935171913705,2.23029538618627,157.60235849859626,239.23060477689208,109.82346741494511,65.25012560628772,20.67678379763033,78.08091565849031,28.532399148881343,-21.01611736072764,-36.53029423008002,-7.141471414782451,22.24735140051513,-101.98026025469824,-99.4940089886894,-97.00775772268057,43.0,44.11265590746123,47.23331900357957,32.532598690093195,29.9779446151975,31.741582578327584,46.00093474956055,44.11265590746123,47.233319003579574
9514-12702,1-42078,2080,0,0.0995751,10.850138751445124,0.529843,158.151,5.21664,1.48693,True,1,265.287109375,59.94946852374414,1.2861482004700184,130,239,329.0,14.0,124.0,0.5,155.0,False,1.2245310544967651,158.54922485351562,CR,6.7093721484999165,2.200164123104427,87.06250000099227,216.3351954584621,-85.95149349821975,-97.14015458099048,-108.32881566376123,-200.9529731395967,-201.9440320659104,-202.9350909922241,88.1447378492446,89.56739494241384,90.99005203558312,203.2439476295886,197.54775542777756,191.8515632259665,175.0,91.21688524240317,103.71098457381648,68.93243630624465,68.54690905044536,75.7250321306185,88.30743549577677,91.21688524240317,103.71098457381649
9866-3701,1-271717,2080,0,0.0493778,10.143058539941675,0.716497,28.0314,2.93538,3.77822,True,0,139.48239135742188,45.39583386240421,0.6762297160395263,158,90,329.0,3.0,151.0,2.0,178.0,False,-0.5538973212242126,111.4303741455078,CR,1.9849911838681047,2.0470035887349343,120.48538027403671,184.428348387895,34.786484905768454,15.241176875675432,-4.304131154417605,10.875769375848334,2.7805246128894234,-5.314720150069514,-51.94011407667149,-34.99695966812783,-4.746696153773667,-83.74783097233876,-66.7286981236897,-49.70956527504064,8.0,39.08668375530433,42.44172175807036,29.076749753855726,28.290800626729308,30.39562451263965,38.435985833771156,39.08668375530433,42.44172175807036
9881-3703,1-458301,1168,0,0.0264207,10.037386652582375,0.724021,120.628,3.97837,3.17501,True,0,76.70713806152344,44.74894527556538,0.3718866997098457,189,137,55.0,2.5,248.0,3.0,167.0,False,0.6418703198432922,107.89625549316406,CR,1.479502889524659,2.033006372886111,152.7221584642189,197.5288106388527,-8.795860235132949,-20.024102146792128,-31.25234405845132,-22.940141855756973,-26.62294925958154,-30.3057566634061,28.061780972878427,27.916397605754373,36.0901974772609,24.187148659359494,29.055115273436176,28.26791716124312,20.0,27.10427982645587,28.88701485075966,19.5705324569591,17.565094346864225,18.61845564714374,27.864959332350058,27.10427982645587,28.88701485075966
9893-3703,1-326103,1040,0,0.0375402,10.707739603048942,0.630998,64.9333,4.4911,3.25621,True,0,107.54735565185548,52.35232687313683,0.521404293871725,198,68,295.0,1.5,120.0,5.0,175.0,False,-0.6050224900245667,270.7311706542969,CR,2.341678824207305,2.4325382611780526,204.88128550477205,367.58120823861776,-132.0846640361983,-185.65376107612573,-239.2228581160532,-304.53356173182686,-341.8679162936951,-379.20227085556337,201.49464830403852,210.96547266104832,202.0748451610812,293.18581375645084,206.87399569501576,204.31890906749456,35.0,,,,,,,,
